3,2013-07-25T00:00:00.000+05:30,12111,COMPLETE
5,2013-07-25T00:00:00.000+05:30,11318,COMPLETE
6,2013-07-25T00:00:00.000+05:30,7130,COMPLETE
7,2013-07-25T00:00:00.000+05:30,4530,COMPLETE
15,2013-07-25T00:00:00.000+05:30,2568,COMPLETE
17,2013-07-25T00:00:00.000+05:30,2667,COMPLETE
22,2013-07-25T00:00:00.000+05:30,333,COMPLETE
26,2013-07-25T00:00:00.000+05:30,7562,COMPLETE
28,2013-07-25T00:00:00.000+05:30,656,COMPLETE
32,2013-07-25T00:00:00.000+05:30,3960,COMPLETE
35,2013-07-25T00:00:00.000+05:30,4840,COMPLETE
45,2013-07-25T00:00:00.000+05:30,2636,COMPLETE
56,2013-07-25T00:00:00.000+05:30,10519,COMPLETE
63,2013-07-25T00:00:00.000+05:30,1148,COMPLETE
65,2013-07-25T00:00:00.000+05:30,5903,COMPLETE
67,2013-07-25T00:00:00.000+05:30,1406,COMPLETE
71,2013-07-25T00:00:00.000+05:30,8646,COMPLETE
72,2013-07-25T00:00:00.000+05:30,4349,COMPLETE
76,2013-07-25T00:00:00.000+05:30,6898,COMPLETE
80,2013-07-25T00:00:00.000+05:30,3007,COMPLETE
83,2013-07-25T00:00:00.000+05:30,1265,COMPLETE
88,2013-07-25T00:00:00.000+05:30,3809,COMPLETE
91,2013-07-25T00:00:00.000+05:30,8912,COMPLETE
92,2013-07-25T00:00:00.000+05:30,6932,COMPLETE
95,2013-07-25T00:00:00.000+05:30,9032,COMPLETE
98,2013-07-25T00:00:00.000+05:30,5243,COMPLETE
102,2013-07-25T00:00:00.000+05:30,8027,COMPLETE
105,2013-07-26T00:00:00.000+05:30,8220,COMPLETE
107,2013-07-26T00:00:00.000+05:30,1845,COMPLETE
110,2013-07-26T00:00:00.000+05:30,2746,COMPLETE
114,2013-07-26T00:00:00.000+05:30,2091,COMPLETE
118,2013-07-26T00:00:00.000+05:30,1737,COMPLETE
124,2013-07-26T00:00:00.000+05:30,2374,COMPLETE
126,2013-07-26T00:00:00.000+05:30,610,COMPLETE
135,2013-07-26T00:00:00.000+05:30,7738,COMPLETE
137,2013-07-26T00:00:00.000+05:30,4211,COMPLETE
139,2013-07-26T00:00:00.000+05:30,7933,COMPLETE
141,2013-07-26T00:00:00.000+05:30,12128,COMPLETE
143,2013-07-26T00:00:00.000+05:30,10495,COMPLETE
146,2013-07-26T00:00:00.000+05:30,8177,COMPLETE
149,2013-07-26T00:00:00.000+05:30,11431,COMPLETE
152,2013-07-26T00:00:00.000+05:30,3611,COMPLETE
153,2013-07-26T00:00:00.000+05:30,8876,COMPLETE
160,2013-07-26T00:00:00.000+05:30,6762,COMPLETE
163,2013-07-26T00:00:00.000+05:30,3348,COMPLETE
171,2013-07-26T00:00:00.000+05:30,1980,COMPLETE
172,2013-07-26T00:00:00.000+05:30,11382,COMPLETE
174,2013-07-26T00:00:00.000+05:30,3358,COMPLETE
175,2013-07-26T00:00:00.000+05:30,384,COMPLETE
178,2013-07-26T00:00:00.000+05:30,8503,COMPLETE
179,2013-07-26T00:00:00.000+05:30,6506,COMPLETE
182,2013-07-26T00:00:00.000+05:30,10984,COMPLETE
183,2013-07-26T00:00:00.000+05:30,12105,COMPLETE
184,2013-07-26T00:00:00.000+05:30,210,COMPLETE
186,2013-07-26T00:00:00.000+05:30,1104,COMPLETE
207,2013-07-26T00:00:00.000+05:30,11643,COMPLETE
210,2013-07-26T00:00:00.000+05:30,10102,COMPLETE
214,2013-07-26T00:00:00.000+05:30,3925,COMPLETE
218,2013-07-26T00:00:00.000+05:30,3935,COMPLETE
220,2013-07-26T00:00:00.000+05:30,1383,COMPLETE
225,2013-07-26T00:00:00.000+05:30,11275,COMPLETE
231,2013-07-26T00:00:00.000+05:30,3960,COMPLETE
233,2013-07-26T00:00:00.000+05:30,12316,COMPLETE
236,2013-07-26T00:00:00.000+05:30,9785,COMPLETE
239,2013-07-26T00:00:00.000+05:30,5058,COMPLETE
247,2013-07-26T00:00:00.000+05:30,173,COMPLETE
248,2013-07-26T00:00:00.000+05:30,11707,COMPLETE
250,2013-07-26T00:00:00.000+05:30,11668,COMPLETE
252,2013-07-26T00:00:00.000+05:30,9708,COMPLETE
253,2013-07-26T00:00:00.000+05:30,45,COMPLETE
254,2013-07-26T00:00:00.000+05:30,9395,COMPLETE
255,2013-07-26T00:00:00.000+05:30,10346,COMPLETE
258,2013-07-26T00:00:00.000+05:30,1137,COMPLETE
259,2013-07-26T00:00:00.000+05:30,3454,COMPLETE
261,2013-07-26T00:00:00.000+05:30,5128,COMPLETE
263,2013-07-26T00:00:00.000+05:30,8026,COMPLETE
264,2013-07-26T00:00:00.000+05:30,230,COMPLETE
266,2013-07-26T00:00:00.000+05:30,11085,COMPLETE
270,2013-07-26T00:00:00.000+05:30,5689,COMPLETE
271,2013-07-26T00:00:00.000+05:30,815,COMPLETE
279,2013-07-26T00:00:00.000+05:30,10372,COMPLETE
283,2013-07-26T00:00:00.000+05:30,11466,COMPLETE
287,2013-07-26T00:00:00.000+05:30,8122,COMPLETE
288,2013-07-26T00:00:00.000+05:30,8667,COMPLETE
290,2013-07-26T00:00:00.000+05:30,6446,COMPLETE
296,2013-07-26T00:00:00.000+05:30,6665,COMPLETE
298,2013-07-26T00:00:00.000+05:30,4967,COMPLETE
301,2013-07-26T00:00:00.000+05:30,11999,COMPLETE
302,2013-07-26T00:00:00.000+05:30,3577,COMPLETE
304,2013-07-26T00:00:00.000+05:30,1869,COMPLETE
306,2013-07-26T00:00:00.000+05:30,137,COMPLETE
309,2013-07-26T00:00:00.000+05:30,10396,COMPLETE
310,2013-07-26T00:00:00.000+05:30,1256,COMPLETE
311,2013-07-26T00:00:00.000+05:30,410,COMPLETE
312,2013-07-26T00:00:00.000+05:30,1122,COMPLETE
317,2013-07-26T00:00:00.000+05:30,1450,COMPLETE
319,2013-07-26T00:00:00.000+05:30,10445,COMPLETE
322,2013-07-26T00:00:00.000+05:30,2864,COMPLETE
324,2013-07-26T00:00:00.000+05:30,76,COMPLETE
328,2013-07-26T00:00:00.000+05:30,1149,COMPLETE
330,2013-07-26T00:00:00.000+05:30,5175,COMPLETE
332,2013-07-26T00:00:00.000+05:30,4171,COMPLETE
337,2013-07-26T00:00:00.000+05:30,6747,COMPLETE
338,2013-07-26T00:00:00.000+05:30,4666,COMPLETE
343,2013-07-26T00:00:00.000+05:30,10952,COMPLETE
346,2013-07-26T00:00:00.000+05:30,3646,COMPLETE
347,2013-07-27T00:00:00.000+05:30,11662,COMPLETE
348,2013-07-27T00:00:00.000+05:30,12120,COMPLETE
349,2013-07-27T00:00:00.000+05:30,9103,COMPLETE
350,2013-07-27T00:00:00.000+05:30,10672,COMPLETE
351,2013-07-27T00:00:00.000+05:30,12049,COMPLETE
357,2013-07-27T00:00:00.000+05:30,2685,COMPLETE
360,2013-07-27T00:00:00.000+05:30,8020,COMPLETE
368,2013-07-27T00:00:00.000+05:30,5783,COMPLETE
369,2013-07-27T00:00:00.000+05:30,189,COMPLETE
372,2013-07-27T00:00:00.000+05:30,776,COMPLETE
385,2013-07-27T00:00:00.000+05:30,10667,COMPLETE
388,2013-07-27T00:00:00.000+05:30,2790,COMPLETE
389,2013-07-27T00:00:00.000+05:30,4435,COMPLETE
395,2013-07-27T00:00:00.000+05:30,3934,COMPLETE
403,2013-07-27T00:00:00.000+05:30,4178,COMPLETE
405,2013-07-27T00:00:00.000+05:30,9498,COMPLETE
406,2013-07-27T00:00:00.000+05:30,9023,COMPLETE
412,2013-07-27T00:00:00.000+05:30,9397,COMPLETE
416,2013-07-27T00:00:00.000+05:30,1561,COMPLETE
418,2013-07-27T00:00:00.000+05:30,4269,COMPLETE
420,2013-07-27T00:00:00.000+05:30,4632,COMPLETE
422,2013-07-27T00:00:00.000+05:30,9664,COMPLETE
426,2013-07-27T00:00:00.000+05:30,10419,COMPLETE
427,2013-07-27T00:00:00.000+05:30,6681,COMPLETE
428,2013-07-27T00:00:00.000+05:30,3487,COMPLETE
432,2013-07-27T00:00:00.000+05:30,1197,COMPLETE
437,2013-07-27T00:00:00.000+05:30,5351,COMPLETE
438,2013-07-27T00:00:00.000+05:30,8256,COMPLETE
439,2013-07-27T00:00:00.000+05:30,9353,COMPLETE
440,2013-07-27T00:00:00.000+05:30,7290,COMPLETE
442,2013-07-27T00:00:00.000+05:30,8098,COMPLETE
444,2013-07-27T00:00:00.000+05:30,10004,COMPLETE
448,2013-07-27T00:00:00.000+05:30,7167,COMPLETE
452,2013-07-27T00:00:00.000+05:30,5128,COMPLETE
458,2013-07-27T00:00:00.000+05:30,5358,COMPLETE
459,2013-07-27T00:00:00.000+05:30,3687,COMPLETE
463,2013-07-27T00:00:00.000+05:30,8709,COMPLETE
464,2013-07-27T00:00:00.000+05:30,7114,COMPLETE
468,2013-07-27T00:00:00.000+05:30,7305,COMPLETE
473,2013-07-27T00:00:00.000+05:30,5359,COMPLETE
478,2013-07-27T00:00:00.000+05:30,7657,COMPLETE
479,2013-07-27T00:00:00.000+05:30,11138,COMPLETE
490,2013-07-27T00:00:00.000+05:30,9709,COMPLETE
493,2013-07-27T00:00:00.000+05:30,1180,COMPLETE
495,2013-07-27T00:00:00.000+05:30,7242,COMPLETE
496,2013-07-27T00:00:00.000+05:30,615,COMPLETE
497,2013-07-27T00:00:00.000+05:30,846,COMPLETE
499,2013-07-27T00:00:00.000+05:30,8920,COMPLETE
502,2013-07-27T00:00:00.000+05:30,7196,COMPLETE
504,2013-07-27T00:00:00.000+05:30,6288,COMPLETE
508,2013-07-27T00:00:00.000+05:30,6970,COMPLETE
509,2013-07-27T00:00:00.000+05:30,10739,COMPLETE
512,2013-07-28T00:00:00.000+05:30,12000,COMPLETE
513,2013-07-28T00:00:00.000+05:30,10479,COMPLETE
516,2013-07-28T00:00:00.000+05:30,9204,COMPLETE
518,2013-07-28T00:00:00.000+05:30,5257,COMPLETE
519,2013-07-28T00:00:00.000+05:30,4780,COMPLETE
520,2013-07-28T00:00:00.000+05:30,8074,COMPLETE
521,2013-07-28T00:00:00.000+05:30,6497,COMPLETE
522,2013-07-28T00:00:00.000+05:30,12300,COMPLETE
523,2013-07-28T00:00:00.000+05:30,4477,COMPLETE
524,2013-07-28T00:00:00.000+05:30,7622,COMPLETE
526,2013-07-28T00:00:00.000+05:30,7259,COMPLETE
533,2013-07-28T00:00:00.000+05:30,6770,COMPLETE
534,2013-07-28T00:00:00.000+05:30,6896,COMPLETE
535,2013-07-28T00:00:00.000+05:30,66,COMPLETE
537,2013-07-28T00:00:00.000+05:30,10437,COMPLETE
540,2013-07-28T00:00:00.000+05:30,121,COMPLETE
541,2013-07-28T00:00:00.000+05:30,4985,COMPLETE
545,2013-07-28T00:00:00.000+05:30,11642,COMPLETE
547,2013-07-28T00:00:00.000+05:30,7220,COMPLETE
551,2013-07-28T00:00:00.000+05:30,2867,COMPLETE
553,2013-07-28T00:00:00.000+05:30,7307,COMPLETE
556,2013-07-28T00:00:00.000+05:30,7838,COMPLETE
557,2013-07-28T00:00:00.000+05:30,4855,COMPLETE
558,2013-07-28T00:00:00.000+05:30,4562,COMPLETE
573,2013-07-28T00:00:00.000+05:30,5964,COMPLETE
576,2013-07-28T00:00:00.000+05:30,7191,COMPLETE
588,2013-07-28T00:00:00.000+05:30,6348,COMPLETE
589,2013-07-28T00:00:00.000+05:30,5609,COMPLETE
591,2013-07-28T00:00:00.000+05:30,6431,COMPLETE
599,2013-07-28T00:00:00.000+05:30,8005,COMPLETE
600,2013-07-28T00:00:00.000+05:30,3506,COMPLETE
601,2013-07-28T00:00:00.000+05:30,8977,COMPLETE
602,2013-07-28T00:00:00.000+05:30,6690,COMPLETE
605,2013-07-28T00:00:00.000+05:30,2879,COMPLETE
606,2013-07-28T00:00:00.000+05:30,1157,COMPLETE
608,2013-07-28T00:00:00.000+05:30,10388,COMPLETE
611,2013-07-28T00:00:00.000+05:30,8422,COMPLETE
613,2013-07-28T00:00:00.000+05:30,460,COMPLETE
615,2013-07-28T00:00:00.000+05:30,2827,COMPLETE
620,2013-07-28T00:00:00.000+05:30,11346,COMPLETE
621,2013-07-28T00:00:00.000+05:30,7916,COMPLETE
629,2013-07-28T00:00:00.000+05:30,6772,COMPLETE
630,2013-07-28T00:00:00.000+05:30,3449,COMPLETE
633,2013-07-28T00:00:00.000+05:30,12249,COMPLETE
634,2013-07-28T00:00:00.000+05:30,4588,COMPLETE
639,2013-07-28T00:00:00.000+05:30,1072,COMPLETE
642,2013-07-28T00:00:00.000+05:30,7499,COMPLETE
645,2013-07-28T00:00:00.000+05:30,2238,COMPLETE
647,2013-07-28T00:00:00.000+05:30,12319,COMPLETE
654,2013-07-28T00:00:00.000+05:30,286,COMPLETE
659,2013-07-28T00:00:00.000+05:30,6006,COMPLETE
662,2013-07-28T00:00:00.000+05:30,11165,COMPLETE
664,2013-07-28T00:00:00.000+05:30,4469,COMPLETE
666,2013-07-28T00:00:00.000+05:30,993,COMPLETE
674,2013-07-29T00:00:00.000+05:30,1295,COMPLETE
675,2013-07-29T00:00:00.000+05:30,3414,COMPLETE
682,2013-07-29T00:00:00.000+05:30,9271,COMPLETE
697,2013-07-29T00:00:00.000+05:30,3126,COMPLETE
698,2013-07-29T00:00:00.000+05:30,5283,COMPLETE
700,2013-07-29T00:00:00.000+05:30,2632,COMPLETE
704,2013-07-29T00:00:00.000+05:30,11708,COMPLETE
714,2013-07-29T00:00:00.000+05:30,4756,COMPLETE
718,2013-07-29T00:00:00.000+05:30,70,COMPLETE
720,2013-07-29T00:00:00.000+05:30,3142,COMPLETE
726,2013-07-29T00:00:00.000+05:30,5407,COMPLETE
727,2013-07-29T00:00:00.000+05:30,1049,COMPLETE
728,2013-07-29T00:00:00.000+05:30,5965,COMPLETE
729,2013-07-29T00:00:00.000+05:30,8467,COMPLETE
730,2013-07-29T00:00:00.000+05:30,3189,COMPLETE
732,2013-07-29T00:00:00.000+05:30,7633,COMPLETE
735,2013-07-29T00:00:00.000+05:30,9142,COMPLETE
736,2013-07-29T00:00:00.000+05:30,8536,COMPLETE
739,2013-07-29T00:00:00.000+05:30,5647,COMPLETE
741,2013-07-29T00:00:00.000+05:30,7481,COMPLETE
742,2013-07-29T00:00:00.000+05:30,9860,COMPLETE
744,2013-07-29T00:00:00.000+05:30,2960,COMPLETE
746,2013-07-29T00:00:00.000+05:30,9753,COMPLETE
748,2013-07-29T00:00:00.000+05:30,1198,COMPLETE
754,2013-07-29T00:00:00.000+05:30,6699,COMPLETE
755,2013-07-29T00:00:00.000+05:30,1478,COMPLETE
756,2013-07-29T00:00:00.000+05:30,8441,COMPLETE
759,2013-07-29T00:00:00.000+05:30,3328,COMPLETE
761,2013-07-29T00:00:00.000+05:30,9748,COMPLETE
763,2013-07-29T00:00:00.000+05:30,943,COMPLETE
764,2013-07-29T00:00:00.000+05:30,8625,COMPLETE
766,2013-07-29T00:00:00.000+05:30,12328,COMPLETE
768,2013-07-29T00:00:00.000+05:30,8123,COMPLETE
770,2013-07-29T00:00:00.000+05:30,12146,COMPLETE
771,2013-07-29T00:00:00.000+05:30,9026,COMPLETE
774,2013-07-29T00:00:00.000+05:30,11421,COMPLETE
778,2013-07-29T00:00:00.000+05:30,5759,COMPLETE
780,2013-07-29T00:00:00.000+05:30,2016,COMPLETE
782,2013-07-29T00:00:00.000+05:30,12213,COMPLETE
785,2013-07-29T00:00:00.000+05:30,8191,COMPLETE
789,2013-07-29T00:00:00.000+05:30,17,COMPLETE
794,2013-07-29T00:00:00.000+05:30,7683,COMPLETE
795,2013-07-29T00:00:00.000+05:30,7219,COMPLETE
798,2013-07-29T00:00:00.000+05:30,8709,COMPLETE
800,2013-07-29T00:00:00.000+05:30,9946,COMPLETE
802,2013-07-29T00:00:00.000+05:30,1670,COMPLETE
806,2013-07-29T00:00:00.000+05:30,11113,COMPLETE
807,2013-07-29T00:00:00.000+05:30,1231,COMPLETE
814,2013-07-29T00:00:00.000+05:30,11988,COMPLETE
819,2013-07-29T00:00:00.000+05:30,1714,COMPLETE
821,2013-07-29T00:00:00.000+05:30,8384,COMPLETE
822,2013-07-29T00:00:00.000+05:30,1492,COMPLETE
826,2013-07-29T00:00:00.000+05:30,3744,COMPLETE
831,2013-07-29T00:00:00.000+05:30,12064,COMPLETE
832,2013-07-29T00:00:00.000+05:30,132,COMPLETE
835,2013-07-29T00:00:00.000+05:30,10640,COMPLETE
839,2013-07-29T00:00:00.000+05:30,377,COMPLETE
840,2013-07-29T00:00:00.000+05:30,5123,COMPLETE
848,2013-07-29T00:00:00.000+05:30,6018,COMPLETE
854,2013-07-29T00:00:00.000+05:30,4186,COMPLETE
858,2013-07-29T00:00:00.000+05:30,9137,COMPLETE
859,2013-07-29T00:00:00.000+05:30,3432,COMPLETE
860,2013-07-29T00:00:00.000+05:30,9725,COMPLETE
861,2013-07-29T00:00:00.000+05:30,3164,COMPLETE
862,2013-07-29T00:00:00.000+05:30,1299,COMPLETE
863,2013-07-29T00:00:00.000+05:30,6081,COMPLETE
864,2013-07-29T00:00:00.000+05:30,12342,COMPLETE
867,2013-07-29T00:00:00.000+05:30,6669,COMPLETE
871,2013-07-29T00:00:00.000+05:30,6923,COMPLETE
872,2013-07-29T00:00:00.000+05:30,6440,COMPLETE
878,2013-07-30T00:00:00.000+05:30,207,COMPLETE
879,2013-07-30T00:00:00.000+05:30,3031,COMPLETE
880,2013-07-30T00:00:00.000+05:30,5400,COMPLETE
881,2013-07-30T00:00:00.000+05:30,3291,COMPLETE
882,2013-07-30T00:00:00.000+05:30,4102,COMPLETE
883,2013-07-30T00:00:00.000+05:30,4305,COMPLETE
884,2013-07-30T00:00:00.000+05:30,4909,COMPLETE
885,2013-07-30T00:00:00.000+05:30,7706,COMPLETE
886,2013-07-30T00:00:00.000+05:30,2124,COMPLETE
889,2013-07-30T00:00:00.000+05:30,3677,COMPLETE
890,2013-07-30T00:00:00.000+05:30,8908,COMPLETE
891,2013-07-30T00:00:00.000+05:30,5609,COMPLETE
893,2013-07-30T00:00:00.000+05:30,3106,COMPLETE
907,2013-07-30T00:00:00.000+05:30,10661,COMPLETE
910,2013-07-30T00:00:00.000+05:30,2762,COMPLETE
911,2013-07-30T00:00:00.000+05:30,3608,COMPLETE
914,2013-07-30T00:00:00.000+05:30,6484,COMPLETE
917,2013-07-30T00:00:00.000+05:30,9901,COMPLETE
919,2013-07-30T00:00:00.000+05:30,10890,COMPLETE
920,2013-07-30T00:00:00.000+05:30,12019,COMPLETE
923,2013-07-30T00:00:00.000+05:30,5511,COMPLETE
925,2013-07-30T00:00:00.000+05:30,937,COMPLETE
927,2013-07-30T00:00:00.000+05:30,2520,COMPLETE
928,2013-07-30T00:00:00.000+05:30,2487,COMPLETE
931,2013-07-30T00:00:00.000+05:30,10514,COMPLETE
933,2013-07-30T00:00:00.000+05:30,446,COMPLETE
934,2013-07-30T00:00:00.000+05:30,2931,COMPLETE
936,2013-07-30T00:00:00.000+05:30,7202,COMPLETE
938,2013-07-30T00:00:00.000+05:30,7802,COMPLETE
941,2013-07-30T00:00:00.000+05:30,842,COMPLETE
942,2013-07-30T00:00:00.000+05:30,9704,COMPLETE
943,2013-07-30T00:00:00.000+05:30,2346,COMPLETE
945,2013-07-30T00:00:00.000+05:30,9732,COMPLETE
946,2013-07-30T00:00:00.000+05:30,10961,COMPLETE
952,2013-07-30T00:00:00.000+05:30,2250,COMPLETE
958,2013-07-30T00:00:00.000+05:30,12050,COMPLETE
960,2013-07-30T00:00:00.000+05:30,1463,COMPLETE
964,2013-07-30T00:00:00.000+05:30,3397,COMPLETE
966,2013-07-30T00:00:00.000+05:30,11298,COMPLETE
969,2013-07-30T00:00:00.000+05:30,9247,COMPLETE
977,2013-07-30T00:00:00.000+05:30,7817,COMPLETE
979,2013-07-30T00:00:00.000+05:30,11323,COMPLETE
981,2013-07-30T00:00:00.000+05:30,5411,COMPLETE
985,2013-07-30T00:00:00.000+05:30,5389,COMPLETE
987,2013-07-30T00:00:00.000+05:30,7418,COMPLETE
988,2013-07-30T00:00:00.000+05:30,2491,COMPLETE
990,2013-07-30T00:00:00.000+05:30,7254,COMPLETE
992,2013-07-30T00:00:00.000+05:30,7107,COMPLETE
995,2013-07-30T00:00:00.000+05:30,10907,COMPLETE
997,2013-07-30T00:00:00.000+05:30,8786,COMPLETE
1001,2013-07-30T00:00:00.000+05:30,6650,COMPLETE
1003,2013-07-30T00:00:00.000+05:30,7438,COMPLETE
1004,2013-07-30T00:00:00.000+05:30,10701,COMPLETE
1006,2013-07-30T00:00:00.000+05:30,9028,COMPLETE
1009,2013-07-30T00:00:00.000+05:30,7886,COMPLETE
1010,2013-07-30T00:00:00.000+05:30,2512,COMPLETE
1011,2013-07-30T00:00:00.000+05:30,7214,COMPLETE
1018,2013-07-30T00:00:00.000+05:30,19,COMPLETE
1021,2013-07-30T00:00:00.000+05:30,10118,COMPLETE
1024,2013-07-30T00:00:00.000+05:30,3751,COMPLETE
1026,2013-07-30T00:00:00.000+05:30,800,COMPLETE
1030,2013-07-30T00:00:00.000+05:30,11178,COMPLETE
1031,2013-07-30T00:00:00.000+05:30,633,COMPLETE
1032,2013-07-30T00:00:00.000+05:30,7246,COMPLETE
1034,2013-07-30T00:00:00.000+05:30,4990,COMPLETE
1035,2013-07-30T00:00:00.000+05:30,9117,COMPLETE
1038,2013-07-30T00:00:00.000+05:30,5418,COMPLETE
1039,2013-07-30T00:00:00.000+05:30,1558,COMPLETE
1040,2013-07-30T00:00:00.000+05:30,5787,COMPLETE
1051,2013-07-30T00:00:00.000+05:30,6397,COMPLETE
1055,2013-07-30T00:00:00.000+05:30,8971,COMPLETE
1056,2013-07-30T00:00:00.000+05:30,11006,COMPLETE
1075,2013-07-30T00:00:00.000+05:30,2735,COMPLETE
1076,2013-07-30T00:00:00.000+05:30,7320,COMPLETE
1077,2013-07-31T00:00:00.000+05:30,8103,COMPLETE
1081,2013-07-31T00:00:00.000+05:30,2932,COMPLETE
1091,2013-07-31T00:00:00.000+05:30,7042,COMPLETE
1096,2013-07-31T00:00:00.000+05:30,458,COMPLETE
1097,2013-07-31T00:00:00.000+05:30,1030,COMPLETE
1098,2013-07-31T00:00:00.000+05:30,11983,COMPLETE
1099,2013-07-31T00:00:00.000+05:30,2653,COMPLETE
1106,2013-07-31T00:00:00.000+05:30,2106,COMPLETE
1111,2013-07-31T00:00:00.000+05:30,225,COMPLETE
1112,2013-07-31T00:00:00.000+05:30,7877,COMPLETE
1119,2013-07-31T00:00:00.000+05:30,2267,COMPLETE
1125,2013-07-31T00:00:00.000+05:30,7287,COMPLETE
1126,2013-07-31T00:00:00.000+05:30,6649,COMPLETE
1128,2013-07-31T00:00:00.000+05:30,1498,COMPLETE
1132,2013-07-31T00:00:00.000+05:30,8386,COMPLETE
1134,2013-07-31T00:00:00.000+05:30,4181,COMPLETE
1135,2013-07-31T00:00:00.000+05:30,5359,COMPLETE
1138,2013-07-31T00:00:00.000+05:30,10777,COMPLETE
1143,2013-07-31T00:00:00.000+05:30,9715,COMPLETE
1146,2013-07-31T00:00:00.000+05:30,4044,COMPLETE
1148,2013-07-31T00:00:00.000+05:30,6596,COMPLETE
1149,2013-07-31T00:00:00.000+05:30,8767,COMPLETE
1154,2013-07-31T00:00:00.000+05:30,3554,COMPLETE
1162,2013-07-31T00:00:00.000+05:30,5195,COMPLETE
1163,2013-07-31T00:00:00.000+05:30,965,COMPLETE
1164,2013-07-31T00:00:00.000+05:30,7009,COMPLETE
1165,2013-07-31T00:00:00.000+05:30,5885,COMPLETE
1173,2013-07-31T00:00:00.000+05:30,5645,COMPLETE
1174,2013-07-31T00:00:00.000+05:30,8290,COMPLETE
1175,2013-07-31T00:00:00.000+05:30,1330,COMPLETE
1176,2013-07-31T00:00:00.000+05:30,10952,COMPLETE
1182,2013-07-31T00:00:00.000+05:30,6438,COMPLETE
1188,2013-07-31T00:00:00.000+05:30,8957,COMPLETE
1196,2013-07-31T00:00:00.000+05:30,2737,COMPLETE
1197,2013-07-31T00:00:00.000+05:30,5003,COMPLETE
1200,2013-07-31T00:00:00.000+05:30,11994,COMPLETE
1203,2013-07-31T00:00:00.000+05:30,2447,COMPLETE
1205,2013-07-31T00:00:00.000+05:30,11907,COMPLETE
1206,2013-07-31T00:00:00.000+05:30,6083,COMPLETE
1215,2013-07-31T00:00:00.000+05:30,2660,COMPLETE
1217,2013-07-31T00:00:00.000+05:30,5328,COMPLETE
1223,2013-07-31T00:00:00.000+05:30,7981,COMPLETE
1225,2013-07-31T00:00:00.000+05:30,665,COMPLETE
1226,2013-07-31T00:00:00.000+05:30,9643,COMPLETE
1230,2013-07-31T00:00:00.000+05:30,11855,COMPLETE
1238,2013-07-31T00:00:00.000+05:30,2610,COMPLETE
1240,2013-07-31T00:00:00.000+05:30,749,COMPLETE
1241,2013-07-31T00:00:00.000+05:30,7430,COMPLETE
1244,2013-07-31T00:00:00.000+05:30,10480,COMPLETE
1246,2013-07-31T00:00:00.000+05:30,9098,COMPLETE
1247,2013-07-31T00:00:00.000+05:30,10436,COMPLETE
1250,2013-07-31T00:00:00.000+05:30,6845,COMPLETE
1251,2013-07-31T00:00:00.000+05:30,11689,COMPLETE
1253,2013-07-31T00:00:00.000+05:30,5633,COMPLETE
1254,2013-07-31T00:00:00.000+05:30,1729,COMPLETE
1255,2013-07-31T00:00:00.000+05:30,8929,COMPLETE
1262,2013-07-31T00:00:00.000+05:30,2972,COMPLETE
1265,2013-07-31T00:00:00.000+05:30,8982,COMPLETE
1267,2013-07-31T00:00:00.000+05:30,1147,COMPLETE
1269,2013-07-31T00:00:00.000+05:30,8069,COMPLETE
1273,2013-07-31T00:00:00.000+05:30,3322,COMPLETE
1274,2013-07-31T00:00:00.000+05:30,5511,COMPLETE
1277,2013-07-31T00:00:00.000+05:30,1939,COMPLETE
1281,2013-07-31T00:00:00.000+05:30,10431,COMPLETE
1287,2013-07-31T00:00:00.000+05:30,2597,COMPLETE
1291,2013-07-31T00:00:00.000+05:30,704,COMPLETE
1292,2013-07-31T00:00:00.000+05:30,11460,COMPLETE
1297,2013-08-01T00:00:00.000+05:30,11607,COMPLETE
1299,2013-08-01T00:00:00.000+05:30,7802,COMPLETE
1302,2013-08-01T00:00:00.000+05:30,1695,COMPLETE
1304,2013-08-01T00:00:00.000+05:30,2059,COMPLETE
1305,2013-08-01T00:00:00.000+05:30,3844,COMPLETE
1307,2013-08-01T00:00:00.000+05:30,4474,COMPLETE
1312,2013-08-01T00:00:00.000+05:30,12291,COMPLETE
1314,2013-08-01T00:00:00.000+05:30,10993,COMPLETE
1315,2013-08-01T00:00:00.000+05:30,5660,COMPLETE
1318,2013-08-01T00:00:00.000+05:30,4212,COMPLETE
1319,2013-08-01T00:00:00.000+05:30,3966,COMPLETE
1320,2013-08-01T00:00:00.000+05:30,12270,COMPLETE
1321,2013-08-01T00:00:00.000+05:30,800,COMPLETE
1322,2013-08-01T00:00:00.000+05:30,9264,COMPLETE
1323,2013-08-01T00:00:00.000+05:30,7422,COMPLETE
1324,2013-08-01T00:00:00.000+05:30,4600,COMPLETE
1327,2013-08-01T00:00:00.000+05:30,9526,COMPLETE
1330,2013-08-01T00:00:00.000+05:30,4624,COMPLETE
1333,2013-08-01T00:00:00.000+05:30,905,COMPLETE
1335,2013-08-01T00:00:00.000+05:30,5762,COMPLETE
1337,2013-08-01T00:00:00.000+05:30,3561,COMPLETE
1338,2013-08-01T00:00:00.000+05:30,2094,COMPLETE
1341,2013-08-01T00:00:00.000+05:30,3119,COMPLETE
1342,2013-08-01T00:00:00.000+05:30,8350,COMPLETE
1345,2013-08-01T00:00:00.000+05:30,7729,COMPLETE
1350,2013-08-01T00:00:00.000+05:30,7006,COMPLETE
1353,2013-08-01T00:00:00.000+05:30,1727,COMPLETE
1357,2013-08-01T00:00:00.000+05:30,5088,COMPLETE
1362,2013-08-01T00:00:00.000+05:30,5661,COMPLETE
1367,2013-08-01T00:00:00.000+05:30,2703,COMPLETE
1370,2013-08-01T00:00:00.000+05:30,9223,COMPLETE
1377,2013-08-01T00:00:00.000+05:30,5418,COMPLETE
1382,2013-08-01T00:00:00.000+05:30,9151,COMPLETE
1390,2013-08-01T00:00:00.000+05:30,8964,COMPLETE
1392,2013-08-01T00:00:00.000+05:30,7102,COMPLETE
1400,2013-08-01T00:00:00.000+05:30,478,COMPLETE
1405,2013-08-01T00:00:00.000+05:30,8627,COMPLETE
1407,2013-08-01T00:00:00.000+05:30,4900,COMPLETE
1410,2013-08-01T00:00:00.000+05:30,5928,COMPLETE
1422,2013-08-01T00:00:00.000+05:30,8406,COMPLETE
1424,2013-08-01T00:00:00.000+05:30,5763,COMPLETE
1427,2013-08-01T00:00:00.000+05:30,4795,COMPLETE
1430,2013-08-01T00:00:00.000+05:30,5241,COMPLETE
1432,2013-08-01T00:00:00.000+05:30,3730,COMPLETE
1434,2013-08-01T00:00:00.000+05:30,6607,COMPLETE
1439,2013-08-01T00:00:00.000+05:30,11719,COMPLETE
1440,2013-08-01T00:00:00.000+05:30,9310,COMPLETE
1444,2013-08-01T00:00:00.000+05:30,8302,COMPLETE
1445,2013-08-01T00:00:00.000+05:30,2182,COMPLETE
1446,2013-08-01T00:00:00.000+05:30,9102,COMPLETE
1449,2013-08-01T00:00:00.000+05:30,10783,COMPLETE
1452,2013-08-01T00:00:00.000+05:30,4953,COMPLETE
1462,2013-08-01T00:00:00.000+05:30,3592,COMPLETE
1464,2013-08-01T00:00:00.000+05:30,7510,COMPLETE
1466,2013-08-01T00:00:00.000+05:30,7054,COMPLETE
1472,2013-08-01T00:00:00.000+05:30,2394,COMPLETE
1474,2013-08-01T00:00:00.000+05:30,10365,COMPLETE
1481,2013-08-01T00:00:00.000+05:30,5953,COMPLETE
1483,2013-08-01T00:00:00.000+05:30,9307,COMPLETE
1484,2013-08-01T00:00:00.000+05:30,10601,COMPLETE
1489,2013-08-01T00:00:00.000+05:30,2550,COMPLETE
1490,2013-08-01T00:00:00.000+05:30,5067,COMPLETE
1491,2013-08-01T00:00:00.000+05:30,10029,COMPLETE
1501,2013-08-01T00:00:00.000+05:30,4787,COMPLETE
1505,2013-08-01T00:00:00.000+05:30,7795,COMPLETE
1515,2013-08-01T00:00:00.000+05:30,12346,COMPLETE
1519,2013-08-01T00:00:00.000+05:30,5190,COMPLETE
1520,2013-08-01T00:00:00.000+05:30,12309,COMPLETE
1521,2013-08-01T00:00:00.000+05:30,11622,COMPLETE
1522,2013-08-01T00:00:00.000+05:30,5713,COMPLETE
1524,2013-08-01T00:00:00.000+05:30,1507,COMPLETE
1525,2013-08-01T00:00:00.000+05:30,6592,COMPLETE
1530,2013-08-01T00:00:00.000+05:30,1032,COMPLETE
1531,2013-08-02T00:00:00.000+05:30,8731,COMPLETE
1532,2013-08-02T00:00:00.000+05:30,4646,COMPLETE
1535,2013-08-02T00:00:00.000+05:30,2129,COMPLETE
1537,2013-08-02T00:00:00.000+05:30,8013,COMPLETE
1541,2013-08-02T00:00:00.000+05:30,8024,COMPLETE
1547,2013-08-02T00:00:00.000+05:30,9462,COMPLETE
1549,2013-08-02T00:00:00.000+05:30,12142,COMPLETE
1555,2013-08-02T00:00:00.000+05:30,1831,COMPLETE
1557,2013-08-02T00:00:00.000+05:30,1812,COMPLETE
1559,2013-08-02T00:00:00.000+05:30,15,COMPLETE
1569,2013-08-02T00:00:00.000+05:30,2444,COMPLETE
1571,2013-08-02T00:00:00.000+05:30,8047,COMPLETE
1572,2013-08-02T00:00:00.000+05:30,353,COMPLETE
1577,2013-08-02T00:00:00.000+05:30,7100,COMPLETE
1578,2013-08-02T00:00:00.000+05:30,11518,COMPLETE
1582,2013-08-02T00:00:00.000+05:30,5828,COMPLETE
1587,2013-08-02T00:00:00.000+05:30,3231,COMPLETE
1589,2013-08-02T00:00:00.000+05:30,12120,COMPLETE
1590,2013-08-02T00:00:00.000+05:30,483,COMPLETE
1591,2013-08-02T00:00:00.000+05:30,10666,COMPLETE
1596,2013-08-02T00:00:00.000+05:30,6478,COMPLETE
1599,2013-08-02T00:00:00.000+05:30,8647,COMPLETE
1604,2013-08-02T00:00:00.000+05:30,6008,COMPLETE
1605,2013-08-02T00:00:00.000+05:30,6119,COMPLETE
1607,2013-08-02T00:00:00.000+05:30,12371,COMPLETE
1611,2013-08-02T00:00:00.000+05:30,7387,COMPLETE
1612,2013-08-02T00:00:00.000+05:30,11833,COMPLETE
1613,2013-08-02T00:00:00.000+05:30,1252,COMPLETE
1615,2013-08-02T00:00:00.000+05:30,6088,COMPLETE
1618,2013-08-02T00:00:00.000+05:30,9459,COMPLETE
1619,2013-08-02T00:00:00.000+05:30,11557,COMPLETE
1620,2013-08-02T00:00:00.000+05:30,3010,COMPLETE
1624,2013-08-02T00:00:00.000+05:30,9982,COMPLETE
1628,2013-08-02T00:00:00.000+05:30,4203,COMPLETE
1630,2013-08-02T00:00:00.000+05:30,6222,COMPLETE
1633,2013-08-02T00:00:00.000+05:30,8464,COMPLETE
1637,2013-08-02T00:00:00.000+05:30,9504,COMPLETE
1641,2013-08-02T00:00:00.000+05:30,3158,COMPLETE
1648,2013-08-02T00:00:00.000+05:30,2113,COMPLETE
1649,2013-08-02T00:00:00.000+05:30,4116,COMPLETE
1652,2013-08-02T00:00:00.000+05:30,11821,COMPLETE
1653,2013-08-02T00:00:00.000+05:30,9808,COMPLETE
1654,2013-08-02T00:00:00.000+05:30,5691,COMPLETE
1656,2013-08-02T00:00:00.000+05:30,12352,COMPLETE
1660,2013-08-02T00:00:00.000+05:30,2306,COMPLETE
1662,2013-08-02T00:00:00.000+05:30,9772,COMPLETE
1663,2013-08-02T00:00:00.000+05:30,2062,COMPLETE
1664,2013-08-02T00:00:00.000+05:30,1821,COMPLETE
1665,2013-08-02T00:00:00.000+05:30,8292,COMPLETE
1667,2013-08-02T00:00:00.000+05:30,10096,COMPLETE
1670,2013-08-02T00:00:00.000+05:30,10588,COMPLETE
1671,2013-08-02T00:00:00.000+05:30,5613,COMPLETE
1672,2013-08-02T00:00:00.000+05:30,10602,COMPLETE
1673,2013-08-02T00:00:00.000+05:30,10061,COMPLETE
1674,2013-08-02T00:00:00.000+05:30,4364,COMPLETE
1676,2013-08-02T00:00:00.000+05:30,11641,COMPLETE
1677,2013-08-02T00:00:00.000+05:30,11037,COMPLETE
1678,2013-08-02T00:00:00.000+05:30,1419,COMPLETE
1682,2013-08-02T00:00:00.000+05:30,620,COMPLETE
1684,2013-08-02T00:00:00.000+05:30,5913,COMPLETE
1694,2013-08-02T00:00:00.000+05:30,3588,COMPLETE
1697,2013-08-02T00:00:00.000+05:30,7089,COMPLETE
1698,2013-08-02T00:00:00.000+05:30,7882,COMPLETE
1701,2013-08-02T00:00:00.000+05:30,5429,COMPLETE
1702,2013-08-02T00:00:00.000+05:30,8069,COMPLETE
1704,2013-08-02T00:00:00.000+05:30,5310,COMPLETE
1706,2013-08-02T00:00:00.000+05:30,3550,COMPLETE
1707,2013-08-02T00:00:00.000+05:30,9559,COMPLETE
1708,2013-08-02T00:00:00.000+05:30,87,COMPLETE
1709,2013-08-02T00:00:00.000+05:30,7736,COMPLETE
1711,2013-08-02T00:00:00.000+05:30,1153,COMPLETE
1712,2013-08-02T00:00:00.000+05:30,33,COMPLETE
1715,2013-08-02T00:00:00.000+05:30,7546,COMPLETE
1727,2013-08-02T00:00:00.000+05:30,8630,COMPLETE
1729,2013-08-02T00:00:00.000+05:30,7176,COMPLETE
1733,2013-08-03T00:00:00.000+05:30,8069,COMPLETE
1736,2013-08-03T00:00:00.000+05:30,3685,COMPLETE
1737,2013-08-03T00:00:00.000+05:30,3653,COMPLETE
1738,2013-08-03T00:00:00.000+05:30,2930,COMPLETE
1740,2013-08-03T00:00:00.000+05:30,5986,COMPLETE
1741,2013-08-03T00:00:00.000+05:30,8622,COMPLETE
1742,2013-08-03T00:00:00.000+05:30,6913,COMPLETE
1744,2013-08-03T00:00:00.000+05:30,9782,COMPLETE
1745,2013-08-03T00:00:00.000+05:30,10829,COMPLETE
1749,2013-08-03T00:00:00.000+05:30,1157,COMPLETE
1753,2013-08-03T00:00:00.000+05:30,109,COMPLETE
1755,2013-08-03T00:00:00.000+05:30,10457,COMPLETE
1768,2013-08-03T00:00:00.000+05:30,9695,COMPLETE
1773,2013-08-03T00:00:00.000+05:30,10667,COMPLETE
1774,2013-08-03T00:00:00.000+05:30,10109,COMPLETE
1775,2013-08-03T00:00:00.000+05:30,12112,COMPLETE
1777,2013-08-03T00:00:00.000+05:30,7264,COMPLETE
1779,2013-08-03T00:00:00.000+05:30,7372,COMPLETE
1782,2013-08-03T00:00:00.000+05:30,12054,COMPLETE
1785,2013-08-03T00:00:00.000+05:30,12024,COMPLETE
1788,2013-08-03T00:00:00.000+05:30,9281,COMPLETE
1789,2013-08-03T00:00:00.000+05:30,2159,COMPLETE
1791,2013-08-03T00:00:00.000+05:30,2575,COMPLETE
1795,2013-08-03T00:00:00.000+05:30,9128,COMPLETE
1799,2013-08-03T00:00:00.000+05:30,3295,COMPLETE
1800,2013-08-03T00:00:00.000+05:30,9572,COMPLETE
1801,2013-08-03T00:00:00.000+05:30,7329,COMPLETE
1802,2013-08-03T00:00:00.000+05:30,5236,COMPLETE
1808,2013-08-03T00:00:00.000+05:30,9615,COMPLETE
1809,2013-08-03T00:00:00.000+05:30,5847,COMPLETE
1813,2013-08-03T00:00:00.000+05:30,719,COMPLETE
1815,2013-08-03T00:00:00.000+05:30,475,COMPLETE
1816,2013-08-03T00:00:00.000+05:30,2769,COMPLETE
1819,2013-08-03T00:00:00.000+05:30,4502,COMPLETE
1820,2013-08-03T00:00:00.000+05:30,590,COMPLETE
1822,2013-08-03T00:00:00.000+05:30,5682,COMPLETE
1825,2013-08-03T00:00:00.000+05:30,5706,COMPLETE
1829,2013-08-03T00:00:00.000+05:30,3951,COMPLETE
1830,2013-08-03T00:00:00.000+05:30,1012,COMPLETE
1832,2013-08-03T00:00:00.000+05:30,7693,COMPLETE
1834,2013-08-03T00:00:00.000+05:30,3686,COMPLETE
1836,2013-08-03T00:00:00.000+05:30,6874,COMPLETE
1841,2013-08-03T00:00:00.000+05:30,3891,COMPLETE
1843,2013-08-03T00:00:00.000+05:30,6246,COMPLETE
1844,2013-08-03T00:00:00.000+05:30,8800,COMPLETE
1846,2013-08-03T00:00:00.000+05:30,4154,COMPLETE
1852,2013-08-03T00:00:00.000+05:30,4203,COMPLETE
1856,2013-08-03T00:00:00.000+05:30,4220,COMPLETE
1858,2013-08-03T00:00:00.000+05:30,12368,COMPLETE
1865,2013-08-03T00:00:00.000+05:30,7543,COMPLETE
1874,2013-08-03T00:00:00.000+05:30,4761,COMPLETE
1875,2013-08-03T00:00:00.000+05:30,10688,COMPLETE
1877,2013-08-03T00:00:00.000+05:30,7364,COMPLETE
1880,2013-08-03T00:00:00.000+05:30,5040,COMPLETE
1881,2013-08-03T00:00:00.000+05:30,9770,COMPLETE
1884,2013-08-03T00:00:00.000+05:30,1759,COMPLETE
1886,2013-08-04T00:00:00.000+05:30,3550,COMPLETE
1887,2013-08-04T00:00:00.000+05:30,3979,COMPLETE
1889,2013-08-04T00:00:00.000+05:30,5151,COMPLETE
1890,2013-08-04T00:00:00.000+05:30,4539,COMPLETE
1898,2013-08-04T00:00:00.000+05:30,11531,COMPLETE
1901,2013-08-04T00:00:00.000+05:30,4354,COMPLETE
1902,2013-08-04T00:00:00.000+05:30,7678,COMPLETE
1917,2013-08-04T00:00:00.000+05:30,11458,COMPLETE
1920,2013-08-04T00:00:00.000+05:30,5491,COMPLETE
1922,2013-08-04T00:00:00.000+05:30,8052,COMPLETE
1923,2013-08-04T00:00:00.000+05:30,10336,COMPLETE
1930,2013-08-04T00:00:00.000+05:30,11330,COMPLETE
1935,2013-08-04T00:00:00.000+05:30,12189,COMPLETE
1938,2013-08-04T00:00:00.000+05:30,6474,COMPLETE
1943,2013-08-04T00:00:00.000+05:30,5033,COMPLETE
1944,2013-08-04T00:00:00.000+05:30,4043,COMPLETE
1949,2013-08-04T00:00:00.000+05:30,11535,COMPLETE
1950,2013-08-04T00:00:00.000+05:30,1899,COMPLETE
1952,2013-08-04T00:00:00.000+05:30,940,COMPLETE
1953,2013-08-04T00:00:00.000+05:30,9524,COMPLETE
1954,2013-08-04T00:00:00.000+05:30,6130,COMPLETE
1957,2013-08-04T00:00:00.000+05:30,1795,COMPLETE
1958,2013-08-04T00:00:00.000+05:30,5093,COMPLETE
1965,2013-08-04T00:00:00.000+05:30,5637,COMPLETE
1971,2013-08-04T00:00:00.000+05:30,1717,COMPLETE
1974,2013-08-04T00:00:00.000+05:30,9342,COMPLETE
1975,2013-08-04T00:00:00.000+05:30,6398,COMPLETE
1977,2013-08-04T00:00:00.000+05:30,2999,COMPLETE
1980,2013-08-04T00:00:00.000+05:30,5579,COMPLETE
1982,2013-08-04T00:00:00.000+05:30,7323,COMPLETE
1993,2013-08-04T00:00:00.000+05:30,988,COMPLETE
1998,2013-08-04T00:00:00.000+05:30,6390,COMPLETE
2003,2013-08-04T00:00:00.000+05:30,3811,COMPLETE
2005,2013-08-04T00:00:00.000+05:30,3535,COMPLETE
2006,2013-08-04T00:00:00.000+05:30,8745,COMPLETE
2008,2013-08-04T00:00:00.000+05:30,226,COMPLETE
2016,2013-08-04T00:00:00.000+05:30,2462,COMPLETE
2020,2013-08-04T00:00:00.000+05:30,3395,COMPLETE
2023,2013-08-04T00:00:00.000+05:30,3006,COMPLETE
2025,2013-08-04T00:00:00.000+05:30,6415,COMPLETE
2026,2013-08-04T00:00:00.000+05:30,118,COMPLETE
2028,2013-08-05T00:00:00.000+05:30,1350,COMPLETE
2031,2013-08-05T00:00:00.000+05:30,134,COMPLETE
2034,2013-08-05T00:00:00.000+05:30,6002,COMPLETE
2037,2013-08-05T00:00:00.000+05:30,6949,COMPLETE
2040,2013-08-05T00:00:00.000+05:30,844,COMPLETE
2043,2013-08-05T00:00:00.000+05:30,9969,COMPLETE
2044,2013-08-05T00:00:00.000+05:30,9412,COMPLETE
2046,2013-08-05T00:00:00.000+05:30,5032,COMPLETE
2048,2013-08-05T00:00:00.000+05:30,9201,COMPLETE
2049,2013-08-05T00:00:00.000+05:30,6736,COMPLETE
2050,2013-08-05T00:00:00.000+05:30,11240,COMPLETE
2051,2013-08-05T00:00:00.000+05:30,3812,COMPLETE
2056,2013-08-05T00:00:00.000+05:30,5564,COMPLETE
2058,2013-08-05T00:00:00.000+05:30,5573,COMPLETE
2059,2013-08-05T00:00:00.000+05:30,11250,COMPLETE
2065,2013-08-05T00:00:00.000+05:30,2319,COMPLETE
2070,2013-08-05T00:00:00.000+05:30,1959,COMPLETE
2073,2013-08-05T00:00:00.000+05:30,3938,COMPLETE
2075,2013-08-05T00:00:00.000+05:30,2660,COMPLETE
2078,2013-08-05T00:00:00.000+05:30,11149,COMPLETE
2080,2013-08-05T00:00:00.000+05:30,9587,COMPLETE
2081,2013-08-05T00:00:00.000+05:30,6221,COMPLETE
2086,2013-08-05T00:00:00.000+05:30,2154,COMPLETE
2088,2013-08-05T00:00:00.000+05:30,8296,COMPLETE
2098,2013-08-05T00:00:00.000+05:30,12420,COMPLETE
2102,2013-08-05T00:00:00.000+05:30,3087,COMPLETE
2105,2013-08-05T00:00:00.000+05:30,10538,COMPLETE
2107,2013-08-05T00:00:00.000+05:30,8522,COMPLETE
2108,2013-08-05T00:00:00.000+05:30,11963,COMPLETE
2109,2013-08-05T00:00:00.000+05:30,13,COMPLETE
2113,2013-08-05T00:00:00.000+05:30,8550,COMPLETE
2114,2013-08-05T00:00:00.000+05:30,1772,COMPLETE
2115,2013-08-05T00:00:00.000+05:30,7981,COMPLETE
2118,2013-08-05T00:00:00.000+05:30,337,COMPLETE
2119,2013-08-05T00:00:00.000+05:30,11863,COMPLETE
2122,2013-08-05T00:00:00.000+05:30,10518,COMPLETE
2125,2013-08-05T00:00:00.000+05:30,11318,COMPLETE
2127,2013-08-05T00:00:00.000+05:30,3508,COMPLETE
2128,2013-08-05T00:00:00.000+05:30,4269,COMPLETE
2134,2013-08-05T00:00:00.000+05:30,7428,COMPLETE
2137,2013-08-05T00:00:00.000+05:30,1252,COMPLETE
2140,2013-08-05T00:00:00.000+05:30,5291,COMPLETE
2142,2013-08-05T00:00:00.000+05:30,1594,COMPLETE
2143,2013-08-05T00:00:00.000+05:30,107,COMPLETE
2146,2013-08-05T00:00:00.000+05:30,4932,COMPLETE
2148,2013-08-05T00:00:00.000+05:30,2363,COMPLETE
2155,2013-08-05T00:00:00.000+05:30,9371,COMPLETE
2161,2013-08-06T00:00:00.000+05:30,183,COMPLETE
2163,2013-08-06T00:00:00.000+05:30,11650,COMPLETE
2169,2013-08-06T00:00:00.000+05:30,6038,COMPLETE
2171,2013-08-06T00:00:00.000+05:30,10462,COMPLETE
2172,2013-08-06T00:00:00.000+05:30,1983,COMPLETE
2173,2013-08-06T00:00:00.000+05:30,8861,COMPLETE
2175,2013-08-06T00:00:00.000+05:30,5344,COMPLETE
2176,2013-08-06T00:00:00.000+05:30,3690,COMPLETE
2178,2013-08-06T00:00:00.000+05:30,10247,COMPLETE
2180,2013-08-06T00:00:00.000+05:30,7393,COMPLETE
2182,2013-08-06T00:00:00.000+05:30,2157,COMPLETE
2183,2013-08-06T00:00:00.000+05:30,4643,COMPLETE
2184,2013-08-06T00:00:00.000+05:30,1480,COMPLETE
2185,2013-08-06T00:00:00.000+05:30,9078,COMPLETE
2187,2013-08-06T00:00:00.000+05:30,4567,COMPLETE
2190,2013-08-06T00:00:00.000+05:30,5868,COMPLETE
2192,2013-08-06T00:00:00.000+05:30,3765,COMPLETE
2193,2013-08-06T00:00:00.000+05:30,12022,COMPLETE
2194,2013-08-06T00:00:00.000+05:30,9818,COMPLETE
2195,2013-08-06T00:00:00.000+05:30,679,COMPLETE
2198,2013-08-06T00:00:00.000+05:30,1593,COMPLETE
2204,2013-08-06T00:00:00.000+05:30,7417,COMPLETE
2205,2013-08-06T00:00:00.000+05:30,12043,COMPLETE
2210,2013-08-06T00:00:00.000+05:30,3572,COMPLETE
2215,2013-08-06T00:00:00.000+05:30,4924,COMPLETE
2216,2013-08-06T00:00:00.000+05:30,8965,COMPLETE
2217,2013-08-06T00:00:00.000+05:30,6414,COMPLETE
2226,2013-08-06T00:00:00.000+05:30,8416,COMPLETE
2228,2013-08-06T00:00:00.000+05:30,8624,COMPLETE
2230,2013-08-06T00:00:00.000+05:30,5253,COMPLETE
2231,2013-08-06T00:00:00.000+05:30,11748,COMPLETE
2235,2013-08-06T00:00:00.000+05:30,2336,COMPLETE
2238,2013-08-06T00:00:00.000+05:30,6878,COMPLETE
2241,2013-08-06T00:00:00.000+05:30,11443,COMPLETE
2243,2013-08-06T00:00:00.000+05:30,12091,COMPLETE
2245,2013-08-06T00:00:00.000+05:30,11895,COMPLETE
2247,2013-08-06T00:00:00.000+05:30,3906,COMPLETE
2250,2013-08-06T00:00:00.000+05:30,9874,COMPLETE
2255,2013-08-06T00:00:00.000+05:30,838,COMPLETE
2267,2013-08-06T00:00:00.000+05:30,1392,COMPLETE
2269,2013-08-06T00:00:00.000+05:30,4674,COMPLETE
2270,2013-08-06T00:00:00.000+05:30,7805,COMPLETE
2273,2013-08-06T00:00:00.000+05:30,133,COMPLETE
2274,2013-08-06T00:00:00.000+05:30,6137,COMPLETE
2275,2013-08-06T00:00:00.000+05:30,4908,COMPLETE
2278,2013-08-06T00:00:00.000+05:30,4427,COMPLETE
2279,2013-08-06T00:00:00.000+05:30,5134,COMPLETE
2280,2013-08-06T00:00:00.000+05:30,4261,COMPLETE
2286,2013-08-06T00:00:00.000+05:30,2534,COMPLETE
2287,2013-08-06T00:00:00.000+05:30,6011,COMPLETE
2297,2013-08-06T00:00:00.000+05:30,5627,COMPLETE
2299,2013-08-06T00:00:00.000+05:30,25,COMPLETE
2303,2013-08-06T00:00:00.000+05:30,2440,COMPLETE
2304,2013-08-06T00:00:00.000+05:30,6253,COMPLETE
2312,2013-08-06T00:00:00.000+05:30,5570,COMPLETE
2314,2013-08-06T00:00:00.000+05:30,8165,COMPLETE
2316,2013-08-06T00:00:00.000+05:30,5027,COMPLETE
2320,2013-08-06T00:00:00.000+05:30,5742,COMPLETE
2326,2013-08-06T00:00:00.000+05:30,8716,COMPLETE
2335,2013-08-06T00:00:00.000+05:30,6917,COMPLETE
2338,2013-08-06T00:00:00.000+05:30,4910,COMPLETE
2340,2013-08-06T00:00:00.000+05:30,11579,COMPLETE
2342,2013-08-06T00:00:00.000+05:30,9376,COMPLETE
2343,2013-08-06T00:00:00.000+05:30,8425,COMPLETE
2344,2013-08-06T00:00:00.000+05:30,898,COMPLETE
2345,2013-08-06T00:00:00.000+05:30,5086,COMPLETE
2346,2013-08-06T00:00:00.000+05:30,6723,COMPLETE
2347,2013-08-06T00:00:00.000+05:30,7778,COMPLETE
2348,2013-08-06T00:00:00.000+05:30,6525,COMPLETE
2351,2013-08-06T00:00:00.000+05:30,5947,COMPLETE
2352,2013-08-06T00:00:00.000+05:30,4174,COMPLETE
2355,2013-08-06T00:00:00.000+05:30,8319,COMPLETE
2356,2013-08-06T00:00:00.000+05:30,349,COMPLETE
2357,2013-08-06T00:00:00.000+05:30,550,COMPLETE
2358,2013-08-06T00:00:00.000+05:30,11423,COMPLETE
2362,2013-08-06T00:00:00.000+05:30,11587,COMPLETE
2370,2013-08-06T00:00:00.000+05:30,9705,COMPLETE
2372,2013-08-06T00:00:00.000+05:30,3303,COMPLETE
2373,2013-08-06T00:00:00.000+05:30,8830,COMPLETE
2374,2013-08-06T00:00:00.000+05:30,542,COMPLETE
2375,2013-08-06T00:00:00.000+05:30,7604,COMPLETE
2383,2013-08-06T00:00:00.000+05:30,4929,COMPLETE
2385,2013-08-06T00:00:00.000+05:30,2208,COMPLETE
2387,2013-08-06T00:00:00.000+05:30,7623,COMPLETE
2389,2013-08-06T00:00:00.000+05:30,10051,COMPLETE
2394,2013-08-06T00:00:00.000+05:30,3085,COMPLETE
2395,2013-08-06T00:00:00.000+05:30,6311,COMPLETE
2401,2013-08-06T00:00:00.000+05:30,4901,COMPLETE
2404,2013-08-07T00:00:00.000+05:30,1076,COMPLETE
2408,2013-08-07T00:00:00.000+05:30,5266,COMPLETE
2413,2013-08-07T00:00:00.000+05:30,1855,COMPLETE
2419,2013-08-07T00:00:00.000+05:30,12041,COMPLETE
2431,2013-08-07T00:00:00.000+05:30,1256,COMPLETE
2437,2013-08-07T00:00:00.000+05:30,11032,COMPLETE
2442,2013-08-07T00:00:00.000+05:30,7908,COMPLETE
2445,2013-08-07T00:00:00.000+05:30,7683,COMPLETE
2447,2013-08-07T00:00:00.000+05:30,5454,COMPLETE
2450,2013-08-07T00:00:00.000+05:30,7841,COMPLETE
2452,2013-08-07T00:00:00.000+05:30,9233,COMPLETE
2453,2013-08-07T00:00:00.000+05:30,11517,COMPLETE
2455,2013-08-07T00:00:00.000+05:30,7814,COMPLETE
2463,2013-08-07T00:00:00.000+05:30,11991,COMPLETE
2472,2013-08-07T00:00:00.000+05:30,6161,COMPLETE
2473,2013-08-07T00:00:00.000+05:30,3763,COMPLETE
2474,2013-08-07T00:00:00.000+05:30,2027,COMPLETE
2477,2013-08-07T00:00:00.000+05:30,9598,COMPLETE
2480,2013-08-07T00:00:00.000+05:30,3807,COMPLETE
2481,2013-08-07T00:00:00.000+05:30,2476,COMPLETE
2483,2013-08-07T00:00:00.000+05:30,10453,COMPLETE
2484,2013-08-07T00:00:00.000+05:30,9256,COMPLETE
2488,2013-08-07T00:00:00.000+05:30,1255,COMPLETE
2491,2013-08-07T00:00:00.000+05:30,247,COMPLETE
2495,2013-08-07T00:00:00.000+05:30,9011,COMPLETE
2498,2013-08-07T00:00:00.000+05:30,1966,COMPLETE
2511,2013-08-07T00:00:00.000+05:30,8544,COMPLETE
2515,2013-08-07T00:00:00.000+05:30,12056,COMPLETE
2516,2013-08-07T00:00:00.000+05:30,2775,COMPLETE
2522,2013-08-07T00:00:00.000+05:30,10999,COMPLETE
2523,2013-08-07T00:00:00.000+05:30,5865,COMPLETE
2524,2013-08-07T00:00:00.000+05:30,1511,COMPLETE
2533,2013-08-07T00:00:00.000+05:30,3034,COMPLETE
2540,2013-08-07T00:00:00.000+05:30,9217,COMPLETE
2545,2013-08-07T00:00:00.000+05:30,11369,COMPLETE
2546,2013-08-07T00:00:00.000+05:30,6775,COMPLETE
2554,2013-08-07T00:00:00.000+05:30,11228,COMPLETE
2555,2013-08-07T00:00:00.000+05:30,5216,COMPLETE
2561,2013-08-07T00:00:00.000+05:30,7253,COMPLETE
2562,2013-08-07T00:00:00.000+05:30,1977,COMPLETE
2564,2013-08-07T00:00:00.000+05:30,11767,COMPLETE
2568,2013-08-07T00:00:00.000+05:30,11800,COMPLETE
2569,2013-08-07T00:00:00.000+05:30,687,COMPLETE
2570,2013-08-07T00:00:00.000+05:30,6415,COMPLETE
2571,2013-08-07T00:00:00.000+05:30,5815,COMPLETE
2579,2013-08-08T00:00:00.000+05:30,8491,COMPLETE
2582,2013-08-08T00:00:00.000+05:30,1127,COMPLETE
2583,2013-08-08T00:00:00.000+05:30,11564,COMPLETE
2585,2013-08-08T00:00:00.000+05:30,9821,COMPLETE
2586,2013-08-08T00:00:00.000+05:30,6559,COMPLETE
2588,2013-08-08T00:00:00.000+05:30,3178,COMPLETE
2589,2013-08-08T00:00:00.000+05:30,1429,COMPLETE
2591,2013-08-08T00:00:00.000+05:30,2377,COMPLETE
2596,2013-08-08T00:00:00.000+05:30,3603,COMPLETE
2597,2013-08-08T00:00:00.000+05:30,173,COMPLETE
2600,2013-08-08T00:00:00.000+05:30,5653,COMPLETE
2601,2013-08-08T00:00:00.000+05:30,11457,COMPLETE
2602,2013-08-08T00:00:00.000+05:30,3180,COMPLETE
2604,2013-08-08T00:00:00.000+05:30,1298,COMPLETE
2607,2013-08-08T00:00:00.000+05:30,1828,COMPLETE
2610,2013-08-08T00:00:00.000+05:30,6114,COMPLETE
2611,2013-08-08T00:00:00.000+05:30,12086,COMPLETE
2613,2013-08-08T00:00:00.000+05:30,10312,COMPLETE
2614,2013-08-08T00:00:00.000+05:30,3505,COMPLETE
2618,2013-08-08T00:00:00.000+05:30,4879,COMPLETE
2622,2013-08-08T00:00:00.000+05:30,3301,COMPLETE
2629,2013-08-08T00:00:00.000+05:30,10722,COMPLETE
2630,2013-08-08T00:00:00.000+05:30,9619,COMPLETE
2631,2013-08-08T00:00:00.000+05:30,1141,COMPLETE
2633,2013-08-08T00:00:00.000+05:30,8975,COMPLETE
2635,2013-08-08T00:00:00.000+05:30,800,COMPLETE
2638,2013-08-08T00:00:00.000+05:30,3816,COMPLETE
2640,2013-08-08T00:00:00.000+05:30,7177,COMPLETE
2645,2013-08-08T00:00:00.000+05:30,4159,COMPLETE
2650,2013-08-08T00:00:00.000+05:30,2118,COMPLETE
2651,2013-08-08T00:00:00.000+05:30,839,COMPLETE
2654,2013-08-08T00:00:00.000+05:30,11439,COMPLETE
2656,2013-08-08T00:00:00.000+05:30,4625,COMPLETE
2657,2013-08-08T00:00:00.000+05:30,12081,COMPLETE
2658,2013-08-08T00:00:00.000+05:30,8741,COMPLETE
2659,2013-08-08T00:00:00.000+05:30,6630,COMPLETE
2660,2013-08-08T00:00:00.000+05:30,2234,COMPLETE
2662,2013-08-08T00:00:00.000+05:30,1646,COMPLETE
2665,2013-08-08T00:00:00.000+05:30,1610,COMPLETE
2669,2013-08-08T00:00:00.000+05:30,1286,COMPLETE
2670,2013-08-08T00:00:00.000+05:30,6602,COMPLETE
2675,2013-08-08T00:00:00.000+05:30,7808,COMPLETE
2678,2013-08-08T00:00:00.000+05:30,8971,COMPLETE
2682,2013-08-08T00:00:00.000+05:30,4960,COMPLETE
2683,2013-08-08T00:00:00.000+05:30,5686,COMPLETE
2684,2013-08-08T00:00:00.000+05:30,6750,COMPLETE
2688,2013-08-08T00:00:00.000+05:30,5367,COMPLETE
2690,2013-08-08T00:00:00.000+05:30,8037,COMPLETE
2693,2013-08-09T00:00:00.000+05:30,11208,COMPLETE
2694,2013-08-09T00:00:00.000+05:30,8419,COMPLETE
2698,2013-08-09T00:00:00.000+05:30,3683,COMPLETE
2700,2013-08-09T00:00:00.000+05:30,2701,COMPLETE
2702,2013-08-09T00:00:00.000+05:30,5643,COMPLETE
2710,2013-08-09T00:00:00.000+05:30,2307,COMPLETE
2712,2013-08-09T00:00:00.000+05:30,7562,COMPLETE
2715,2013-08-09T00:00:00.000+05:30,3301,COMPLETE
2716,2013-08-09T00:00:00.000+05:30,4047,COMPLETE
2720,2013-08-09T00:00:00.000+05:30,9463,COMPLETE
2722,2013-08-09T00:00:00.000+05:30,6307,COMPLETE
2723,2013-08-09T00:00:00.000+05:30,3985,COMPLETE
2727,2013-08-09T00:00:00.000+05:30,8910,COMPLETE
2729,2013-08-09T00:00:00.000+05:30,6278,COMPLETE
2732,2013-08-09T00:00:00.000+05:30,6875,COMPLETE
2736,2013-08-09T00:00:00.000+05:30,1261,COMPLETE
2746,2013-08-09T00:00:00.000+05:30,5960,COMPLETE
2750,2013-08-09T00:00:00.000+05:30,11838,COMPLETE
2751,2013-08-09T00:00:00.000+05:30,6745,COMPLETE
2755,2013-08-09T00:00:00.000+05:30,1679,COMPLETE
2760,2013-08-09T00:00:00.000+05:30,11662,COMPLETE
2764,2013-08-09T00:00:00.000+05:30,8738,COMPLETE
2766,2013-08-09T00:00:00.000+05:30,3520,COMPLETE
2769,2013-08-09T00:00:00.000+05:30,9542,COMPLETE
2770,2013-08-09T00:00:00.000+05:30,10056,COMPLETE
2775,2013-08-09T00:00:00.000+05:30,10402,COMPLETE
2777,2013-08-09T00:00:00.000+05:30,1535,COMPLETE
2783,2013-08-09T00:00:00.000+05:30,2615,COMPLETE
2785,2013-08-09T00:00:00.000+05:30,1775,COMPLETE
2792,2013-08-10T00:00:00.000+05:30,9575,COMPLETE
2793,2013-08-10T00:00:00.000+05:30,7652,COMPLETE
2794,2013-08-10T00:00:00.000+05:30,7129,COMPLETE
2795,2013-08-10T00:00:00.000+05:30,7557,COMPLETE
2803,2013-08-10T00:00:00.000+05:30,2434,COMPLETE
2805,2013-08-10T00:00:00.000+05:30,9751,COMPLETE
2807,2013-08-10T00:00:00.000+05:30,12280,COMPLETE
2809,2013-08-10T00:00:00.000+05:30,2813,COMPLETE
2810,2013-08-10T00:00:00.000+05:30,1288,COMPLETE
2817,2013-08-10T00:00:00.000+05:30,9933,COMPLETE
2818,2013-08-10T00:00:00.000+05:30,1201,COMPLETE
2825,2013-08-10T00:00:00.000+05:30,1944,COMPLETE
2826,2013-08-10T00:00:00.000+05:30,9235,COMPLETE
2827,2013-08-10T00:00:00.000+05:30,10607,COMPLETE
2829,2013-08-10T00:00:00.000+05:30,7927,COMPLETE
2833,2013-08-10T00:00:00.000+05:30,7844,COMPLETE
2836,2013-08-10T00:00:00.000+05:30,4819,COMPLETE
2842,2013-08-10T00:00:00.000+05:30,6944,COMPLETE
2846,2013-08-10T00:00:00.000+05:30,3771,COMPLETE
2850,2013-08-10T00:00:00.000+05:30,9412,COMPLETE
2851,2013-08-10T00:00:00.000+05:30,3908,COMPLETE
2855,2013-08-10T00:00:00.000+05:30,7201,COMPLETE
2859,2013-08-10T00:00:00.000+05:30,9494,COMPLETE
2867,2013-08-10T00:00:00.000+05:30,3172,COMPLETE
2868,2013-08-10T00:00:00.000+05:30,10469,COMPLETE
2870,2013-08-10T00:00:00.000+05:30,615,COMPLETE
2871,2013-08-10T00:00:00.000+05:30,1766,COMPLETE
2874,2013-08-10T00:00:00.000+05:30,10608,COMPLETE
2877,2013-08-10T00:00:00.000+05:30,4836,COMPLETE
2878,2013-08-10T00:00:00.000+05:30,2083,COMPLETE
2879,2013-08-10T00:00:00.000+05:30,12058,COMPLETE
2882,2013-08-10T00:00:00.000+05:30,3647,COMPLETE
2889,2013-08-10T00:00:00.000+05:30,8885,COMPLETE
2890,2013-08-10T00:00:00.000+05:30,3745,COMPLETE
2891,2013-08-10T00:00:00.000+05:30,11540,COMPLETE
2898,2013-08-10T00:00:00.000+05:30,8432,COMPLETE
2900,2013-08-10T00:00:00.000+05:30,10787,COMPLETE
2905,2013-08-10T00:00:00.000+05:30,982,COMPLETE
2906,2013-08-10T00:00:00.000+05:30,10512,COMPLETE
2910,2013-08-10T00:00:00.000+05:30,7593,COMPLETE
2913,2013-08-10T00:00:00.000+05:30,444,COMPLETE
2920,2013-08-10T00:00:00.000+05:30,11673,COMPLETE
2922,2013-08-10T00:00:00.000+05:30,8179,COMPLETE
2929,2013-08-10T00:00:00.000+05:30,1044,COMPLETE
2932,2013-08-10T00:00:00.000+05:30,9037,COMPLETE
2938,2013-08-10T00:00:00.000+05:30,116,COMPLETE
2939,2013-08-10T00:00:00.000+05:30,5660,COMPLETE
2943,2013-08-10T00:00:00.000+05:30,11539,COMPLETE
2950,2013-08-10T00:00:00.000+05:30,3757,COMPLETE
2954,2013-08-10T00:00:00.000+05:30,1043,COMPLETE
2957,2013-08-10T00:00:00.000+05:30,2025,COMPLETE
2963,2013-08-10T00:00:00.000+05:30,11804,COMPLETE
2967,2013-08-10T00:00:00.000+05:30,2199,COMPLETE
2969,2013-08-10T00:00:00.000+05:30,8603,COMPLETE
2971,2013-08-10T00:00:00.000+05:30,3039,COMPLETE
2975,2013-08-10T00:00:00.000+05:30,3357,COMPLETE
2979,2013-08-10T00:00:00.000+05:30,10882,COMPLETE
2983,2013-08-10T00:00:00.000+05:30,3031,COMPLETE
2986,2013-08-10T00:00:00.000+05:30,11306,COMPLETE
2991,2013-08-10T00:00:00.000+05:30,7989,COMPLETE
2995,2013-08-10T00:00:00.000+05:30,6085,COMPLETE
2998,2013-08-10T00:00:00.000+05:30,11971,COMPLETE
2999,2013-08-10T00:00:00.000+05:30,2309,COMPLETE
3002,2013-08-10T00:00:00.000+05:30,2683,COMPLETE
3005,2013-08-10T00:00:00.000+05:30,11986,COMPLETE
3009,2013-08-10T00:00:00.000+05:30,7789,COMPLETE
3010,2013-08-10T00:00:00.000+05:30,10005,COMPLETE
3011,2013-08-10T00:00:00.000+05:30,7676,COMPLETE
3012,2013-08-10T00:00:00.000+05:30,6593,COMPLETE
3013,2013-08-10T00:00:00.000+05:30,550,COMPLETE
3017,2013-08-10T00:00:00.000+05:30,5211,COMPLETE
3018,2013-08-10T00:00:00.000+05:30,3995,COMPLETE
3021,2013-08-11T00:00:00.000+05:30,2277,COMPLETE
3022,2013-08-11T00:00:00.000+05:30,9278,COMPLETE
3023,2013-08-11T00:00:00.000+05:30,5863,COMPLETE
3024,2013-08-11T00:00:00.000+05:30,8633,COMPLETE
3026,2013-08-11T00:00:00.000+05:30,6626,COMPLETE
3031,2013-08-11T00:00:00.000+05:30,1976,COMPLETE
3036,2013-08-11T00:00:00.000+05:30,2307,COMPLETE
3040,2013-08-11T00:00:00.000+05:30,7728,COMPLETE
3041,2013-08-11T00:00:00.000+05:30,1704,COMPLETE
3044,2013-08-11T00:00:00.000+05:30,11067,COMPLETE
3045,2013-08-11T00:00:00.000+05:30,6040,COMPLETE
3046,2013-08-11T00:00:00.000+05:30,1414,COMPLETE
3049,2013-08-11T00:00:00.000+05:30,4750,COMPLETE
3054,2013-08-11T00:00:00.000+05:30,578,COMPLETE
3055,2013-08-11T00:00:00.000+05:30,6676,COMPLETE
3057,2013-08-11T00:00:00.000+05:30,7208,COMPLETE
3059,2013-08-11T00:00:00.000+05:30,10964,COMPLETE
3062,2013-08-11T00:00:00.000+05:30,12399,COMPLETE
3063,2013-08-11T00:00:00.000+05:30,5438,COMPLETE
3064,2013-08-11T00:00:00.000+05:30,8553,COMPLETE
3065,2013-08-11T00:00:00.000+05:30,10316,COMPLETE
3066,2013-08-11T00:00:00.000+05:30,11974,COMPLETE
3068,2013-08-11T00:00:00.000+05:30,1373,COMPLETE
3069,2013-08-11T00:00:00.000+05:30,3764,COMPLETE
3073,2013-08-11T00:00:00.000+05:30,7293,COMPLETE
3074,2013-08-11T00:00:00.000+05:30,2145,COMPLETE
3080,2013-08-11T00:00:00.000+05:30,9603,COMPLETE
3082,2013-08-11T00:00:00.000+05:30,444,COMPLETE
3090,2013-08-11T00:00:00.000+05:30,11726,COMPLETE
3093,2013-08-11T00:00:00.000+05:30,11712,COMPLETE
3094,2013-08-11T00:00:00.000+05:30,6159,COMPLETE
3095,2013-08-11T00:00:00.000+05:30,3375,COMPLETE
3098,2013-08-11T00:00:00.000+05:30,539,COMPLETE
3102,2013-08-11T00:00:00.000+05:30,4952,COMPLETE
3104,2013-08-11T00:00:00.000+05:30,4783,COMPLETE
3107,2013-08-11T00:00:00.000+05:30,5689,COMPLETE
3110,2013-08-11T00:00:00.000+05:30,4852,COMPLETE
3122,2013-08-11T00:00:00.000+05:30,2824,COMPLETE
3134,2013-08-11T00:00:00.000+05:30,11692,COMPLETE
3143,2013-08-11T00:00:00.000+05:30,9506,COMPLETE
3149,2013-08-12T00:00:00.000+05:30,8080,COMPLETE
3156,2013-08-12T00:00:00.000+05:30,1582,COMPLETE
3157,2013-08-12T00:00:00.000+05:30,10747,COMPLETE
3163,2013-08-12T00:00:00.000+05:30,3276,COMPLETE
3165,2013-08-12T00:00:00.000+05:30,2764,COMPLETE
3166,2013-08-12T00:00:00.000+05:30,5790,COMPLETE
3171,2013-08-12T00:00:00.000+05:30,5045,COMPLETE
3175,2013-08-12T00:00:00.000+05:30,10012,COMPLETE
3182,2013-08-12T00:00:00.000+05:30,5528,COMPLETE
3185,2013-08-12T00:00:00.000+05:30,8953,COMPLETE
3188,2013-08-12T00:00:00.000+05:30,7352,COMPLETE
3194,2013-08-12T00:00:00.000+05:30,11823,COMPLETE
3196,2013-08-12T00:00:00.000+05:30,10400,COMPLETE
3205,2013-08-12T00:00:00.000+05:30,9925,COMPLETE
3208,2013-08-12T00:00:00.000+05:30,1029,COMPLETE
3213,2013-08-12T00:00:00.000+05:30,959,COMPLETE
3215,2013-08-12T00:00:00.000+05:30,12369,COMPLETE
3217,2013-08-12T00:00:00.000+05:30,9470,COMPLETE
3218,2013-08-12T00:00:00.000+05:30,4268,COMPLETE
3219,2013-08-12T00:00:00.000+05:30,3817,COMPLETE
3225,2013-08-12T00:00:00.000+05:30,6325,COMPLETE
3232,2013-08-12T00:00:00.000+05:30,5626,COMPLETE
3234,2013-08-12T00:00:00.000+05:30,861,COMPLETE
3235,2013-08-12T00:00:00.000+05:30,10770,COMPLETE
3237,2013-08-12T00:00:00.000+05:30,4026,COMPLETE
3240,2013-08-12T00:00:00.000+05:30,5989,COMPLETE
3243,2013-08-12T00:00:00.000+05:30,887,COMPLETE
3245,2013-08-12T00:00:00.000+05:30,5749,COMPLETE
3252,2013-08-12T00:00:00.000+05:30,7571,COMPLETE
3253,2013-08-12T00:00:00.000+05:30,3437,COMPLETE
3258,2013-08-12T00:00:00.000+05:30,8480,COMPLETE
3262,2013-08-12T00:00:00.000+05:30,2804,COMPLETE
3263,2013-08-12T00:00:00.000+05:30,1138,COMPLETE
3264,2013-08-12T00:00:00.000+05:30,10158,COMPLETE
3265,2013-08-12T00:00:00.000+05:30,11334,COMPLETE
3270,2013-08-12T00:00:00.000+05:30,3685,COMPLETE
3273,2013-08-12T00:00:00.000+05:30,9785,COMPLETE
3280,2013-08-12T00:00:00.000+05:30,4067,COMPLETE
3282,2013-08-12T00:00:00.000+05:30,3999,COMPLETE
3285,2013-08-12T00:00:00.000+05:30,2544,COMPLETE
3288,2013-08-12T00:00:00.000+05:30,11391,COMPLETE
3289,2013-08-12T00:00:00.000+05:30,6688,COMPLETE
3291,2013-08-12T00:00:00.000+05:30,4166,COMPLETE
3292,2013-08-12T00:00:00.000+05:30,9240,COMPLETE
3293,2013-08-12T00:00:00.000+05:30,716,COMPLETE
3294,2013-08-12T00:00:00.000+05:30,9405,COMPLETE
3299,2013-08-12T00:00:00.000+05:30,7840,COMPLETE
3301,2013-08-12T00:00:00.000+05:30,2584,COMPLETE
3303,2013-08-12T00:00:00.000+05:30,7186,COMPLETE
3306,2013-08-12T00:00:00.000+05:30,879,COMPLETE
3310,2013-08-12T00:00:00.000+05:30,138,COMPLETE
3311,2013-08-12T00:00:00.000+05:30,5035,COMPLETE
3312,2013-08-12T00:00:00.000+05:30,10115,COMPLETE
3313,2013-08-12T00:00:00.000+05:30,9587,COMPLETE
3316,2013-08-12T00:00:00.000+05:30,2078,COMPLETE
3318,2013-08-12T00:00:00.000+05:30,8546,COMPLETE
3323,2013-08-12T00:00:00.000+05:30,8097,COMPLETE
3328,2013-08-12T00:00:00.000+05:30,1373,COMPLETE
3337,2013-08-12T00:00:00.000+05:30,6660,COMPLETE
3345,2013-08-12T00:00:00.000+05:30,949,COMPLETE
3346,2013-08-12T00:00:00.000+05:30,10368,COMPLETE
3352,2013-08-12T00:00:00.000+05:30,2758,COMPLETE
3358,2013-08-12T00:00:00.000+05:30,293,COMPLETE
3359,2013-08-12T00:00:00.000+05:30,4341,COMPLETE
3360,2013-08-12T00:00:00.000+05:30,8037,COMPLETE
3361,2013-08-12T00:00:00.000+05:30,10228,COMPLETE
3363,2013-08-12T00:00:00.000+05:30,10501,COMPLETE
3365,2013-08-12T00:00:00.000+05:30,5678,COMPLETE
3366,2013-08-12T00:00:00.000+05:30,364,COMPLETE
3370,2013-08-12T00:00:00.000+05:30,3215,COMPLETE
3373,2013-08-12T00:00:00.000+05:30,11700,COMPLETE
3375,2013-08-12T00:00:00.000+05:30,119,COMPLETE
3376,2013-08-12T00:00:00.000+05:30,7141,COMPLETE
3377,2013-08-12T00:00:00.000+05:30,6194,COMPLETE
3379,2013-08-13T00:00:00.000+05:30,5437,COMPLETE
3385,2013-08-13T00:00:00.000+05:30,132,COMPLETE
3387,2013-08-13T00:00:00.000+05:30,2735,COMPLETE
3388,2013-08-13T00:00:00.000+05:30,12319,COMPLETE
3389,2013-08-13T00:00:00.000+05:30,7024,COMPLETE
3393,2013-08-13T00:00:00.000+05:30,11247,COMPLETE
3398,2013-08-13T00:00:00.000+05:30,5212,COMPLETE
3399,2013-08-13T00:00:00.000+05:30,7704,COMPLETE
3401,2013-08-13T00:00:00.000+05:30,3038,COMPLETE
3402,2013-08-13T00:00:00.000+05:30,9735,COMPLETE
3404,2013-08-13T00:00:00.000+05:30,6377,COMPLETE
3405,2013-08-13T00:00:00.000+05:30,11236,COMPLETE
3408,2013-08-13T00:00:00.000+05:30,11510,COMPLETE
3409,2013-08-13T00:00:00.000+05:30,10050,COMPLETE
3411,2013-08-13T00:00:00.000+05:30,7683,COMPLETE
3412,2013-08-13T00:00:00.000+05:30,1137,COMPLETE
3417,2013-08-13T00:00:00.000+05:30,3354,COMPLETE
3421,2013-08-13T00:00:00.000+05:30,4008,COMPLETE
3422,2013-08-13T00:00:00.000+05:30,705,COMPLETE
3429,2013-08-13T00:00:00.000+05:30,5159,COMPLETE
3433,2013-08-13T00:00:00.000+05:30,11929,COMPLETE
3437,2013-08-13T00:00:00.000+05:30,10837,COMPLETE
3438,2013-08-13T00:00:00.000+05:30,9387,COMPLETE
3439,2013-08-14T00:00:00.000+05:30,3153,COMPLETE
3441,2013-08-14T00:00:00.000+05:30,2979,COMPLETE
3443,2013-08-14T00:00:00.000+05:30,2673,COMPLETE
3444,2013-08-14T00:00:00.000+05:30,8549,COMPLETE
3446,2013-08-14T00:00:00.000+05:30,4915,COMPLETE
3447,2013-08-14T00:00:00.000+05:30,8533,COMPLETE
3458,2013-08-14T00:00:00.000+05:30,11345,COMPLETE
3461,2013-08-14T00:00:00.000+05:30,3036,COMPLETE
3465,2013-08-14T00:00:00.000+05:30,10587,COMPLETE
3467,2013-08-14T00:00:00.000+05:30,7205,COMPLETE
3469,2013-08-14T00:00:00.000+05:30,2004,COMPLETE
3471,2013-08-14T00:00:00.000+05:30,9999,COMPLETE
3472,2013-08-14T00:00:00.000+05:30,11352,COMPLETE
3476,2013-08-14T00:00:00.000+05:30,9485,COMPLETE
3477,2013-08-14T00:00:00.000+05:30,6898,COMPLETE
3478,2013-08-14T00:00:00.000+05:30,95,COMPLETE
3480,2013-08-14T00:00:00.000+05:30,7173,COMPLETE
3487,2013-08-14T00:00:00.000+05:30,2698,COMPLETE
3493,2013-08-14T00:00:00.000+05:30,1651,COMPLETE
3496,2013-08-14T00:00:00.000+05:30,5682,COMPLETE
3498,2013-08-14T00:00:00.000+05:30,8165,COMPLETE
3500,2013-08-14T00:00:00.000+05:30,8518,COMPLETE
3501,2013-08-14T00:00:00.000+05:30,956,COMPLETE
3505,2013-08-14T00:00:00.000+05:30,9819,COMPLETE
3508,2013-08-14T00:00:00.000+05:30,7167,COMPLETE
3512,2013-08-14T00:00:00.000+05:30,2123,COMPLETE
3520,2013-08-14T00:00:00.000+05:30,12180,COMPLETE
3523,2013-08-14T00:00:00.000+05:30,878,COMPLETE
3528,2013-08-14T00:00:00.000+05:30,6384,COMPLETE
3531,2013-08-14T00:00:00.000+05:30,11222,COMPLETE
3535,2013-08-14T00:00:00.000+05:30,7840,COMPLETE
3536,2013-08-14T00:00:00.000+05:30,5943,COMPLETE
3540,2013-08-14T00:00:00.000+05:30,3863,COMPLETE
3543,2013-08-14T00:00:00.000+05:30,7116,COMPLETE
3547,2013-08-14T00:00:00.000+05:30,1076,COMPLETE
3552,2013-08-14T00:00:00.000+05:30,2463,COMPLETE
3560,2013-08-14T00:00:00.000+05:30,10841,COMPLETE
3561,2013-08-14T00:00:00.000+05:30,11392,COMPLETE
3564,2013-08-14T00:00:00.000+05:30,4842,COMPLETE
3573,2013-08-14T00:00:00.000+05:30,2051,COMPLETE
3576,2013-08-14T00:00:00.000+05:30,8648,COMPLETE
3578,2013-08-14T00:00:00.000+05:30,7613,COMPLETE
3579,2013-08-14T00:00:00.000+05:30,7429,COMPLETE
3582,2013-08-14T00:00:00.000+05:30,5876,COMPLETE
3585,2013-08-15T00:00:00.000+05:30,4136,COMPLETE
3587,2013-08-15T00:00:00.000+05:30,4233,COMPLETE
3588,2013-08-15T00:00:00.000+05:30,7718,COMPLETE
3589,2013-08-15T00:00:00.000+05:30,6319,COMPLETE
3590,2013-08-15T00:00:00.000+05:30,11687,COMPLETE
3593,2013-08-15T00:00:00.000+05:30,2386,COMPLETE
3600,2013-08-15T00:00:00.000+05:30,326,COMPLETE
3601,2013-08-15T00:00:00.000+05:30,1450,COMPLETE
3604,2013-08-15T00:00:00.000+05:30,1560,COMPLETE
3606,2013-08-15T00:00:00.000+05:30,3536,COMPLETE
3607,2013-08-15T00:00:00.000+05:30,5570,COMPLETE
3611,2013-08-15T00:00:00.000+05:30,5185,COMPLETE
3615,2013-08-15T00:00:00.000+05:30,11506,COMPLETE
3620,2013-08-15T00:00:00.000+05:30,10558,COMPLETE
3621,2013-08-15T00:00:00.000+05:30,3472,COMPLETE
3622,2013-08-15T00:00:00.000+05:30,3404,COMPLETE
3624,2013-08-15T00:00:00.000+05:30,8203,COMPLETE
3626,2013-08-15T00:00:00.000+05:30,398,COMPLETE
3629,2013-08-15T00:00:00.000+05:30,8961,COMPLETE
3630,2013-08-15T00:00:00.000+05:30,8044,COMPLETE
3632,2013-08-15T00:00:00.000+05:30,1322,COMPLETE
3636,2013-08-15T00:00:00.000+05:30,7358,COMPLETE
3637,2013-08-15T00:00:00.000+05:30,11642,COMPLETE
3640,2013-08-15T00:00:00.000+05:30,1336,COMPLETE
3642,2013-08-15T00:00:00.000+05:30,2165,COMPLETE
3651,2013-08-15T00:00:00.000+05:30,5262,COMPLETE
3657,2013-08-15T00:00:00.000+05:30,3873,COMPLETE
3658,2013-08-15T00:00:00.000+05:30,5772,COMPLETE
3660,2013-08-15T00:00:00.000+05:30,12114,COMPLETE
3667,2013-08-15T00:00:00.000+05:30,2847,COMPLETE
3669,2013-08-15T00:00:00.000+05:30,9657,COMPLETE
3671,2013-08-15T00:00:00.000+05:30,5411,COMPLETE
3672,2013-08-15T00:00:00.000+05:30,8711,COMPLETE
3674,2013-08-15T00:00:00.000+05:30,2596,COMPLETE
3677,2013-08-15T00:00:00.000+05:30,4857,COMPLETE
3678,2013-08-15T00:00:00.000+05:30,3197,COMPLETE
3679,2013-08-15T00:00:00.000+05:30,3178,COMPLETE
3680,2013-08-15T00:00:00.000+05:30,8149,COMPLETE
3684,2013-08-15T00:00:00.000+05:30,4090,COMPLETE
3688,2013-08-15T00:00:00.000+05:30,4604,COMPLETE
3690,2013-08-15T00:00:00.000+05:30,6493,COMPLETE
3692,2013-08-15T00:00:00.000+05:30,1670,COMPLETE
3701,2013-08-15T00:00:00.000+05:30,4396,COMPLETE
3702,2013-08-15T00:00:00.000+05:30,10526,COMPLETE
3705,2013-08-15T00:00:00.000+05:30,12395,COMPLETE
3707,2013-08-15T00:00:00.000+05:30,7864,COMPLETE
3708,2013-08-15T00:00:00.000+05:30,2770,COMPLETE
3711,2013-08-15T00:00:00.000+05:30,6347,COMPLETE
3712,2013-08-15T00:00:00.000+05:30,11798,COMPLETE
3713,2013-08-15T00:00:00.000+05:30,3772,COMPLETE
3715,2013-08-15T00:00:00.000+05:30,7143,COMPLETE
3719,2013-08-15T00:00:00.000+05:30,1934,COMPLETE
3730,2013-08-15T00:00:00.000+05:30,5405,COMPLETE
3733,2013-08-15T00:00:00.000+05:30,6535,COMPLETE
3736,2013-08-15T00:00:00.000+05:30,3235,COMPLETE
3738,2013-08-15T00:00:00.000+05:30,8223,COMPLETE
3742,2013-08-15T00:00:00.000+05:30,18,COMPLETE
3746,2013-08-15T00:00:00.000+05:30,10269,COMPLETE
3748,2013-08-15T00:00:00.000+05:30,8654,COMPLETE
3751,2013-08-15T00:00:00.000+05:30,12362,COMPLETE
3752,2013-08-15T00:00:00.000+05:30,5970,COMPLETE
3758,2013-08-15T00:00:00.000+05:30,3691,COMPLETE
3763,2013-08-15T00:00:00.000+05:30,4488,COMPLETE
3770,2013-08-16T00:00:00.000+05:30,6160,COMPLETE
3772,2013-08-16T00:00:00.000+05:30,8000,COMPLETE
3773,2013-08-16T00:00:00.000+05:30,3184,COMPLETE
3776,2013-08-16T00:00:00.000+05:30,7238,COMPLETE
3782,2013-08-16T00:00:00.000+05:30,4053,COMPLETE
3786,2013-08-16T00:00:00.000+05:30,3725,COMPLETE
3787,2013-08-16T00:00:00.000+05:30,6048,COMPLETE
3788,2013-08-16T00:00:00.000+05:30,2192,COMPLETE
3789,2013-08-16T00:00:00.000+05:30,8999,COMPLETE
3792,2013-08-16T00:00:00.000+05:30,5449,COMPLETE
3795,2013-08-16T00:00:00.000+05:30,1451,COMPLETE
3800,2013-08-16T00:00:00.000+05:30,4700,COMPLETE
3802,2013-08-16T00:00:00.000+05:30,7441,COMPLETE
3808,2013-08-16T00:00:00.000+05:30,4747,COMPLETE
3810,2013-08-16T00:00:00.000+05:30,7951,COMPLETE
3811,2013-08-16T00:00:00.000+05:30,8698,COMPLETE
3814,2013-08-16T00:00:00.000+05:30,4221,COMPLETE
3816,2013-08-16T00:00:00.000+05:30,3249,COMPLETE
3821,2013-08-16T00:00:00.000+05:30,7425,COMPLETE
3823,2013-08-16T00:00:00.000+05:30,699,COMPLETE
3825,2013-08-16T00:00:00.000+05:30,1358,COMPLETE
3826,2013-08-16T00:00:00.000+05:30,5441,COMPLETE
3831,2013-08-16T00:00:00.000+05:30,10217,COMPLETE
3836,2013-08-16T00:00:00.000+05:30,11199,COMPLETE
3841,2013-08-16T00:00:00.000+05:30,7596,COMPLETE
3845,2013-08-16T00:00:00.000+05:30,3646,COMPLETE
3847,2013-08-16T00:00:00.000+05:30,7231,COMPLETE
3848,2013-08-16T00:00:00.000+05:30,8433,COMPLETE
3853,2013-08-16T00:00:00.000+05:30,1840,COMPLETE
3854,2013-08-16T00:00:00.000+05:30,3744,COMPLETE
3856,2013-08-16T00:00:00.000+05:30,6722,COMPLETE
3860,2013-08-17T00:00:00.000+05:30,8361,COMPLETE
3872,2013-08-17T00:00:00.000+05:30,1927,COMPLETE
3880,2013-08-17T00:00:00.000+05:30,4237,COMPLETE
3882,2013-08-17T00:00:00.000+05:30,7915,COMPLETE
3889,2013-08-17T00:00:00.000+05:30,5142,COMPLETE
3893,2013-08-17T00:00:00.000+05:30,10954,COMPLETE
3895,2013-08-17T00:00:00.000+05:30,3040,COMPLETE
3896,2013-08-17T00:00:00.000+05:30,7536,COMPLETE
3897,2013-08-17T00:00:00.000+05:30,6769,COMPLETE
3902,2013-08-17T00:00:00.000+05:30,9562,COMPLETE
3905,2013-08-17T00:00:00.000+05:30,3042,COMPLETE
3907,2013-08-17T00:00:00.000+05:30,3880,COMPLETE
3909,2013-08-17T00:00:00.000+05:30,8769,COMPLETE
3912,2013-08-17T00:00:00.000+05:30,12242,COMPLETE
3913,2013-08-17T00:00:00.000+05:30,10802,COMPLETE
3916,2013-08-17T00:00:00.000+05:30,5867,COMPLETE
3918,2013-08-17T00:00:00.000+05:30,1806,COMPLETE
3921,2013-08-17T00:00:00.000+05:30,8137,COMPLETE
3922,2013-08-17T00:00:00.000+05:30,3709,COMPLETE
3927,2013-08-17T00:00:00.000+05:30,6538,COMPLETE
3929,2013-08-17T00:00:00.000+05:30,11995,COMPLETE
3930,2013-08-17T00:00:00.000+05:30,9372,COMPLETE
3932,2013-08-17T00:00:00.000+05:30,12168,COMPLETE
3934,2013-08-17T00:00:00.000+05:30,8827,COMPLETE
3935,2013-08-17T00:00:00.000+05:30,1333,COMPLETE
3940,2013-08-17T00:00:00.000+05:30,7451,COMPLETE
3943,2013-08-17T00:00:00.000+05:30,3603,COMPLETE
3948,2013-08-17T00:00:00.000+05:30,9599,COMPLETE
3949,2013-08-17T00:00:00.000+05:30,4179,COMPLETE
3950,2013-08-17T00:00:00.000+05:30,8513,COMPLETE
3952,2013-08-17T00:00:00.000+05:30,8401,COMPLETE
3956,2013-08-17T00:00:00.000+05:30,2891,COMPLETE
3957,2013-08-17T00:00:00.000+05:30,9665,COMPLETE
3958,2013-08-17T00:00:00.000+05:30,5669,COMPLETE
3962,2013-08-17T00:00:00.000+05:30,10122,COMPLETE
3963,2013-08-17T00:00:00.000+05:30,4722,COMPLETE
3964,2013-08-17T00:00:00.000+05:30,6093,COMPLETE
3973,2013-08-17T00:00:00.000+05:30,6917,COMPLETE
3980,2013-08-17T00:00:00.000+05:30,10355,COMPLETE
3983,2013-08-17T00:00:00.000+05:30,2490,COMPLETE
3984,2013-08-17T00:00:00.000+05:30,8482,COMPLETE
3985,2013-08-17T00:00:00.000+05:30,7183,COMPLETE
3988,2013-08-17T00:00:00.000+05:30,10686,COMPLETE
3989,2013-08-17T00:00:00.000+05:30,8897,COMPLETE
3994,2013-08-17T00:00:00.000+05:30,3535,COMPLETE
3997,2013-08-17T00:00:00.000+05:30,5818,COMPLETE
3999,2013-08-17T00:00:00.000+05:30,2420,COMPLETE
4003,2013-08-17T00:00:00.000+05:30,8156,COMPLETE
4010,2013-08-17T00:00:00.000+05:30,5281,COMPLETE
4011,2013-08-17T00:00:00.000+05:30,9410,COMPLETE
4012,2013-08-17T00:00:00.000+05:30,2041,COMPLETE
4014,2013-08-17T00:00:00.000+05:30,210,COMPLETE
4017,2013-08-17T00:00:00.000+05:30,6161,COMPLETE
4019,2013-08-17T00:00:00.000+05:30,8655,COMPLETE
4020,2013-08-17T00:00:00.000+05:30,9337,COMPLETE
4022,2013-08-17T00:00:00.000+05:30,10199,COMPLETE
4025,2013-08-17T00:00:00.000+05:30,4757,COMPLETE
4026,2013-08-17T00:00:00.000+05:30,4320,COMPLETE
4028,2013-08-17T00:00:00.000+05:30,9132,COMPLETE
4029,2013-08-17T00:00:00.000+05:30,10510,COMPLETE
4031,2013-08-17T00:00:00.000+05:30,5707,COMPLETE
4033,2013-08-17T00:00:00.000+05:30,4968,COMPLETE
4037,2013-08-17T00:00:00.000+05:30,10635,COMPLETE
4038,2013-08-17T00:00:00.000+05:30,879,COMPLETE
4042,2013-08-17T00:00:00.000+05:30,827,COMPLETE
4047,2013-08-17T00:00:00.000+05:30,2263,COMPLETE
4051,2013-08-17T00:00:00.000+05:30,8500,COMPLETE
4053,2013-08-17T00:00:00.000+05:30,9974,COMPLETE
4054,2013-08-17T00:00:00.000+05:30,5487,COMPLETE
4055,2013-08-17T00:00:00.000+05:30,2255,COMPLETE
4057,2013-08-17T00:00:00.000+05:30,3255,COMPLETE
4058,2013-08-17T00:00:00.000+05:30,9070,COMPLETE
4059,2013-08-17T00:00:00.000+05:30,7048,COMPLETE
4061,2013-08-17T00:00:00.000+05:30,10153,COMPLETE
4062,2013-08-17T00:00:00.000+05:30,6702,COMPLETE
4072,2013-08-17T00:00:00.000+05:30,11044,COMPLETE
4073,2013-08-17T00:00:00.000+05:30,9639,COMPLETE
4074,2013-08-17T00:00:00.000+05:30,11806,COMPLETE
4078,2013-08-17T00:00:00.000+05:30,1096,COMPLETE
4079,2013-08-17T00:00:00.000+05:30,11431,COMPLETE
4080,2013-08-17T00:00:00.000+05:30,4963,COMPLETE
4081,2013-08-17T00:00:00.000+05:30,6903,COMPLETE
4083,2013-08-17T00:00:00.000+05:30,6829,COMPLETE
4085,2013-08-17T00:00:00.000+05:30,3375,COMPLETE
4086,2013-08-17T00:00:00.000+05:30,7362,COMPLETE
4087,2013-08-17T00:00:00.000+05:30,968,COMPLETE
4089,2013-08-17T00:00:00.000+05:30,1119,COMPLETE
4090,2013-08-17T00:00:00.000+05:30,4913,COMPLETE
4099,2013-08-18T00:00:00.000+05:30,12276,COMPLETE
4100,2013-08-18T00:00:00.000+05:30,403,COMPLETE
4101,2013-08-18T00:00:00.000+05:30,2185,COMPLETE
4102,2013-08-18T00:00:00.000+05:30,3708,COMPLETE
4106,2013-08-18T00:00:00.000+05:30,5816,COMPLETE
4108,2013-08-18T00:00:00.000+05:30,6027,COMPLETE
4110,2013-08-18T00:00:00.000+05:30,1157,COMPLETE
4126,2013-08-18T00:00:00.000+05:30,12342,COMPLETE
4133,2013-08-18T00:00:00.000+05:30,1203,COMPLETE
4137,2013-08-18T00:00:00.000+05:30,5548,COMPLETE
4139,2013-08-18T00:00:00.000+05:30,5812,COMPLETE
4140,2013-08-18T00:00:00.000+05:30,9211,COMPLETE
4142,2013-08-18T00:00:00.000+05:30,2811,COMPLETE
4143,2013-08-18T00:00:00.000+05:30,5974,COMPLETE
4145,2013-08-18T00:00:00.000+05:30,11675,COMPLETE
4146,2013-08-18T00:00:00.000+05:30,3428,COMPLETE
4147,2013-08-18T00:00:00.000+05:30,2025,COMPLETE
4152,2013-08-18T00:00:00.000+05:30,675,COMPLETE
4160,2013-08-18T00:00:00.000+05:30,8981,COMPLETE
4161,2013-08-18T00:00:00.000+05:30,4078,COMPLETE
4162,2013-08-18T00:00:00.000+05:30,594,COMPLETE
4168,2013-08-18T00:00:00.000+05:30,2329,COMPLETE
4172,2013-08-18T00:00:00.000+05:30,11626,COMPLETE
4173,2013-08-18T00:00:00.000+05:30,1749,COMPLETE
4175,2013-08-18T00:00:00.000+05:30,4870,COMPLETE
4176,2013-08-18T00:00:00.000+05:30,7922,COMPLETE
4177,2013-08-18T00:00:00.000+05:30,6695,COMPLETE
4179,2013-08-18T00:00:00.000+05:30,2294,COMPLETE
4180,2013-08-18T00:00:00.000+05:30,2838,COMPLETE
4187,2013-08-18T00:00:00.000+05:30,9283,COMPLETE
4191,2013-08-18T00:00:00.000+05:30,11877,COMPLETE
4193,2013-08-18T00:00:00.000+05:30,7432,COMPLETE
4200,2013-08-18T00:00:00.000+05:30,9686,COMPLETE
4203,2013-08-18T00:00:00.000+05:30,7474,COMPLETE
4207,2013-08-18T00:00:00.000+05:30,11076,COMPLETE
4211,2013-08-18T00:00:00.000+05:30,3975,COMPLETE
4216,2013-08-18T00:00:00.000+05:30,1475,COMPLETE
4220,2013-08-18T00:00:00.000+05:30,12107,COMPLETE
4221,2013-08-18T00:00:00.000+05:30,628,COMPLETE
4228,2013-08-18T00:00:00.000+05:30,184,COMPLETE
4229,2013-08-18T00:00:00.000+05:30,1997,COMPLETE
4231,2013-08-18T00:00:00.000+05:30,3830,COMPLETE
4233,2013-08-18T00:00:00.000+05:30,2701,COMPLETE
4234,2013-08-18T00:00:00.000+05:30,9274,COMPLETE
4235,2013-08-18T00:00:00.000+05:30,4656,COMPLETE
4240,2013-08-18T00:00:00.000+05:30,11822,COMPLETE
4242,2013-08-18T00:00:00.000+05:30,3724,COMPLETE
4244,2013-08-18T00:00:00.000+05:30,791,COMPLETE
4245,2013-08-18T00:00:00.000+05:30,4460,COMPLETE
4248,2013-08-18T00:00:00.000+05:30,3854,COMPLETE
4251,2013-08-19T00:00:00.000+05:30,3354,COMPLETE
4256,2013-08-19T00:00:00.000+05:30,4480,COMPLETE
4258,2013-08-19T00:00:00.000+05:30,11307,COMPLETE
4260,2013-08-19T00:00:00.000+05:30,7629,COMPLETE
4266,2013-08-19T00:00:00.000+05:30,2382,COMPLETE
4270,2013-08-19T00:00:00.000+05:30,11352,COMPLETE
4273,2013-08-19T00:00:00.000+05:30,7365,COMPLETE
4276,2013-08-19T00:00:00.000+05:30,4851,COMPLETE
4277,2013-08-19T00:00:00.000+05:30,2755,COMPLETE
4280,2013-08-19T00:00:00.000+05:30,9235,COMPLETE
4282,2013-08-19T00:00:00.000+05:30,6441,COMPLETE
4285,2013-08-19T00:00:00.000+05:30,8120,COMPLETE
4289,2013-08-19T00:00:00.000+05:30,9802,COMPLETE
4296,2013-08-19T00:00:00.000+05:30,8270,COMPLETE
4298,2013-08-19T00:00:00.000+05:30,700,COMPLETE
4300,2013-08-19T00:00:00.000+05:30,1056,COMPLETE
4302,2013-08-19T00:00:00.000+05:30,276,COMPLETE
4305,2013-08-19T00:00:00.000+05:30,5605,COMPLETE
4308,2013-08-19T00:00:00.000+05:30,6920,COMPLETE
4310,2013-08-19T00:00:00.000+05:30,6867,COMPLETE
4312,2013-08-19T00:00:00.000+05:30,1445,COMPLETE
4314,2013-08-20T00:00:00.000+05:30,9919,COMPLETE
4318,2013-08-20T00:00:00.000+05:30,3978,COMPLETE
4319,2013-08-20T00:00:00.000+05:30,725,COMPLETE
4321,2013-08-20T00:00:00.000+05:30,3651,COMPLETE
4322,2013-08-20T00:00:00.000+05:30,1573,COMPLETE
4324,2013-08-20T00:00:00.000+05:30,768,COMPLETE
4327,2013-08-20T00:00:00.000+05:30,11205,COMPLETE
4329,2013-08-20T00:00:00.000+05:30,9946,COMPLETE
4337,2013-08-20T00:00:00.000+05:30,7618,COMPLETE
4342,2013-08-20T00:00:00.000+05:30,10164,COMPLETE
4343,2013-08-20T00:00:00.000+05:30,10715,COMPLETE
4346,2013-08-20T00:00:00.000+05:30,9327,COMPLETE
4348,2013-08-20T00:00:00.000+05:30,10377,COMPLETE
4353,2013-08-20T00:00:00.000+05:30,11769,COMPLETE
4355,2013-08-20T00:00:00.000+05:30,718,COMPLETE
4359,2013-08-20T00:00:00.000+05:30,7084,COMPLETE
4360,2013-08-20T00:00:00.000+05:30,3441,COMPLETE
4362,2013-08-20T00:00:00.000+05:30,3229,COMPLETE
4364,2013-08-20T00:00:00.000+05:30,8170,COMPLETE
4365,2013-08-20T00:00:00.000+05:30,10407,COMPLETE
4367,2013-08-20T00:00:00.000+05:30,11332,COMPLETE
4371,2013-08-20T00:00:00.000+05:30,8303,COMPLETE
4376,2013-08-20T00:00:00.000+05:30,10077,COMPLETE
4382,2013-08-20T00:00:00.000+05:30,208,COMPLETE
4384,2013-08-20T00:00:00.000+05:30,5697,COMPLETE
4385,2013-08-20T00:00:00.000+05:30,3472,COMPLETE
4387,2013-08-20T00:00:00.000+05:30,4962,COMPLETE
4392,2013-08-20T00:00:00.000+05:30,8001,COMPLETE
4394,2013-08-20T00:00:00.000+05:30,11646,COMPLETE
4397,2013-08-20T00:00:00.000+05:30,5925,COMPLETE
4400,2013-08-20T00:00:00.000+05:30,5022,COMPLETE
4402,2013-08-20T00:00:00.000+05:30,9719,COMPLETE
4406,2013-08-20T00:00:00.000+05:30,9494,COMPLETE
4407,2013-08-20T00:00:00.000+05:30,9038,COMPLETE
4408,2013-08-20T00:00:00.000+05:30,5936,COMPLETE
4411,2013-08-20T00:00:00.000+05:30,4001,COMPLETE
4421,2013-08-20T00:00:00.000+05:30,12394,COMPLETE
4422,2013-08-20T00:00:00.000+05:30,6504,COMPLETE
4424,2013-08-20T00:00:00.000+05:30,640,COMPLETE
4426,2013-08-20T00:00:00.000+05:30,4343,COMPLETE
4436,2013-08-20T00:00:00.000+05:30,9643,COMPLETE
4438,2013-08-20T00:00:00.000+05:30,6933,COMPLETE
4440,2013-08-20T00:00:00.000+05:30,5434,COMPLETE
4444,2013-08-20T00:00:00.000+05:30,11386,COMPLETE
4445,2013-08-20T00:00:00.000+05:30,1946,COMPLETE
4447,2013-08-20T00:00:00.000+05:30,1185,COMPLETE
4448,2013-08-20T00:00:00.000+05:30,1285,COMPLETE
4450,2013-08-20T00:00:00.000+05:30,1259,COMPLETE
4451,2013-08-20T00:00:00.000+05:30,8128,COMPLETE
4453,2013-08-20T00:00:00.000+05:30,7012,COMPLETE
4456,2013-08-20T00:00:00.000+05:30,458,COMPLETE
4457,2013-08-20T00:00:00.000+05:30,1492,COMPLETE
4458,2013-08-20T00:00:00.000+05:30,10510,COMPLETE
4462,2013-08-20T00:00:00.000+05:30,4163,COMPLETE
4463,2013-08-20T00:00:00.000+05:30,6522,COMPLETE
4467,2013-08-20T00:00:00.000+05:30,4625,COMPLETE
4469,2013-08-20T00:00:00.000+05:30,4705,COMPLETE
4481,2013-08-21T00:00:00.000+05:30,8076,COMPLETE
4482,2013-08-21T00:00:00.000+05:30,6094,COMPLETE
4483,2013-08-21T00:00:00.000+05:30,6219,COMPLETE
4485,2013-08-21T00:00:00.000+05:30,3303,COMPLETE
4492,2013-08-21T00:00:00.000+05:30,4031,COMPLETE
4494,2013-08-21T00:00:00.000+05:30,5660,COMPLETE
4496,2013-08-21T00:00:00.000+05:30,4296,COMPLETE
4499,2013-08-21T00:00:00.000+05:30,1089,COMPLETE
4507,2013-08-21T00:00:00.000+05:30,6477,COMPLETE
4513,2013-08-21T00:00:00.000+05:30,3727,COMPLETE
4515,2013-08-21T00:00:00.000+05:30,8481,COMPLETE
4519,2013-08-21T00:00:00.000+05:30,9203,COMPLETE
4521,2013-08-21T00:00:00.000+05:30,2402,COMPLETE
4522,2013-08-21T00:00:00.000+05:30,10550,COMPLETE
4523,2013-08-21T00:00:00.000+05:30,952,COMPLETE
4524,2013-08-21T00:00:00.000+05:30,7694,COMPLETE
4528,2013-08-21T00:00:00.000+05:30,12027,COMPLETE
4533,2013-08-21T00:00:00.000+05:30,10103,COMPLETE
4534,2013-08-21T00:00:00.000+05:30,7606,COMPLETE
4535,2013-08-21T00:00:00.000+05:30,10589,COMPLETE
4536,2013-08-21T00:00:00.000+05:30,1903,COMPLETE
4537,2013-08-21T00:00:00.000+05:30,1794,COMPLETE
4540,2013-08-21T00:00:00.000+05:30,10354,COMPLETE
4541,2013-08-21T00:00:00.000+05:30,1035,COMPLETE
4542,2013-08-21T00:00:00.000+05:30,3558,COMPLETE
4543,2013-08-21T00:00:00.000+05:30,12058,COMPLETE
4556,2013-08-22T00:00:00.000+05:30,904,COMPLETE
4561,2013-08-22T00:00:00.000+05:30,7037,COMPLETE
4562,2013-08-22T00:00:00.000+05:30,5901,COMPLETE
4563,2013-08-22T00:00:00.000+05:30,6355,COMPLETE
4564,2013-08-22T00:00:00.000+05:30,2615,COMPLETE
4565,2013-08-22T00:00:00.000+05:30,11449,COMPLETE
4568,2013-08-22T00:00:00.000+05:30,264,COMPLETE
4571,2013-08-22T00:00:00.000+05:30,10586,COMPLETE
4573,2013-08-22T00:00:00.000+05:30,9053,COMPLETE
4578,2013-08-22T00:00:00.000+05:30,12164,COMPLETE
4584,2013-08-22T00:00:00.000+05:30,5106,COMPLETE
4587,2013-08-22T00:00:00.000+05:30,6178,COMPLETE
4590,2013-08-22T00:00:00.000+05:30,2357,COMPLETE
4595,2013-08-22T00:00:00.000+05:30,959,COMPLETE
4597,2013-08-22T00:00:00.000+05:30,2302,COMPLETE
4600,2013-08-22T00:00:00.000+05:30,12035,COMPLETE
4606,2013-08-22T00:00:00.000+05:30,4246,COMPLETE
4607,2013-08-22T00:00:00.000+05:30,8324,COMPLETE
4611,2013-08-22T00:00:00.000+05:30,7415,COMPLETE
4614,2013-08-22T00:00:00.000+05:30,6446,COMPLETE
4615,2013-08-22T00:00:00.000+05:30,1024,COMPLETE
4626,2013-08-22T00:00:00.000+05:30,2885,COMPLETE
4633,2013-08-22T00:00:00.000+05:30,6233,COMPLETE
4634,2013-08-22T00:00:00.000+05:30,4364,COMPLETE
4635,2013-08-22T00:00:00.000+05:30,9894,COMPLETE
4636,2013-08-22T00:00:00.000+05:30,10099,COMPLETE
4638,2013-08-22T00:00:00.000+05:30,10584,COMPLETE
4639,2013-08-22T00:00:00.000+05:30,8386,COMPLETE
4640,2013-08-22T00:00:00.000+05:30,11540,COMPLETE
4643,2013-08-22T00:00:00.000+05:30,6639,COMPLETE
4657,2013-08-22T00:00:00.000+05:30,4082,COMPLETE
4661,2013-08-22T00:00:00.000+05:30,1575,COMPLETE
4662,2013-08-22T00:00:00.000+05:30,11336,COMPLETE
4665,2013-08-22T00:00:00.000+05:30,1436,COMPLETE
4667,2013-08-22T00:00:00.000+05:30,8108,COMPLETE
4671,2013-08-22T00:00:00.000+05:30,9325,COMPLETE
4675,2013-08-22T00:00:00.000+05:30,10083,COMPLETE
4678,2013-08-22T00:00:00.000+05:30,9377,COMPLETE
4679,2013-08-22T00:00:00.000+05:30,6517,COMPLETE
4681,2013-08-22T00:00:00.000+05:30,11799,COMPLETE
4682,2013-08-22T00:00:00.000+05:30,7872,COMPLETE
4683,2013-08-22T00:00:00.000+05:30,5667,COMPLETE
4687,2013-08-22T00:00:00.000+05:30,1761,COMPLETE
4690,2013-08-22T00:00:00.000+05:30,61,COMPLETE
4692,2013-08-22T00:00:00.000+05:30,3627,COMPLETE
4695,2013-08-22T00:00:00.000+05:30,10572,COMPLETE
4700,2013-08-22T00:00:00.000+05:30,2804,COMPLETE
4704,2013-08-22T00:00:00.000+05:30,8413,COMPLETE
4705,2013-08-22T00:00:00.000+05:30,8810,COMPLETE
4706,2013-08-22T00:00:00.000+05:30,8630,COMPLETE
4708,2013-08-22T00:00:00.000+05:30,5887,COMPLETE
4709,2013-08-22T00:00:00.000+05:30,8118,COMPLETE
4710,2013-08-22T00:00:00.000+05:30,2376,COMPLETE
4711,2013-08-22T00:00:00.000+05:30,10031,COMPLETE
4714,2013-08-23T00:00:00.000+05:30,3482,COMPLETE
4721,2013-08-23T00:00:00.000+05:30,7175,COMPLETE
4739,2013-08-23T00:00:00.000+05:30,1234,COMPLETE
4740,2013-08-23T00:00:00.000+05:30,4997,COMPLETE
4742,2013-08-23T00:00:00.000+05:30,9537,COMPLETE
4743,2013-08-23T00:00:00.000+05:30,10054,COMPLETE
4745,2013-08-23T00:00:00.000+05:30,10123,COMPLETE
4750,2013-08-23T00:00:00.000+05:30,11300,COMPLETE
4752,2013-08-23T00:00:00.000+05:30,10900,COMPLETE
4753,2013-08-23T00:00:00.000+05:30,10077,COMPLETE
4758,2013-08-23T00:00:00.000+05:30,4414,COMPLETE
4760,2013-08-23T00:00:00.000+05:30,11685,COMPLETE
4761,2013-08-23T00:00:00.000+05:30,5708,COMPLETE
4762,2013-08-23T00:00:00.000+05:30,4578,COMPLETE
4763,2013-08-23T00:00:00.000+05:30,1013,COMPLETE
4770,2013-08-23T00:00:00.000+05:30,6228,COMPLETE
4772,2013-08-23T00:00:00.000+05:30,605,COMPLETE
4773,2013-08-23T00:00:00.000+05:30,1833,COMPLETE
4777,2013-08-23T00:00:00.000+05:30,10668,COMPLETE
4780,2013-08-23T00:00:00.000+05:30,1339,COMPLETE
4782,2013-08-23T00:00:00.000+05:30,4335,COMPLETE
4784,2013-08-23T00:00:00.000+05:30,6704,COMPLETE
4786,2013-08-23T00:00:00.000+05:30,4578,COMPLETE
4790,2013-08-23T00:00:00.000+05:30,4410,COMPLETE
4793,2013-08-23T00:00:00.000+05:30,803,COMPLETE
4794,2013-08-23T00:00:00.000+05:30,9406,COMPLETE
4802,2013-08-23T00:00:00.000+05:30,10408,COMPLETE
4803,2013-08-23T00:00:00.000+05:30,9195,COMPLETE
4804,2013-08-23T00:00:00.000+05:30,11971,COMPLETE
4808,2013-08-23T00:00:00.000+05:30,6727,COMPLETE
4810,2013-08-23T00:00:00.000+05:30,6871,COMPLETE
4811,2013-08-23T00:00:00.000+05:30,10757,COMPLETE
4812,2013-08-23T00:00:00.000+05:30,10173,COMPLETE
4816,2013-08-23T00:00:00.000+05:30,6088,COMPLETE
4822,2013-08-23T00:00:00.000+05:30,5971,COMPLETE
4823,2013-08-23T00:00:00.000+05:30,11700,COMPLETE
4826,2013-08-23T00:00:00.000+05:30,12201,COMPLETE
4829,2013-08-23T00:00:00.000+05:30,3631,COMPLETE
4833,2013-08-23T00:00:00.000+05:30,2991,COMPLETE
4844,2013-08-23T00:00:00.000+05:30,5712,COMPLETE
4845,2013-08-23T00:00:00.000+05:30,9040,COMPLETE
4848,2013-08-23T00:00:00.000+05:30,4836,COMPLETE
4851,2013-08-23T00:00:00.000+05:30,2907,COMPLETE
4852,2013-08-23T00:00:00.000+05:30,2557,COMPLETE
4855,2013-08-23T00:00:00.000+05:30,5953,COMPLETE
4861,2013-08-23T00:00:00.000+05:30,7831,COMPLETE
4863,2013-08-23T00:00:00.000+05:30,3929,COMPLETE
4864,2013-08-23T00:00:00.000+05:30,4776,COMPLETE
4877,2013-08-24T00:00:00.000+05:30,2230,COMPLETE
4880,2013-08-24T00:00:00.000+05:30,10993,COMPLETE
4882,2013-08-24T00:00:00.000+05:30,8083,COMPLETE
4883,2013-08-24T00:00:00.000+05:30,4916,COMPLETE
4887,2013-08-24T00:00:00.000+05:30,4991,COMPLETE
4891,2013-08-24T00:00:00.000+05:30,7813,COMPLETE
4897,2013-08-24T00:00:00.000+05:30,12272,COMPLETE
4898,2013-08-24T00:00:00.000+05:30,8579,COMPLETE
4899,2013-08-24T00:00:00.000+05:30,7546,COMPLETE
4900,2013-08-24T00:00:00.000+05:30,1214,COMPLETE
4901,2013-08-24T00:00:00.000+05:30,8954,COMPLETE
4907,2013-08-24T00:00:00.000+05:30,517,COMPLETE
4910,2013-08-24T00:00:00.000+05:30,6320,COMPLETE
4912,2013-08-24T00:00:00.000+05:30,6751,COMPLETE
4913,2013-08-24T00:00:00.000+05:30,4065,COMPLETE
4914,2013-08-24T00:00:00.000+05:30,12047,COMPLETE
4917,2013-08-24T00:00:00.000+05:30,5292,COMPLETE
4922,2013-08-24T00:00:00.000+05:30,5851,COMPLETE
4924,2013-08-24T00:00:00.000+05:30,6716,COMPLETE
4928,2013-08-24T00:00:00.000+05:30,9204,COMPLETE
4929,2013-08-24T00:00:00.000+05:30,2232,COMPLETE
4930,2013-08-24T00:00:00.000+05:30,9135,COMPLETE
4932,2013-08-24T00:00:00.000+05:30,1197,COMPLETE
4934,2013-08-24T00:00:00.000+05:30,7297,COMPLETE
4941,2013-08-24T00:00:00.000+05:30,10418,COMPLETE
4945,2013-08-24T00:00:00.000+05:30,7833,COMPLETE
4946,2013-08-24T00:00:00.000+05:30,8628,COMPLETE
4947,2013-08-24T00:00:00.000+05:30,2730,COMPLETE
4949,2013-08-24T00:00:00.000+05:30,7150,COMPLETE
4951,2013-08-24T00:00:00.000+05:30,2431,COMPLETE
4957,2013-08-24T00:00:00.000+05:30,5999,COMPLETE
4961,2013-08-24T00:00:00.000+05:30,7717,COMPLETE
4963,2013-08-24T00:00:00.000+05:30,3470,COMPLETE
4965,2013-08-24T00:00:00.000+05:30,6048,COMPLETE
4969,2013-08-24T00:00:00.000+05:30,3937,COMPLETE
4974,2013-08-24T00:00:00.000+05:30,8971,COMPLETE
4978,2013-08-24T00:00:00.000+05:30,6742,COMPLETE
4980,2013-08-24T00:00:00.000+05:30,11959,COMPLETE
4982,2013-08-24T00:00:00.000+05:30,8958,COMPLETE
4984,2013-08-24T00:00:00.000+05:30,8554,COMPLETE
4987,2013-08-24T00:00:00.000+05:30,8196,COMPLETE
4988,2013-08-24T00:00:00.000+05:30,9640,COMPLETE
4990,2013-08-24T00:00:00.000+05:30,8767,COMPLETE
4993,2013-08-24T00:00:00.000+05:30,11720,COMPLETE
4999,2013-08-24T00:00:00.000+05:30,4582,COMPLETE
5001,2013-08-24T00:00:00.000+05:30,90,COMPLETE
5006,2013-08-24T00:00:00.000+05:30,2238,COMPLETE
5007,2013-08-24T00:00:00.000+05:30,9731,COMPLETE
5008,2013-08-24T00:00:00.000+05:30,10342,COMPLETE
5010,2013-08-24T00:00:00.000+05:30,4876,COMPLETE
5011,2013-08-24T00:00:00.000+05:30,4316,COMPLETE
5015,2013-08-24T00:00:00.000+05:30,8584,COMPLETE
5023,2013-08-24T00:00:00.000+05:30,2833,COMPLETE
5024,2013-08-24T00:00:00.000+05:30,2943,COMPLETE
5028,2013-08-24T00:00:00.000+05:30,5876,COMPLETE
5029,2013-08-24T00:00:00.000+05:30,4508,COMPLETE
5039,2013-08-24T00:00:00.000+05:30,9164,COMPLETE
5047,2013-08-24T00:00:00.000+05:30,6165,COMPLETE
5050,2013-08-24T00:00:00.000+05:30,6933,COMPLETE
5051,2013-08-24T00:00:00.000+05:30,8703,COMPLETE
5052,2013-08-24T00:00:00.000+05:30,9327,COMPLETE
5054,2013-08-24T00:00:00.000+05:30,3295,COMPLETE
5058,2013-08-24T00:00:00.000+05:30,11118,COMPLETE
5061,2013-08-24T00:00:00.000+05:30,90,COMPLETE
5072,2013-08-24T00:00:00.000+05:30,4050,COMPLETE
5087,2013-08-24T00:00:00.000+05:30,3895,COMPLETE
5088,2013-08-24T00:00:00.000+05:30,96,COMPLETE
5090,2013-08-24T00:00:00.000+05:30,6500,COMPLETE
5091,2013-08-24T00:00:00.000+05:30,556,COMPLETE
5093,2013-08-24T00:00:00.000+05:30,10044,COMPLETE
5094,2013-08-24T00:00:00.000+05:30,11100,COMPLETE
5097,2013-08-25T00:00:00.000+05:30,8362,COMPLETE
5098,2013-08-25T00:00:00.000+05:30,8758,COMPLETE
5099,2013-08-25T00:00:00.000+05:30,11386,COMPLETE
5101,2013-08-25T00:00:00.000+05:30,20,COMPLETE
5102,2013-08-25T00:00:00.000+05:30,4170,COMPLETE
5103,2013-08-25T00:00:00.000+05:30,5458,COMPLETE
5104,2013-08-25T00:00:00.000+05:30,12347,COMPLETE
5109,2013-08-25T00:00:00.000+05:30,8484,COMPLETE
5118,2013-08-25T00:00:00.000+05:30,4537,COMPLETE
5128,2013-08-25T00:00:00.000+05:30,10023,COMPLETE
5131,2013-08-25T00:00:00.000+05:30,11515,COMPLETE
5136,2013-08-25T00:00:00.000+05:30,11689,COMPLETE
5138,2013-08-25T00:00:00.000+05:30,1901,COMPLETE
5140,2013-08-25T00:00:00.000+05:30,3634,COMPLETE
5144,2013-08-25T00:00:00.000+05:30,1072,COMPLETE
5148,2013-08-25T00:00:00.000+05:30,12075,COMPLETE
5151,2013-08-25T00:00:00.000+05:30,9190,COMPLETE
5163,2013-08-25T00:00:00.000+05:30,9149,COMPLETE
5166,2013-08-25T00:00:00.000+05:30,9308,COMPLETE
5167,2013-08-25T00:00:00.000+05:30,6132,COMPLETE
5168,2013-08-25T00:00:00.000+05:30,5830,COMPLETE
5170,2013-08-25T00:00:00.000+05:30,8132,COMPLETE
5172,2013-08-25T00:00:00.000+05:30,4045,COMPLETE
5173,2013-08-25T00:00:00.000+05:30,8821,COMPLETE
5176,2013-08-25T00:00:00.000+05:30,784,COMPLETE
5180,2013-08-25T00:00:00.000+05:30,6881,COMPLETE
5188,2013-08-25T00:00:00.000+05:30,8645,COMPLETE
5191,2013-08-25T00:00:00.000+05:30,109,COMPLETE
5203,2013-08-25T00:00:00.000+05:30,11196,COMPLETE
5210,2013-08-25T00:00:00.000+05:30,1399,COMPLETE
5211,2013-08-25T00:00:00.000+05:30,11117,COMPLETE
5215,2013-08-25T00:00:00.000+05:30,4568,COMPLETE
5220,2013-08-25T00:00:00.000+05:30,7134,COMPLETE
5222,2013-08-25T00:00:00.000+05:30,7893,COMPLETE
5223,2013-08-25T00:00:00.000+05:30,9761,COMPLETE
5225,2013-08-25T00:00:00.000+05:30,10818,COMPLETE
5226,2013-08-25T00:00:00.000+05:30,1745,COMPLETE
5231,2013-08-25T00:00:00.000+05:30,1612,COMPLETE
5232,2013-08-25T00:00:00.000+05:30,12215,COMPLETE
5235,2013-08-25T00:00:00.000+05:30,9916,COMPLETE
5238,2013-08-25T00:00:00.000+05:30,5741,COMPLETE
5240,2013-08-25T00:00:00.000+05:30,5151,COMPLETE
5243,2013-08-25T00:00:00.000+05:30,5388,COMPLETE
5244,2013-08-25T00:00:00.000+05:30,1216,COMPLETE
5245,2013-08-25T00:00:00.000+05:30,11361,COMPLETE
5247,2013-08-25T00:00:00.000+05:30,9549,COMPLETE
5250,2013-08-25T00:00:00.000+05:30,1443,COMPLETE
5252,2013-08-25T00:00:00.000+05:30,7618,COMPLETE
5258,2013-08-25T00:00:00.000+05:30,4067,COMPLETE
5261,2013-08-25T00:00:00.000+05:30,9159,COMPLETE
5262,2013-08-25T00:00:00.000+05:30,7925,COMPLETE
5266,2013-08-25T00:00:00.000+05:30,11947,COMPLETE
5275,2013-08-25T00:00:00.000+05:30,8248,COMPLETE
5277,2013-08-26T00:00:00.000+05:30,583,COMPLETE
5280,2013-08-26T00:00:00.000+05:30,6602,COMPLETE
5288,2013-08-26T00:00:00.000+05:30,9984,COMPLETE
5289,2013-08-26T00:00:00.000+05:30,6500,COMPLETE
5298,2013-08-26T00:00:00.000+05:30,6789,COMPLETE
5302,2013-08-26T00:00:00.000+05:30,6493,COMPLETE
5305,2013-08-26T00:00:00.000+05:30,1517,COMPLETE
5306,2013-08-26T00:00:00.000+05:30,744,COMPLETE
5307,2013-08-26T00:00:00.000+05:30,9442,COMPLETE
5308,2013-08-26T00:00:00.000+05:30,5456,COMPLETE
5309,2013-08-26T00:00:00.000+05:30,5769,COMPLETE
5311,2013-08-26T00:00:00.000+05:30,7798,COMPLETE
5312,2013-08-26T00:00:00.000+05:30,9056,COMPLETE
5316,2013-08-26T00:00:00.000+05:30,7394,COMPLETE
5317,2013-08-26T00:00:00.000+05:30,6224,COMPLETE
5318,2013-08-26T00:00:00.000+05:30,11354,COMPLETE
5329,2013-08-26T00:00:00.000+05:30,5970,COMPLETE
5333,2013-08-26T00:00:00.000+05:30,4502,COMPLETE
5334,2013-08-26T00:00:00.000+05:30,744,COMPLETE
5336,2013-08-26T00:00:00.000+05:30,10607,COMPLETE
5337,2013-08-26T00:00:00.000+05:30,497,COMPLETE
5338,2013-08-26T00:00:00.000+05:30,3044,COMPLETE
5339,2013-08-26T00:00:00.000+05:30,10201,COMPLETE
5340,2013-08-26T00:00:00.000+05:30,8355,COMPLETE
5341,2013-08-26T00:00:00.000+05:30,2589,COMPLETE
5342,2013-08-26T00:00:00.000+05:30,3471,COMPLETE
5346,2013-08-26T00:00:00.000+05:30,8859,COMPLETE
5351,2013-08-26T00:00:00.000+05:30,3565,COMPLETE
5352,2013-08-26T00:00:00.000+05:30,2271,COMPLETE
5355,2013-08-26T00:00:00.000+05:30,798,COMPLETE
5364,2013-08-26T00:00:00.000+05:30,12248,COMPLETE
5366,2013-08-26T00:00:00.000+05:30,5855,COMPLETE
5367,2013-08-26T00:00:00.000+05:30,8288,COMPLETE
5368,2013-08-26T00:00:00.000+05:30,2159,COMPLETE
5369,2013-08-26T00:00:00.000+05:30,9847,COMPLETE
5371,2013-08-26T00:00:00.000+05:30,4914,COMPLETE
5372,2013-08-26T00:00:00.000+05:30,10398,COMPLETE
5373,2013-08-26T00:00:00.000+05:30,2413,COMPLETE
5377,2013-08-26T00:00:00.000+05:30,7938,COMPLETE
5380,2013-08-26T00:00:00.000+05:30,8174,COMPLETE
5383,2013-08-26T00:00:00.000+05:30,10331,COMPLETE
5384,2013-08-26T00:00:00.000+05:30,4689,COMPLETE
5388,2013-08-26T00:00:00.000+05:30,5327,COMPLETE
5391,2013-08-26T00:00:00.000+05:30,6429,COMPLETE
5392,2013-08-26T00:00:00.000+05:30,9526,COMPLETE
5393,2013-08-26T00:00:00.000+05:30,3395,COMPLETE
5397,2013-08-26T00:00:00.000+05:30,450,COMPLETE
5400,2013-08-26T00:00:00.000+05:30,1447,COMPLETE
5402,2013-08-26T00:00:00.000+05:30,10781,COMPLETE
5407,2013-08-26T00:00:00.000+05:30,8081,COMPLETE
5412,2013-08-26T00:00:00.000+05:30,1382,COMPLETE
5422,2013-08-26T00:00:00.000+05:30,8208,COMPLETE
5426,2013-08-26T00:00:00.000+05:30,2970,COMPLETE
5430,2013-08-26T00:00:00.000+05:30,10762,COMPLETE
5434,2013-08-27T00:00:00.000+05:30,1771,COMPLETE
5436,2013-08-27T00:00:00.000+05:30,1974,COMPLETE
5437,2013-08-27T00:00:00.000+05:30,7319,COMPLETE
5441,2013-08-27T00:00:00.000+05:30,1096,COMPLETE
5442,2013-08-27T00:00:00.000+05:30,2562,COMPLETE
5445,2013-08-27T00:00:00.000+05:30,3175,COMPLETE
5448,2013-08-27T00:00:00.000+05:30,6357,COMPLETE
5450,2013-08-27T00:00:00.000+05:30,3026,COMPLETE
5455,2013-08-27T00:00:00.000+05:30,7670,COMPLETE
5462,2013-08-27T00:00:00.000+05:30,6130,COMPLETE
5464,2013-08-27T00:00:00.000+05:30,306,COMPLETE
5471,2013-08-27T00:00:00.000+05:30,9960,COMPLETE
5474,2013-08-27T00:00:00.000+05:30,1673,COMPLETE
5475,2013-08-27T00:00:00.000+05:30,4199,COMPLETE
5476,2013-08-27T00:00:00.000+05:30,2717,COMPLETE
5478,2013-08-27T00:00:00.000+05:30,5653,COMPLETE
5486,2013-08-27T00:00:00.000+05:30,1714,COMPLETE
5487,2013-08-27T00:00:00.000+05:30,8666,COMPLETE
5493,2013-08-27T00:00:00.000+05:30,1412,COMPLETE
5497,2013-08-27T00:00:00.000+05:30,7694,COMPLETE
5500,2013-08-27T00:00:00.000+05:30,11380,COMPLETE
5501,2013-08-27T00:00:00.000+05:30,6014,COMPLETE
5502,2013-08-27T00:00:00.000+05:30,2533,COMPLETE
5505,2013-08-27T00:00:00.000+05:30,10978,COMPLETE
5508,2013-08-27T00:00:00.000+05:30,9549,COMPLETE
5510,2013-08-27T00:00:00.000+05:30,6652,COMPLETE
5512,2013-08-27T00:00:00.000+05:30,3677,COMPLETE
5517,2013-08-27T00:00:00.000+05:30,10735,COMPLETE
5521,2013-08-27T00:00:00.000+05:30,5509,COMPLETE
5522,2013-08-27T00:00:00.000+05:30,5826,COMPLETE
5530,2013-08-27T00:00:00.000+05:30,5612,COMPLETE
5531,2013-08-27T00:00:00.000+05:30,1788,COMPLETE
5537,2013-08-27T00:00:00.000+05:30,6546,COMPLETE
5546,2013-08-27T00:00:00.000+05:30,9249,COMPLETE
5553,2013-08-27T00:00:00.000+05:30,11865,COMPLETE
5554,2013-08-27T00:00:00.000+05:30,9759,COMPLETE
5556,2013-08-27T00:00:00.000+05:30,2577,COMPLETE
5559,2013-08-27T00:00:00.000+05:30,5911,COMPLETE
5560,2013-08-27T00:00:00.000+05:30,6635,COMPLETE
5562,2013-08-27T00:00:00.000+05:30,12209,COMPLETE
5566,2013-08-27T00:00:00.000+05:30,7544,COMPLETE
5567,2013-08-27T00:00:00.000+05:30,3244,COMPLETE
5569,2013-08-27T00:00:00.000+05:30,4919,COMPLETE
5570,2013-08-27T00:00:00.000+05:30,3536,COMPLETE
5572,2013-08-27T00:00:00.000+05:30,7554,COMPLETE
5577,2013-08-28T00:00:00.000+05:30,316,COMPLETE
5581,2013-08-28T00:00:00.000+05:30,7786,COMPLETE
5585,2013-08-28T00:00:00.000+05:30,11588,COMPLETE
5593,2013-08-28T00:00:00.000+05:30,11667,COMPLETE
5594,2013-08-28T00:00:00.000+05:30,5037,COMPLETE
5596,2013-08-28T00:00:00.000+05:30,3928,COMPLETE
5597,2013-08-28T00:00:00.000+05:30,8468,COMPLETE
5601,2013-08-28T00:00:00.000+05:30,2001,COMPLETE
5602,2013-08-28T00:00:00.000+05:30,9789,COMPLETE
5604,2013-08-28T00:00:00.000+05:30,8509,COMPLETE
5606,2013-08-28T00:00:00.000+05:30,1058,COMPLETE
5608,2013-08-28T00:00:00.000+05:30,1017,COMPLETE
5612,2013-08-28T00:00:00.000+05:30,8010,COMPLETE
5615,2013-08-28T00:00:00.000+05:30,5926,COMPLETE
5617,2013-08-28T00:00:00.000+05:30,3160,COMPLETE
5618,2013-08-28T00:00:00.000+05:30,10563,COMPLETE
5620,2013-08-28T00:00:00.000+05:30,2836,COMPLETE
5625,2013-08-28T00:00:00.000+05:30,11091,COMPLETE
5632,2013-08-28T00:00:00.000+05:30,7844,COMPLETE
5638,2013-08-28T00:00:00.000+05:30,11133,COMPLETE
5639,2013-08-28T00:00:00.000+05:30,4707,COMPLETE
5643,2013-08-28T00:00:00.000+05:30,5452,COMPLETE
5645,2013-08-28T00:00:00.000+05:30,9751,COMPLETE
5652,2013-08-29T00:00:00.000+05:30,7748,COMPLETE
5653,2013-08-29T00:00:00.000+05:30,9369,COMPLETE
5654,2013-08-29T00:00:00.000+05:30,11965,COMPLETE
5656,2013-08-29T00:00:00.000+05:30,10612,COMPLETE
5658,2013-08-29T00:00:00.000+05:30,9562,COMPLETE
5661,2013-08-29T00:00:00.000+05:30,3129,COMPLETE
5665,2013-08-29T00:00:00.000+05:30,11170,COMPLETE
5667,2013-08-29T00:00:00.000+05:30,12326,COMPLETE
5669,2013-08-29T00:00:00.000+05:30,3882,COMPLETE
5675,2013-08-29T00:00:00.000+05:30,1100,COMPLETE
5679,2013-08-29T00:00:00.000+05:30,11861,COMPLETE
5680,2013-08-29T00:00:00.000+05:30,4547,COMPLETE
5681,2013-08-29T00:00:00.000+05:30,8111,COMPLETE
5688,2013-08-29T00:00:00.000+05:30,1715,COMPLETE
5692,2013-08-29T00:00:00.000+05:30,3303,COMPLETE
5693,2013-08-29T00:00:00.000+05:30,11361,COMPLETE
5694,2013-08-29T00:00:00.000+05:30,3192,COMPLETE
5699,2013-08-29T00:00:00.000+05:30,6143,COMPLETE
5702,2013-08-29T00:00:00.000+05:30,10610,COMPLETE
5703,2013-08-29T00:00:00.000+05:30,5197,COMPLETE
5705,2013-08-29T00:00:00.000+05:30,4251,COMPLETE
5709,2013-08-29T00:00:00.000+05:30,9047,COMPLETE
5710,2013-08-29T00:00:00.000+05:30,1659,COMPLETE
5711,2013-08-29T00:00:00.000+05:30,8543,COMPLETE
5715,2013-08-29T00:00:00.000+05:30,9814,COMPLETE
5717,2013-08-29T00:00:00.000+05:30,8403,COMPLETE
5718,2013-08-29T00:00:00.000+05:30,12026,COMPLETE
5724,2013-08-29T00:00:00.000+05:30,5316,COMPLETE
5725,2013-08-29T00:00:00.000+05:30,7099,COMPLETE
5729,2013-08-29T00:00:00.000+05:30,7446,COMPLETE
5730,2013-08-29T00:00:00.000+05:30,6829,COMPLETE
5737,2013-08-29T00:00:00.000+05:30,8374,COMPLETE
5738,2013-08-29T00:00:00.000+05:30,4582,COMPLETE
5741,2013-08-29T00:00:00.000+05:30,2571,COMPLETE
5742,2013-08-29T00:00:00.000+05:30,9919,COMPLETE
5743,2013-08-29T00:00:00.000+05:30,11717,COMPLETE
5744,2013-08-29T00:00:00.000+05:30,4181,COMPLETE
5745,2013-08-29T00:00:00.000+05:30,6392,COMPLETE
5747,2013-08-29T00:00:00.000+05:30,10101,COMPLETE
5750,2013-08-29T00:00:00.000+05:30,2205,COMPLETE
5755,2013-08-29T00:00:00.000+05:30,7331,COMPLETE
5763,2013-08-29T00:00:00.000+05:30,3433,COMPLETE
5764,2013-08-29T00:00:00.000+05:30,8524,COMPLETE
5775,2013-08-29T00:00:00.000+05:30,12030,COMPLETE
5782,2013-08-29T00:00:00.000+05:30,10650,COMPLETE
5785,2013-08-29T00:00:00.000+05:30,1672,COMPLETE
5786,2013-08-29T00:00:00.000+05:30,9783,COMPLETE
5792,2013-08-29T00:00:00.000+05:30,7730,COMPLETE
5793,2013-08-29T00:00:00.000+05:30,9387,COMPLETE
5794,2013-08-29T00:00:00.000+05:30,50,COMPLETE
5795,2013-08-29T00:00:00.000+05:30,9717,COMPLETE
5796,2013-08-29T00:00:00.000+05:30,2358,COMPLETE
5799,2013-08-29T00:00:00.000+05:30,5731,COMPLETE
5801,2013-08-29T00:00:00.000+05:30,2881,COMPLETE
5804,2013-08-29T00:00:00.000+05:30,9174,COMPLETE
5806,2013-08-29T00:00:00.000+05:30,8628,COMPLETE
5814,2013-08-29T00:00:00.000+05:30,1857,COMPLETE
5815,2013-08-29T00:00:00.000+05:30,8974,COMPLETE
5816,2013-08-29T00:00:00.000+05:30,5065,COMPLETE
5817,2013-08-29T00:00:00.000+05:30,4414,COMPLETE
5822,2013-08-29T00:00:00.000+05:30,10497,COMPLETE
5828,2013-08-29T00:00:00.000+05:30,1939,COMPLETE
5839,2013-08-29T00:00:00.000+05:30,11376,COMPLETE
5841,2013-08-29T00:00:00.000+05:30,5685,COMPLETE
5845,2013-08-29T00:00:00.000+05:30,6543,COMPLETE
5850,2013-08-29T00:00:00.000+05:30,5267,COMPLETE
5851,2013-08-29T00:00:00.000+05:30,164,COMPLETE
5852,2013-08-29T00:00:00.000+05:30,9344,COMPLETE
5865,2013-08-30T00:00:00.000+05:30,3230,COMPLETE
5867,2013-08-30T00:00:00.000+05:30,4518,COMPLETE
5869,2013-08-30T00:00:00.000+05:30,10000,COMPLETE
5870,2013-08-30T00:00:00.000+05:30,5488,COMPLETE
5873,2013-08-30T00:00:00.000+05:30,1480,COMPLETE
5874,2013-08-30T00:00:00.000+05:30,2298,COMPLETE
5875,2013-08-30T00:00:00.000+05:30,10242,COMPLETE
5876,2013-08-30T00:00:00.000+05:30,4556,COMPLETE
5877,2013-08-30T00:00:00.000+05:30,5244,COMPLETE
5886,2013-08-30T00:00:00.000+05:30,5327,COMPLETE
5887,2013-08-30T00:00:00.000+05:30,2123,COMPLETE
5888,2013-08-30T00:00:00.000+05:30,5288,COMPLETE
5891,2013-08-30T00:00:00.000+05:30,11418,COMPLETE
5892,2013-08-30T00:00:00.000+05:30,5128,COMPLETE
5900,2013-08-30T00:00:00.000+05:30,7270,COMPLETE
5902,2013-08-30T00:00:00.000+05:30,3873,COMPLETE
5903,2013-08-30T00:00:00.000+05:30,2356,COMPLETE
5907,2013-08-30T00:00:00.000+05:30,8419,COMPLETE
5914,2013-08-30T00:00:00.000+05:30,4040,COMPLETE
5928,2013-08-30T00:00:00.000+05:30,12370,COMPLETE
5933,2013-08-30T00:00:00.000+05:30,1156,COMPLETE
5937,2013-08-30T00:00:00.000+05:30,1383,COMPLETE
5939,2013-08-30T00:00:00.000+05:30,3525,COMPLETE
5948,2013-08-31T00:00:00.000+05:30,8967,COMPLETE
5949,2013-08-31T00:00:00.000+05:30,250,COMPLETE
5950,2013-08-31T00:00:00.000+05:30,4022,COMPLETE
5956,2013-08-31T00:00:00.000+05:30,9464,COMPLETE
5957,2013-08-31T00:00:00.000+05:30,8824,COMPLETE
5961,2013-08-31T00:00:00.000+05:30,6556,COMPLETE
5968,2013-08-31T00:00:00.000+05:30,7415,COMPLETE
5972,2013-08-31T00:00:00.000+05:30,12061,COMPLETE
5975,2013-08-31T00:00:00.000+05:30,3965,COMPLETE
5979,2013-08-31T00:00:00.000+05:30,8692,COMPLETE
5980,2013-08-31T00:00:00.000+05:30,6389,COMPLETE
5984,2013-08-31T00:00:00.000+05:30,6942,COMPLETE
5987,2013-08-31T00:00:00.000+05:30,4954,COMPLETE
5988,2013-08-31T00:00:00.000+05:30,3880,COMPLETE
5990,2013-08-31T00:00:00.000+05:30,5477,COMPLETE
5992,2013-08-31T00:00:00.000+05:30,4994,COMPLETE
5993,2013-08-31T00:00:00.000+05:30,4422,COMPLETE
5994,2013-08-31T00:00:00.000+05:30,5701,COMPLETE
5996,2013-08-31T00:00:00.000+05:30,7862,COMPLETE
6003,2013-08-31T00:00:00.000+05:30,7954,COMPLETE
6004,2013-08-31T00:00:00.000+05:30,4707,COMPLETE
6006,2013-08-31T00:00:00.000+05:30,11500,COMPLETE
6007,2013-08-31T00:00:00.000+05:30,6360,COMPLETE
6009,2013-08-31T00:00:00.000+05:30,10370,COMPLETE
6010,2013-08-31T00:00:00.000+05:30,5147,COMPLETE
6013,2013-08-31T00:00:00.000+05:30,6845,COMPLETE
6014,2013-08-31T00:00:00.000+05:30,10148,COMPLETE
6017,2013-08-31T00:00:00.000+05:30,1142,COMPLETE
6021,2013-08-31T00:00:00.000+05:30,1990,COMPLETE
6028,2013-08-31T00:00:00.000+05:30,9190,COMPLETE
6035,2013-08-31T00:00:00.000+05:30,8314,COMPLETE
6038,2013-08-31T00:00:00.000+05:30,11473,COMPLETE
6043,2013-08-31T00:00:00.000+05:30,9047,COMPLETE
6048,2013-08-31T00:00:00.000+05:30,1411,COMPLETE
6054,2013-08-31T00:00:00.000+05:30,7096,COMPLETE
6055,2013-08-31T00:00:00.000+05:30,9115,COMPLETE
6059,2013-09-01T00:00:00.000+05:30,11516,COMPLETE
6061,2013-09-01T00:00:00.000+05:30,7209,COMPLETE
6065,2013-09-01T00:00:00.000+05:30,2114,COMPLETE
6066,2013-09-01T00:00:00.000+05:30,5068,COMPLETE
6069,2013-09-01T00:00:00.000+05:30,4242,COMPLETE
6075,2013-09-01T00:00:00.000+05:30,9496,COMPLETE
6076,2013-09-01T00:00:00.000+05:30,7838,COMPLETE
6080,2013-09-01T00:00:00.000+05:30,363,COMPLETE
6083,2013-09-01T00:00:00.000+05:30,601,COMPLETE
6084,2013-09-01T00:00:00.000+05:30,5138,COMPLETE
6085,2013-09-01T00:00:00.000+05:30,871,COMPLETE
