36353,2014-03-05T00:00:00.000+05:30,2205,ON_HOLD
36357,2014-03-05T00:00:00.000+05:30,10940,ON_HOLD
36360,2014-03-05T00:00:00.000+05:30,3791,ON_HOLD
36371,2014-03-05T00:00:00.000+05:30,7614,ON_HOLD
36378,2014-03-05T00:00:00.000+05:30,258,ON_HOLD
36393,2014-03-05T00:00:00.000+05:30,10294,ON_HOLD
36402,2014-03-05T00:00:00.000+05:30,4015,ON_HOLD
36406,2014-03-05T00:00:00.000+05:30,1922,ON_HOLD
36412,2014-03-05T00:00:00.000+05:30,7512,ON_HOLD
36432,2014-03-05T00:00:00.000+05:30,10191,ON_HOLD
36440,2014-03-05T00:00:00.000+05:30,3201,ON_HOLD
36460,2014-03-05T00:00:00.000+05:30,3848,ON_HOLD
36465,2014-03-05T00:00:00.000+05:30,2319,ON_HOLD
36466,2014-03-05T00:00:00.000+05:30,6152,ON_HOLD
36470,2014-03-06T00:00:00.000+05:30,239,ON_HOLD
36471,2014-03-06T00:00:00.000+05:30,12029,ON_HOLD
36486,2014-03-06T00:00:00.000+05:30,3058,ON_HOLD
36512,2014-03-06T00:00:00.000+05:30,8648,ON_HOLD
36528,2014-03-06T00:00:00.000+05:30,270,ON_HOLD
36544,2014-03-06T00:00:00.000+05:30,5366,ON_HOLD
36563,2014-03-06T00:00:00.000+05:30,5790,ON_HOLD
36568,2014-03-06T00:00:00.000+05:30,3556,ON_HOLD
36578,2014-03-06T00:00:00.000+05:30,6439,ON_HOLD
36590,2014-03-06T00:00:00.000+05:30,12363,ON_HOLD
36595,2014-03-06T00:00:00.000+05:30,3667,ON_HOLD
36603,2014-03-06T00:00:00.000+05:30,4292,ON_HOLD
36643,2014-03-06T00:00:00.000+05:30,8157,ON_HOLD
36664,2014-03-06T00:00:00.000+05:30,12131,ON_HOLD
36675,2014-03-07T00:00:00.000+05:30,816,ON_HOLD
36703,2014-03-07T00:00:00.000+05:30,9596,ON_HOLD
36731,2014-03-07T00:00:00.000+05:30,11732,ON_HOLD
36767,2014-03-07T00:00:00.000+05:30,508,ON_HOLD
36787,2014-03-07T00:00:00.000+05:30,6103,ON_HOLD
36792,2014-03-07T00:00:00.000+05:30,3071,ON_HOLD
36798,2014-03-07T00:00:00.000+05:30,9834,ON_HOLD
36803,2014-03-07T00:00:00.000+05:30,2445,ON_HOLD
36806,2014-03-07T00:00:00.000+05:30,6561,ON_HOLD
36825,2014-03-08T00:00:00.000+05:30,5571,ON_HOLD
36832,2014-03-08T00:00:00.000+05:30,2401,ON_HOLD
36843,2014-03-08T00:00:00.000+05:30,11662,ON_HOLD
36875,2014-03-08T00:00:00.000+05:30,11858,ON_HOLD
36876,2014-03-08T00:00:00.000+05:30,1797,ON_HOLD
36930,2014-03-10T00:00:00.000+05:30,3167,ON_HOLD
36949,2014-03-10T00:00:00.000+05:30,4224,ON_HOLD
36964,2014-03-10T00:00:00.000+05:30,2844,ON_HOLD
36983,2014-03-10T00:00:00.000+05:30,8555,ON_HOLD
37015,2014-03-10T00:00:00.000+05:30,3848,ON_HOLD
37039,2014-03-10T00:00:00.000+05:30,4618,ON_HOLD
37043,2014-03-10T00:00:00.000+05:30,495,ON_HOLD
37051,2014-03-10T00:00:00.000+05:30,4368,ON_HOLD
37073,2014-03-10T00:00:00.000+05:30,3500,ON_HOLD
37075,2014-03-10T00:00:00.000+05:30,841,ON_HOLD
37084,2014-03-10T00:00:00.000+05:30,6710,ON_HOLD
37098,2014-03-10T00:00:00.000+05:30,8217,ON_HOLD
37123,2014-03-11T00:00:00.000+05:30,4232,ON_HOLD
37130,2014-03-11T00:00:00.000+05:30,532,ON_HOLD
37139,2014-03-11T00:00:00.000+05:30,4086,ON_HOLD
37193,2014-03-11T00:00:00.000+05:30,12097,ON_HOLD
37199,2014-03-11T00:00:00.000+05:30,7749,ON_HOLD
37205,2014-03-11T00:00:00.000+05:30,5372,ON_HOLD
37249,2014-03-11T00:00:00.000+05:30,9073,ON_HOLD
37296,2014-03-11T00:00:00.000+05:30,6281,ON_HOLD
37300,2014-03-12T00:00:00.000+05:30,3472,ON_HOLD
37312,2014-03-12T00:00:00.000+05:30,11420,ON_HOLD
37345,2014-03-12T00:00:00.000+05:30,11472,ON_HOLD
37351,2014-03-12T00:00:00.000+05:30,5984,ON_HOLD
37352,2014-03-12T00:00:00.000+05:30,4380,ON_HOLD
37368,2014-03-12T00:00:00.000+05:30,9573,ON_HOLD
37373,2014-03-12T00:00:00.000+05:30,12031,ON_HOLD
37437,2014-03-12T00:00:00.000+05:30,6805,ON_HOLD
37456,2014-03-12T00:00:00.000+05:30,5067,ON_HOLD
37462,2014-03-12T00:00:00.000+05:30,5188,ON_HOLD
37504,2014-03-12T00:00:00.000+05:30,534,ON_HOLD
37524,2014-03-13T00:00:00.000+05:30,1680,ON_HOLD
37544,2014-03-13T00:00:00.000+05:30,10464,ON_HOLD
37548,2014-03-13T00:00:00.000+05:30,4258,ON_HOLD
37554,2014-03-13T00:00:00.000+05:30,9255,ON_HOLD
37555,2014-03-13T00:00:00.000+05:30,8100,ON_HOLD
37556,2014-03-13T00:00:00.000+05:30,3276,ON_HOLD
37568,2014-03-13T00:00:00.000+05:30,7195,ON_HOLD
37593,2014-03-13T00:00:00.000+05:30,5599,ON_HOLD
37598,2014-03-13T00:00:00.000+05:30,3181,ON_HOLD
37608,2014-03-13T00:00:00.000+05:30,5955,ON_HOLD
37662,2014-03-14T00:00:00.000+05:30,627,ON_HOLD
37665,2014-03-14T00:00:00.000+05:30,6505,ON_HOLD
37695,2014-03-14T00:00:00.000+05:30,6466,ON_HOLD
37708,2014-03-14T00:00:00.000+05:30,7158,ON_HOLD
37715,2014-03-14T00:00:00.000+05:30,9457,ON_HOLD
37746,2014-03-14T00:00:00.000+05:30,6863,ON_HOLD
37761,2014-03-14T00:00:00.000+05:30,98,ON_HOLD
37762,2014-03-14T00:00:00.000+05:30,7434,ON_HOLD
37776,2014-03-14T00:00:00.000+05:30,8457,ON_HOLD
37779,2014-03-14T00:00:00.000+05:30,5277,ON_HOLD
37795,2014-03-14T00:00:00.000+05:30,8207,ON_HOLD
37797,2014-03-14T00:00:00.000+05:30,7544,ON_HOLD
37833,2014-03-15T00:00:00.000+05:30,11133,ON_HOLD
37836,2014-03-15T00:00:00.000+05:30,1901,ON_HOLD
37842,2014-03-15T00:00:00.000+05:30,8924,ON_HOLD
37851,2014-03-15T00:00:00.000+05:30,416,ON_HOLD
37879,2014-03-15T00:00:00.000+05:30,7532,ON_HOLD
37884,2014-03-15T00:00:00.000+05:30,9093,ON_HOLD
37889,2014-03-15T00:00:00.000+05:30,1059,ON_HOLD
37903,2014-03-15T00:00:00.000+05:30,3168,ON_HOLD
37954,2014-03-15T00:00:00.000+05:30,8942,ON_HOLD
37995,2014-03-15T00:00:00.000+05:30,10095,ON_HOLD
38026,2014-03-16T00:00:00.000+05:30,2145,ON_HOLD
38034,2014-03-16T00:00:00.000+05:30,8692,ON_HOLD
38089,2014-03-16T00:00:00.000+05:30,8733,ON_HOLD
38103,2014-03-16T00:00:00.000+05:30,3879,ON_HOLD
38104,2014-03-16T00:00:00.000+05:30,7086,ON_HOLD
38109,2014-03-16T00:00:00.000+05:30,7307,ON_HOLD
38113,2014-03-16T00:00:00.000+05:30,11000,ON_HOLD
38127,2014-03-16T00:00:00.000+05:30,7388,ON_HOLD
38161,2014-03-16T00:00:00.000+05:30,6388,ON_HOLD
38163,2014-03-16T00:00:00.000+05:30,7129,ON_HOLD
38184,2014-03-16T00:00:00.000+05:30,6654,ON_HOLD
38210,2014-03-17T00:00:00.000+05:30,3282,ON_HOLD
38217,2014-03-17T00:00:00.000+05:30,8350,ON_HOLD
38229,2014-03-17T00:00:00.000+05:30,6359,ON_HOLD
38251,2014-03-18T00:00:00.000+05:30,5667,ON_HOLD
38262,2014-03-18T00:00:00.000+05:30,91,ON_HOLD
38295,2014-03-18T00:00:00.000+05:30,7203,ON_HOLD
38316,2014-03-18T00:00:00.000+05:30,4455,ON_HOLD
38317,2014-03-18T00:00:00.000+05:30,11687,ON_HOLD
38319,2014-03-18T00:00:00.000+05:30,8122,ON_HOLD
38343,2014-03-18T00:00:00.000+05:30,7252,ON_HOLD
38359,2014-03-18T00:00:00.000+05:30,9020,ON_HOLD
38371,2014-03-18T00:00:00.000+05:30,1873,ON_HOLD
38373,2014-03-18T00:00:00.000+05:30,10914,ON_HOLD
38390,2014-03-18T00:00:00.000+05:30,4153,ON_HOLD
38402,2014-03-18T00:00:00.000+05:30,805,ON_HOLD
38420,2014-03-18T00:00:00.000+05:30,9229,ON_HOLD
38438,2014-03-18T00:00:00.000+05:30,5284,ON_HOLD
38471,2014-03-19T00:00:00.000+05:30,4771,ON_HOLD
38496,2014-03-19T00:00:00.000+05:30,765,ON_HOLD
38543,2014-03-19T00:00:00.000+05:30,4466,ON_HOLD
38563,2014-03-20T00:00:00.000+05:30,4522,ON_HOLD
38583,2014-03-20T00:00:00.000+05:30,8284,ON_HOLD
38606,2014-03-20T00:00:00.000+05:30,11781,ON_HOLD
38618,2014-03-20T00:00:00.000+05:30,9955,ON_HOLD
38626,2014-03-20T00:00:00.000+05:30,929,ON_HOLD
38652,2014-03-20T00:00:00.000+05:30,8830,ON_HOLD
38659,2014-03-20T00:00:00.000+05:30,3154,ON_HOLD
38669,2014-03-20T00:00:00.000+05:30,1578,ON_HOLD
38671,2014-03-20T00:00:00.000+05:30,2549,ON_HOLD
38686,2014-03-20T00:00:00.000+05:30,7205,ON_HOLD
38719,2014-03-21T00:00:00.000+05:30,7132,ON_HOLD
38720,2014-03-21T00:00:00.000+05:30,5566,ON_HOLD
38739,2014-03-21T00:00:00.000+05:30,9910,ON_HOLD
38755,2014-03-21T00:00:00.000+05:30,7284,ON_HOLD
38764,2014-03-21T00:00:00.000+05:30,8101,ON_HOLD
38774,2014-03-21T00:00:00.000+05:30,12256,ON_HOLD
38775,2014-03-21T00:00:00.000+05:30,1972,ON_HOLD
38796,2014-03-21T00:00:00.000+05:30,408,ON_HOLD
38834,2014-03-21T00:00:00.000+05:30,4590,ON_HOLD
38839,2014-03-21T00:00:00.000+05:30,11109,ON_HOLD
38873,2014-03-22T00:00:00.000+05:30,4847,ON_HOLD
38909,2014-03-22T00:00:00.000+05:30,8105,ON_HOLD
38941,2014-03-22T00:00:00.000+05:30,3966,ON_HOLD
38946,2014-03-22T00:00:00.000+05:30,6581,ON_HOLD
38952,2014-03-22T00:00:00.000+05:30,8297,ON_HOLD
38960,2014-03-22T00:00:00.000+05:30,12241,ON_HOLD
39024,2014-03-22T00:00:00.000+05:30,2928,ON_HOLD
39025,2014-03-22T00:00:00.000+05:30,7830,ON_HOLD
39030,2014-03-22T00:00:00.000+05:30,6856,ON_HOLD
39038,2014-03-22T00:00:00.000+05:30,8176,ON_HOLD
39040,2014-03-22T00:00:00.000+05:30,7380,ON_HOLD
39090,2014-03-23T00:00:00.000+05:30,8309,ON_HOLD
39146,2014-03-23T00:00:00.000+05:30,552,ON_HOLD
39163,2014-03-23T00:00:00.000+05:30,9497,ON_HOLD
39201,2014-03-23T00:00:00.000+05:30,6739,ON_HOLD
39208,2014-03-23T00:00:00.000+05:30,14,ON_HOLD
39210,2014-03-23T00:00:00.000+05:30,1905,ON_HOLD
39214,2014-03-23T00:00:00.000+05:30,6482,ON_HOLD
39315,2014-03-24T00:00:00.000+05:30,2732,ON_HOLD
39339,2014-03-25T00:00:00.000+05:30,7789,ON_HOLD
39352,2014-03-25T00:00:00.000+05:30,11201,ON_HOLD
39362,2014-03-25T00:00:00.000+05:30,9642,ON_HOLD
39390,2014-03-25T00:00:00.000+05:30,6393,ON_HOLD
39421,2014-03-25T00:00:00.000+05:30,7300,ON_HOLD
39425,2014-03-26T00:00:00.000+05:30,1308,ON_HOLD
39458,2014-03-26T00:00:00.000+05:30,11438,ON_HOLD
39459,2014-03-26T00:00:00.000+05:30,12035,ON_HOLD
39495,2014-03-26T00:00:00.000+05:30,3876,ON_HOLD
39526,2014-03-26T00:00:00.000+05:30,554,ON_HOLD
39546,2014-03-26T00:00:00.000+05:30,5311,ON_HOLD
39548,2014-03-26T00:00:00.000+05:30,7144,ON_HOLD
39555,2014-03-26T00:00:00.000+05:30,3601,ON_HOLD
39568,2014-03-26T00:00:00.000+05:30,5111,ON_HOLD
39579,2014-03-26T00:00:00.000+05:30,5125,ON_HOLD
39615,2014-03-26T00:00:00.000+05:30,5464,ON_HOLD
39659,2014-03-27T00:00:00.000+05:30,9637,ON_HOLD
39672,2014-03-27T00:00:00.000+05:30,11534,ON_HOLD
39716,2014-03-27T00:00:00.000+05:30,5427,ON_HOLD
39722,2014-03-27T00:00:00.000+05:30,11968,ON_HOLD
39775,2014-03-28T00:00:00.000+05:30,1329,ON_HOLD
39780,2014-03-28T00:00:00.000+05:30,1250,ON_HOLD
39783,2014-03-28T00:00:00.000+05:30,3023,ON_HOLD
39802,2014-03-28T00:00:00.000+05:30,10057,ON_HOLD
39806,2014-03-28T00:00:00.000+05:30,5045,ON_HOLD
39820,2014-03-28T00:00:00.000+05:30,2363,ON_HOLD
39828,2014-03-28T00:00:00.000+05:30,6510,ON_HOLD
39843,2014-03-28T00:00:00.000+05:30,7211,ON_HOLD
39895,2014-03-28T00:00:00.000+05:30,9484,ON_HOLD
39900,2014-03-28T00:00:00.000+05:30,3902,ON_HOLD
39907,2014-03-28T00:00:00.000+05:30,7608,ON_HOLD
39929,2014-03-29T00:00:00.000+05:30,3828,ON_HOLD
39935,2014-03-29T00:00:00.000+05:30,8695,ON_HOLD
39980,2014-03-29T00:00:00.000+05:30,9547,ON_HOLD
39984,2014-03-29T00:00:00.000+05:30,10006,ON_HOLD
40019,2014-03-30T00:00:00.000+05:30,8890,ON_HOLD
40025,2014-03-30T00:00:00.000+05:30,4268,ON_HOLD
40027,2014-03-30T00:00:00.000+05:30,7645,ON_HOLD
40045,2014-03-30T00:00:00.000+05:30,4023,ON_HOLD
40070,2014-03-30T00:00:00.000+05:30,9195,ON_HOLD
40080,2014-03-30T00:00:00.000+05:30,9740,ON_HOLD
40082,2014-03-30T00:00:00.000+05:30,11513,ON_HOLD
40122,2014-03-30T00:00:00.000+05:30,8481,ON_HOLD
40127,2014-03-30T00:00:00.000+05:30,8749,ON_HOLD
40130,2014-03-30T00:00:00.000+05:30,2859,ON_HOLD
40145,2014-03-30T00:00:00.000+05:30,5841,ON_HOLD
40151,2014-03-30T00:00:00.000+05:30,5878,ON_HOLD
40169,2014-03-30T00:00:00.000+05:30,46,ON_HOLD
40214,2014-03-30T00:00:00.000+05:30,8567,ON_HOLD
40258,2014-03-31T00:00:00.000+05:30,10101,ON_HOLD
40278,2014-03-31T00:00:00.000+05:30,7576,ON_HOLD
40280,2014-03-31T00:00:00.000+05:30,10041,ON_HOLD
40287,2014-03-31T00:00:00.000+05:30,974,ON_HOLD
40338,2014-03-31T00:00:00.000+05:30,4650,ON_HOLD
40357,2014-03-31T00:00:00.000+05:30,3660,ON_HOLD
40387,2014-03-31T00:00:00.000+05:30,9039,ON_HOLD
40399,2014-03-31T00:00:00.000+05:30,7364,ON_HOLD
40410,2014-03-31T00:00:00.000+05:30,6652,ON_HOLD
40411,2014-03-31T00:00:00.000+05:30,4510,ON_HOLD
40417,2014-03-31T00:00:00.000+05:30,7823,ON_HOLD
40421,2014-03-31T00:00:00.000+05:30,10035,ON_HOLD
40426,2014-03-31T00:00:00.000+05:30,9136,ON_HOLD
40435,2014-03-31T00:00:00.000+05:30,1003,ON_HOLD
40447,2014-03-31T00:00:00.000+05:30,9028,ON_HOLD
40468,2014-04-01T00:00:00.000+05:30,11251,ON_HOLD
40471,2014-04-01T00:00:00.000+05:30,8847,ON_HOLD
40501,2014-04-01T00:00:00.000+05:30,2218,ON_HOLD
40535,2014-04-01T00:00:00.000+05:30,1341,ON_HOLD
40545,2014-04-01T00:00:00.000+05:30,1874,ON_HOLD
40576,2014-04-01T00:00:00.000+05:30,5732,ON_HOLD
40610,2014-04-01T00:00:00.000+05:30,10984,ON_HOLD
40619,2014-04-01T00:00:00.000+05:30,11743,ON_HOLD
40659,2014-04-01T00:00:00.000+05:30,8679,ON_HOLD
40721,2014-04-02T00:00:00.000+05:30,10114,ON_HOLD
40726,2014-04-02T00:00:00.000+05:30,9093,ON_HOLD
40729,2014-04-02T00:00:00.000+05:30,7290,ON_HOLD
40781,2014-04-02T00:00:00.000+05:30,10905,ON_HOLD
40798,2014-04-02T00:00:00.000+05:30,11887,ON_HOLD
40799,2014-04-02T00:00:00.000+05:30,12051,ON_HOLD
40809,2014-04-02T00:00:00.000+05:30,7998,ON_HOLD
40820,2014-04-02T00:00:00.000+05:30,3415,ON_HOLD
40829,2014-04-02T00:00:00.000+05:30,3968,ON_HOLD
40853,2014-04-02T00:00:00.000+05:30,5546,ON_HOLD
40880,2014-04-02T00:00:00.000+05:30,12313,ON_HOLD
40895,2014-04-03T00:00:00.000+05:30,5509,ON_HOLD
40897,2014-04-03T00:00:00.000+05:30,8324,ON_HOLD
40903,2014-04-03T00:00:00.000+05:30,9197,ON_HOLD
40914,2014-04-03T00:00:00.000+05:30,4679,ON_HOLD
40928,2014-04-03T00:00:00.000+05:30,6683,ON_HOLD
40945,2014-04-03T00:00:00.000+05:30,7329,ON_HOLD
40986,2014-04-03T00:00:00.000+05:30,5434,ON_HOLD
40993,2014-04-03T00:00:00.000+05:30,10235,ON_HOLD
40997,2014-04-03T00:00:00.000+05:30,6692,ON_HOLD
41042,2014-04-03T00:00:00.000+05:30,2574,ON_HOLD
41056,2014-04-03T00:00:00.000+05:30,8200,ON_HOLD
41063,2014-04-03T00:00:00.000+05:30,12118,ON_HOLD
41064,2014-04-03T00:00:00.000+05:30,12085,ON_HOLD
41065,2014-04-03T00:00:00.000+05:30,3759,ON_HOLD
41101,2014-04-03T00:00:00.000+05:30,462,ON_HOLD
41112,2014-04-04T00:00:00.000+05:30,10539,ON_HOLD
41145,2014-04-04T00:00:00.000+05:30,1445,ON_HOLD
41189,2014-04-04T00:00:00.000+05:30,9356,ON_HOLD
41214,2014-04-04T00:00:00.000+05:30,9453,ON_HOLD
41230,2014-04-04T00:00:00.000+05:30,6534,ON_HOLD
41238,2014-04-04T00:00:00.000+05:30,10534,ON_HOLD
41264,2014-04-04T00:00:00.000+05:30,10949,ON_HOLD
41285,2014-04-04T00:00:00.000+05:30,3514,ON_HOLD
41288,2014-04-04T00:00:00.000+05:30,2842,ON_HOLD
41295,2014-04-04T00:00:00.000+05:30,4386,ON_HOLD
41296,2014-04-04T00:00:00.000+05:30,6243,ON_HOLD
41304,2014-04-05T00:00:00.000+05:30,9316,ON_HOLD
41363,2014-04-05T00:00:00.000+05:30,6316,ON_HOLD
41369,2014-04-05T00:00:00.000+05:30,8057,ON_HOLD
41408,2014-04-05T00:00:00.000+05:30,6523,ON_HOLD
41419,2014-04-05T00:00:00.000+05:30,5869,ON_HOLD
41482,2014-04-06T00:00:00.000+05:30,3961,ON_HOLD
41486,2014-04-06T00:00:00.000+05:30,8150,ON_HOLD
41488,2014-04-06T00:00:00.000+05:30,5635,ON_HOLD
41535,2014-04-07T00:00:00.000+05:30,10761,ON_HOLD
41537,2014-04-07T00:00:00.000+05:30,8787,ON_HOLD
41542,2014-04-07T00:00:00.000+05:30,10939,ON_HOLD
41543,2014-04-07T00:00:00.000+05:30,6512,ON_HOLD
41545,2014-04-07T00:00:00.000+05:30,10474,ON_HOLD
41549,2014-04-07T00:00:00.000+05:30,7401,ON_HOLD
41571,2014-04-08T00:00:00.000+05:30,2888,ON_HOLD
41591,2014-04-08T00:00:00.000+05:30,10699,ON_HOLD
41594,2014-04-08T00:00:00.000+05:30,12410,ON_HOLD
41595,2014-04-08T00:00:00.000+05:30,5983,ON_HOLD
41602,2014-04-08T00:00:00.000+05:30,10415,ON_HOLD
41616,2014-04-08T00:00:00.000+05:30,3710,ON_HOLD
41714,2014-04-08T00:00:00.000+05:30,2940,ON_HOLD
41721,2014-04-08T00:00:00.000+05:30,8166,ON_HOLD
41748,2014-04-08T00:00:00.000+05:30,3570,ON_HOLD
41751,2014-04-08T00:00:00.000+05:30,1717,ON_HOLD
41759,2014-04-08T00:00:00.000+05:30,4596,ON_HOLD
41802,2014-04-09T00:00:00.000+05:30,9484,ON_HOLD
41810,2014-04-09T00:00:00.000+05:30,6391,ON_HOLD
41841,2014-04-09T00:00:00.000+05:30,9118,ON_HOLD
41849,2014-04-09T00:00:00.000+05:30,6132,ON_HOLD
41865,2014-04-09T00:00:00.000+05:30,271,ON_HOLD
41871,2014-04-09T00:00:00.000+05:30,1855,ON_HOLD
41915,2014-04-09T00:00:00.000+05:30,8166,ON_HOLD
41917,2014-04-09T00:00:00.000+05:30,12117,ON_HOLD
41922,2014-04-09T00:00:00.000+05:30,9789,ON_HOLD
41933,2014-04-09T00:00:00.000+05:30,6788,ON_HOLD
41967,2014-04-09T00:00:00.000+05:30,10602,ON_HOLD
41986,2014-04-09T00:00:00.000+05:30,7920,ON_HOLD
42004,2014-04-10T00:00:00.000+05:30,2373,ON_HOLD
42020,2014-04-10T00:00:00.000+05:30,10426,ON_HOLD
42036,2014-04-10T00:00:00.000+05:30,736,ON_HOLD
42082,2014-04-10T00:00:00.000+05:30,1889,ON_HOLD
42102,2014-04-10T00:00:00.000+05:30,10806,ON_HOLD
42158,2014-04-10T00:00:00.000+05:30,123,ON_HOLD
42162,2014-04-10T00:00:00.000+05:30,2451,ON_HOLD
42164,2014-04-10T00:00:00.000+05:30,9772,ON_HOLD
42165,2014-04-10T00:00:00.000+05:30,5777,ON_HOLD
42173,2014-04-10T00:00:00.000+05:30,6473,ON_HOLD
42182,2014-04-10T00:00:00.000+05:30,7165,ON_HOLD
42183,2014-04-10T00:00:00.000+05:30,774,ON_HOLD
42195,2014-04-10T00:00:00.000+05:30,1364,ON_HOLD
42199,2014-04-10T00:00:00.000+05:30,4229,ON_HOLD
42215,2014-04-11T00:00:00.000+05:30,9205,ON_HOLD
42223,2014-04-11T00:00:00.000+05:30,11670,ON_HOLD
42232,2014-04-11T00:00:00.000+05:30,1301,ON_HOLD
42241,2014-04-11T00:00:00.000+05:30,1651,ON_HOLD
42248,2014-04-11T00:00:00.000+05:30,7196,ON_HOLD
42259,2014-04-11T00:00:00.000+05:30,6799,ON_HOLD
42293,2014-04-11T00:00:00.000+05:30,12423,ON_HOLD
42317,2014-04-11T00:00:00.000+05:30,11390,ON_HOLD
42324,2014-04-11T00:00:00.000+05:30,10428,ON_HOLD
42330,2014-04-12T00:00:00.000+05:30,8450,ON_HOLD
42399,2014-04-12T00:00:00.000+05:30,12221,ON_HOLD
42402,2014-04-12T00:00:00.000+05:30,9281,ON_HOLD
42425,2014-04-12T00:00:00.000+05:30,1339,ON_HOLD
42429,2014-04-12T00:00:00.000+05:30,597,ON_HOLD
42442,2014-04-12T00:00:00.000+05:30,3370,ON_HOLD
42443,2014-04-12T00:00:00.000+05:30,12403,ON_HOLD
42464,2014-04-12T00:00:00.000+05:30,9017,ON_HOLD
42484,2014-04-12T00:00:00.000+05:30,3667,ON_HOLD
42492,2014-04-12T00:00:00.000+05:30,8722,ON_HOLD
42494,2014-04-12T00:00:00.000+05:30,4712,ON_HOLD
42514,2014-04-12T00:00:00.000+05:30,11608,ON_HOLD
42535,2014-04-13T00:00:00.000+05:30,9340,ON_HOLD
42546,2014-04-13T00:00:00.000+05:30,8682,ON_HOLD
42619,2014-04-14T00:00:00.000+05:30,589,ON_HOLD
42623,2014-04-14T00:00:00.000+05:30,4161,ON_HOLD
42653,2014-04-14T00:00:00.000+05:30,11584,ON_HOLD
42679,2014-04-14T00:00:00.000+05:30,1479,ON_HOLD
42690,2014-04-14T00:00:00.000+05:30,10169,ON_HOLD
42693,2014-04-15T00:00:00.000+05:30,10026,ON_HOLD
42716,2014-04-15T00:00:00.000+05:30,5311,ON_HOLD
42722,2014-04-15T00:00:00.000+05:30,12273,ON_HOLD
42737,2014-04-15T00:00:00.000+05:30,2669,ON_HOLD
42749,2014-04-15T00:00:00.000+05:30,7140,ON_HOLD
42767,2014-04-15T00:00:00.000+05:30,10788,ON_HOLD
42773,2014-04-15T00:00:00.000+05:30,8638,ON_HOLD
42799,2014-04-15T00:00:00.000+05:30,2342,ON_HOLD
42832,2014-04-16T00:00:00.000+05:30,9418,ON_HOLD
42839,2014-04-16T00:00:00.000+05:30,10266,ON_HOLD
42893,2014-04-16T00:00:00.000+05:30,4260,ON_HOLD
42919,2014-04-16T00:00:00.000+05:30,8796,ON_HOLD
42936,2014-04-16T00:00:00.000+05:30,6175,ON_HOLD
42949,2014-04-17T00:00:00.000+05:30,9140,ON_HOLD
42952,2014-04-17T00:00:00.000+05:30,11897,ON_HOLD
42954,2014-04-17T00:00:00.000+05:30,6508,ON_HOLD
42957,2014-04-17T00:00:00.000+05:30,260,ON_HOLD
42973,2014-04-17T00:00:00.000+05:30,1492,ON_HOLD
42992,2014-04-17T00:00:00.000+05:30,3972,ON_HOLD
43059,2014-04-18T00:00:00.000+05:30,5097,ON_HOLD
43066,2014-04-18T00:00:00.000+05:30,10134,ON_HOLD
43080,2014-04-18T00:00:00.000+05:30,8555,ON_HOLD
43104,2014-04-18T00:00:00.000+05:30,9849,ON_HOLD
43135,2014-04-18T00:00:00.000+05:30,11907,ON_HOLD
43138,2014-04-18T00:00:00.000+05:30,4450,ON_HOLD
43181,2014-04-18T00:00:00.000+05:30,8328,ON_HOLD
43199,2014-04-18T00:00:00.000+05:30,9415,ON_HOLD
43202,2014-04-18T00:00:00.000+05:30,7283,ON_HOLD
43207,2014-04-18T00:00:00.000+05:30,9401,ON_HOLD
43229,2014-04-18T00:00:00.000+05:30,8656,ON_HOLD
43264,2014-04-19T00:00:00.000+05:30,5086,ON_HOLD
43272,2014-04-19T00:00:00.000+05:30,9673,ON_HOLD
43283,2014-04-19T00:00:00.000+05:30,9347,ON_HOLD
43292,2014-04-19T00:00:00.000+05:30,11180,ON_HOLD
43304,2014-04-19T00:00:00.000+05:30,12345,ON_HOLD
43315,2014-04-20T00:00:00.000+05:30,4439,ON_HOLD
43327,2014-04-20T00:00:00.000+05:30,11397,ON_HOLD
43336,2014-04-20T00:00:00.000+05:30,1264,ON_HOLD
43338,2014-04-20T00:00:00.000+05:30,7751,ON_HOLD
43347,2014-04-20T00:00:00.000+05:30,7993,ON_HOLD
43354,2014-04-20T00:00:00.000+05:30,6780,ON_HOLD
43366,2014-04-20T00:00:00.000+05:30,12131,ON_HOLD
43371,2014-04-20T00:00:00.000+05:30,11254,ON_HOLD
43375,2014-04-20T00:00:00.000+05:30,3250,ON_HOLD
43376,2014-04-20T00:00:00.000+05:30,11266,ON_HOLD
43383,2014-04-20T00:00:00.000+05:30,10284,ON_HOLD
43437,2014-04-20T00:00:00.000+05:30,11643,ON_HOLD
43446,2014-04-20T00:00:00.000+05:30,6443,ON_HOLD
43463,2014-04-20T00:00:00.000+05:30,6472,ON_HOLD
43540,2014-04-21T00:00:00.000+05:30,2825,ON_HOLD
43574,2014-04-21T00:00:00.000+05:30,7265,ON_HOLD
43604,2014-04-21T00:00:00.000+05:30,3486,ON_HOLD
43608,2014-04-21T00:00:00.000+05:30,6231,ON_HOLD
43609,2014-04-21T00:00:00.000+05:30,7535,ON_HOLD
43620,2014-04-21T00:00:00.000+05:30,9667,ON_HOLD
43630,2014-04-21T00:00:00.000+05:30,11619,ON_HOLD
43674,2014-04-21T00:00:00.000+05:30,5022,ON_HOLD
43693,2014-04-21T00:00:00.000+05:30,7661,ON_HOLD
43698,2014-04-21T00:00:00.000+05:30,8016,ON_HOLD
43711,2014-04-22T00:00:00.000+05:30,987,ON_HOLD
43761,2014-04-22T00:00:00.000+05:30,5219,ON_HOLD
43776,2014-04-22T00:00:00.000+05:30,4583,ON_HOLD
43801,2014-04-22T00:00:00.000+05:30,4603,ON_HOLD
43811,2014-04-22T00:00:00.000+05:30,9913,ON_HOLD
43833,2014-04-23T00:00:00.000+05:30,12123,ON_HOLD
43842,2014-04-23T00:00:00.000+05:30,10511,ON_HOLD
43846,2014-04-23T00:00:00.000+05:30,1684,ON_HOLD
43851,2014-04-23T00:00:00.000+05:30,11888,ON_HOLD
43853,2014-04-23T00:00:00.000+05:30,12095,ON_HOLD
43909,2014-04-23T00:00:00.000+05:30,12292,ON_HOLD
43947,2014-04-23T00:00:00.000+05:30,4575,ON_HOLD
43968,2014-04-23T00:00:00.000+05:30,11591,ON_HOLD
43969,2014-04-23T00:00:00.000+05:30,1092,ON_HOLD
43988,2014-04-23T00:00:00.000+05:30,11427,ON_HOLD
43990,2014-04-23T00:00:00.000+05:30,5307,ON_HOLD
43998,2014-04-23T00:00:00.000+05:30,6913,ON_HOLD
44035,2014-04-24T00:00:00.000+05:30,9171,ON_HOLD
44039,2014-04-24T00:00:00.000+05:30,5990,ON_HOLD
44047,2014-04-24T00:00:00.000+05:30,1537,ON_HOLD
44054,2014-04-24T00:00:00.000+05:30,664,ON_HOLD
44061,2014-04-24T00:00:00.000+05:30,6593,ON_HOLD
44114,2014-04-25T00:00:00.000+05:30,7616,ON_HOLD
44124,2014-04-25T00:00:00.000+05:30,11639,ON_HOLD
44146,2014-04-25T00:00:00.000+05:30,2319,ON_HOLD
44152,2014-04-25T00:00:00.000+05:30,1335,ON_HOLD
44190,2014-04-25T00:00:00.000+05:30,6157,ON_HOLD
44216,2014-04-25T00:00:00.000+05:30,7467,ON_HOLD
44253,2014-04-25T00:00:00.000+05:30,11213,ON_HOLD
44259,2014-04-25T00:00:00.000+05:30,7466,ON_HOLD
44263,2014-04-25T00:00:00.000+05:30,8819,ON_HOLD
44266,2014-04-25T00:00:00.000+05:30,1191,ON_HOLD
44275,2014-04-25T00:00:00.000+05:30,1590,ON_HOLD
44280,2014-04-25T00:00:00.000+05:30,2451,ON_HOLD
44301,2014-04-25T00:00:00.000+05:30,12214,ON_HOLD
44323,2014-04-26T00:00:00.000+05:30,10619,ON_HOLD
44328,2014-04-26T00:00:00.000+05:30,8501,ON_HOLD
44334,2014-04-26T00:00:00.000+05:30,5492,ON_HOLD
44344,2014-04-26T00:00:00.000+05:30,10173,ON_HOLD
44360,2014-04-26T00:00:00.000+05:30,202,ON_HOLD
44373,2014-04-26T00:00:00.000+05:30,473,ON_HOLD
44391,2014-04-26T00:00:00.000+05:30,6532,ON_HOLD
44431,2014-04-26T00:00:00.000+05:30,10577,ON_HOLD
44436,2014-04-26T00:00:00.000+05:30,6768,ON_HOLD
44438,2014-04-26T00:00:00.000+05:30,9065,ON_HOLD
44439,2014-04-26T00:00:00.000+05:30,4357,ON_HOLD
44447,2014-04-26T00:00:00.000+05:30,3981,ON_HOLD
44453,2014-04-26T00:00:00.000+05:30,10627,ON_HOLD
44470,2014-04-26T00:00:00.000+05:30,6323,ON_HOLD
44476,2014-04-26T00:00:00.000+05:30,6983,ON_HOLD
44511,2014-04-26T00:00:00.000+05:30,1257,ON_HOLD
44521,2014-04-26T00:00:00.000+05:30,2664,ON_HOLD
44523,2014-04-27T00:00:00.000+05:30,4998,ON_HOLD
44540,2014-04-27T00:00:00.000+05:30,6863,ON_HOLD
44564,2014-04-27T00:00:00.000+05:30,5560,ON_HOLD
44588,2014-04-27T00:00:00.000+05:30,12402,ON_HOLD
44596,2014-04-27T00:00:00.000+05:30,203,ON_HOLD
44599,2014-04-27T00:00:00.000+05:30,1326,ON_HOLD
44602,2014-04-27T00:00:00.000+05:30,6924,ON_HOLD
44622,2014-04-27T00:00:00.000+05:30,417,ON_HOLD
44636,2014-04-27T00:00:00.000+05:30,597,ON_HOLD
44656,2014-04-27T00:00:00.000+05:30,11284,ON_HOLD
44670,2014-04-27T00:00:00.000+05:30,7266,ON_HOLD
44704,2014-04-27T00:00:00.000+05:30,9666,ON_HOLD
44717,2014-04-27T00:00:00.000+05:30,2318,ON_HOLD
44760,2014-04-28T00:00:00.000+05:30,1100,ON_HOLD
44777,2014-04-28T00:00:00.000+05:30,8507,ON_HOLD
44795,2014-04-28T00:00:00.000+05:30,2824,ON_HOLD
44812,2014-04-28T00:00:00.000+05:30,10865,ON_HOLD
44827,2014-04-28T00:00:00.000+05:30,6920,ON_HOLD
44880,2014-04-29T00:00:00.000+05:30,6433,ON_HOLD
44896,2014-04-29T00:00:00.000+05:30,10842,ON_HOLD
44919,2014-04-29T00:00:00.000+05:30,518,ON_HOLD
44934,2014-04-29T00:00:00.000+05:30,5113,ON_HOLD
44936,2014-04-29T00:00:00.000+05:30,8519,ON_HOLD
44947,2014-04-29T00:00:00.000+05:30,3103,ON_HOLD
44957,2014-04-29T00:00:00.000+05:30,10362,ON_HOLD
44958,2014-04-29T00:00:00.000+05:30,6025,ON_HOLD
44960,2014-04-29T00:00:00.000+05:30,11793,ON_HOLD
44964,2014-04-29T00:00:00.000+05:30,10802,ON_HOLD
44967,2014-04-29T00:00:00.000+05:30,4304,ON_HOLD
44979,2014-04-29T00:00:00.000+05:30,12413,ON_HOLD
44981,2014-04-29T00:00:00.000+05:30,2091,ON_HOLD
45004,2014-04-29T00:00:00.000+05:30,4497,ON_HOLD
45026,2014-04-29T00:00:00.000+05:30,868,ON_HOLD
45030,2014-04-29T00:00:00.000+05:30,12411,ON_HOLD
45051,2014-04-29T00:00:00.000+05:30,8524,ON_HOLD
45053,2014-04-29T00:00:00.000+05:30,6637,ON_HOLD
45076,2014-04-30T00:00:00.000+05:30,466,ON_HOLD
45135,2014-04-30T00:00:00.000+05:30,4322,ON_HOLD
45145,2014-04-30T00:00:00.000+05:30,6182,ON_HOLD
45156,2014-04-30T00:00:00.000+05:30,9176,ON_HOLD
45174,2014-05-01T00:00:00.000+05:30,7062,ON_HOLD
45187,2014-05-01T00:00:00.000+05:30,2773,ON_HOLD
45200,2014-05-01T00:00:00.000+05:30,1412,ON_HOLD
45205,2014-05-01T00:00:00.000+05:30,7495,ON_HOLD
45207,2014-05-01T00:00:00.000+05:30,3123,ON_HOLD
45210,2014-05-01T00:00:00.000+05:30,9001,ON_HOLD
45224,2014-05-01T00:00:00.000+05:30,8322,ON_HOLD
45232,2014-05-01T00:00:00.000+05:30,321,ON_HOLD
45245,2014-05-01T00:00:00.000+05:30,7784,ON_HOLD
45248,2014-05-01T00:00:00.000+05:30,12334,ON_HOLD
45252,2014-05-01T00:00:00.000+05:30,10822,ON_HOLD
45297,2014-05-02T00:00:00.000+05:30,1191,ON_HOLD
45305,2014-05-02T00:00:00.000+05:30,1670,ON_HOLD
45311,2014-05-02T00:00:00.000+05:30,11352,ON_HOLD
45333,2014-05-02T00:00:00.000+05:30,5641,ON_HOLD
45338,2014-05-02T00:00:00.000+05:30,4845,ON_HOLD
45356,2014-05-02T00:00:00.000+05:30,2044,ON_HOLD
45393,2014-05-02T00:00:00.000+05:30,329,ON_HOLD
45398,2014-05-02T00:00:00.000+05:30,5097,ON_HOLD
45408,2014-05-02T00:00:00.000+05:30,8618,ON_HOLD
45470,2014-05-03T00:00:00.000+05:30,9264,ON_HOLD
45502,2014-05-03T00:00:00.000+05:30,1946,ON_HOLD
45518,2014-05-03T00:00:00.000+05:30,10652,ON_HOLD
45523,2014-05-03T00:00:00.000+05:30,2367,ON_HOLD
45546,2014-05-03T00:00:00.000+05:30,185,ON_HOLD
45558,2014-05-03T00:00:00.000+05:30,8401,ON_HOLD
45568,2014-05-03T00:00:00.000+05:30,6765,ON_HOLD
45594,2014-05-03T00:00:00.000+05:30,4026,ON_HOLD
45605,2014-05-04T00:00:00.000+05:30,11914,ON_HOLD
45610,2014-05-04T00:00:00.000+05:30,10291,ON_HOLD
45613,2014-05-04T00:00:00.000+05:30,8485,ON_HOLD
45616,2014-05-04T00:00:00.000+05:30,2453,ON_HOLD
45651,2014-05-04T00:00:00.000+05:30,4527,ON_HOLD
45655,2014-05-04T00:00:00.000+05:30,8887,ON_HOLD
45680,2014-05-04T00:00:00.000+05:30,6757,ON_HOLD
45692,2014-05-04T00:00:00.000+05:30,12077,ON_HOLD
45716,2014-05-04T00:00:00.000+05:30,9914,ON_HOLD
45725,2014-05-04T00:00:00.000+05:30,415,ON_HOLD
45777,2014-05-05T00:00:00.000+05:30,563,ON_HOLD
45794,2014-05-05T00:00:00.000+05:30,6061,ON_HOLD
45807,2014-05-05T00:00:00.000+05:30,12094,ON_HOLD
45827,2014-05-05T00:00:00.000+05:30,9055,ON_HOLD
45845,2014-05-05T00:00:00.000+05:30,10858,ON_HOLD
45890,2014-05-06T00:00:00.000+05:30,1795,ON_HOLD
45906,2014-05-06T00:00:00.000+05:30,2985,ON_HOLD
45937,2014-05-06T00:00:00.000+05:30,4327,ON_HOLD
45948,2014-05-06T00:00:00.000+05:30,1268,ON_HOLD
45957,2014-05-06T00:00:00.000+05:30,520,ON_HOLD
45994,2014-05-06T00:00:00.000+05:30,4871,ON_HOLD
46006,2014-05-06T00:00:00.000+05:30,6820,ON_HOLD
46043,2014-05-06T00:00:00.000+05:30,3419,ON_HOLD
46046,2014-05-06T00:00:00.000+05:30,2815,ON_HOLD
46061,2014-05-06T00:00:00.000+05:30,4889,ON_HOLD
46077,2014-05-06T00:00:00.000+05:30,10023,ON_HOLD
46098,2014-05-06T00:00:00.000+05:30,3474,ON_HOLD
46100,2014-05-06T00:00:00.000+05:30,8301,ON_HOLD
46103,2014-05-06T00:00:00.000+05:30,3447,ON_HOLD
46114,2014-05-07T00:00:00.000+05:30,7804,ON_HOLD
46133,2014-05-07T00:00:00.000+05:30,10829,ON_HOLD
46145,2014-05-07T00:00:00.000+05:30,6699,ON_HOLD
46169,2014-05-07T00:00:00.000+05:30,631,ON_HOLD
46195,2014-05-07T00:00:00.000+05:30,5848,ON_HOLD
46213,2014-05-07T00:00:00.000+05:30,4560,ON_HOLD
46222,2014-05-07T00:00:00.000+05:30,10820,ON_HOLD
46228,2014-05-07T00:00:00.000+05:30,5233,ON_HOLD
46239,2014-05-07T00:00:00.000+05:30,2908,ON_HOLD
46247,2014-05-07T00:00:00.000+05:30,1039,ON_HOLD
46248,2014-05-07T00:00:00.000+05:30,675,ON_HOLD
46287,2014-05-07T00:00:00.000+05:30,4563,ON_HOLD
46324,2014-05-08T00:00:00.000+05:30,10424,ON_HOLD
46326,2014-05-08T00:00:00.000+05:30,922,ON_HOLD
46348,2014-05-08T00:00:00.000+05:30,3438,ON_HOLD
46371,2014-05-08T00:00:00.000+05:30,1484,ON_HOLD
46386,2014-05-09T00:00:00.000+05:30,11972,ON_HOLD
46390,2014-05-09T00:00:00.000+05:30,2903,ON_HOLD
46408,2014-05-09T00:00:00.000+05:30,10970,ON_HOLD
46421,2014-05-09T00:00:00.000+05:30,8782,ON_HOLD
46428,2014-05-09T00:00:00.000+05:30,7553,ON_HOLD
46479,2014-05-09T00:00:00.000+05:30,9089,ON_HOLD
46485,2014-05-09T00:00:00.000+05:30,9813,ON_HOLD
46503,2014-05-09T00:00:00.000+05:30,5856,ON_HOLD
46507,2014-05-09T00:00:00.000+05:30,8324,ON_HOLD
46540,2014-05-09T00:00:00.000+05:30,11770,ON_HOLD
46553,2014-05-09T00:00:00.000+05:30,1361,ON_HOLD
46571,2014-05-09T00:00:00.000+05:30,8959,ON_HOLD
46587,2014-05-09T00:00:00.000+05:30,2613,ON_HOLD
46614,2014-05-10T00:00:00.000+05:30,3437,ON_HOLD
46633,2014-05-10T00:00:00.000+05:30,5996,ON_HOLD
46673,2014-05-10T00:00:00.000+05:30,11928,ON_HOLD
46726,2014-05-10T00:00:00.000+05:30,12335,ON_HOLD
46728,2014-05-10T00:00:00.000+05:30,7406,ON_HOLD
46733,2014-05-10T00:00:00.000+05:30,6499,ON_HOLD
46769,2014-05-11T00:00:00.000+05:30,2890,ON_HOLD
46776,2014-05-11T00:00:00.000+05:30,11601,ON_HOLD
46790,2014-05-11T00:00:00.000+05:30,11265,ON_HOLD
46831,2014-05-11T00:00:00.000+05:30,10473,ON_HOLD
46835,2014-05-11T00:00:00.000+05:30,7209,ON_HOLD
46851,2014-05-11T00:00:00.000+05:30,754,ON_HOLD
46853,2014-05-11T00:00:00.000+05:30,956,ON_HOLD
46892,2014-05-11T00:00:00.000+05:30,3491,ON_HOLD
46913,2014-05-11T00:00:00.000+05:30,4715,ON_HOLD
46923,2014-05-11T00:00:00.000+05:30,4423,ON_HOLD
46933,2014-05-12T00:00:00.000+05:30,3544,ON_HOLD
46941,2014-05-12T00:00:00.000+05:30,1754,ON_HOLD
46977,2014-05-12T00:00:00.000+05:30,4241,ON_HOLD
46994,2014-05-12T00:00:00.000+05:30,8648,ON_HOLD
47018,2014-05-12T00:00:00.000+05:30,6894,ON_HOLD
47019,2014-05-12T00:00:00.000+05:30,7824,ON_HOLD
47026,2014-05-12T00:00:00.000+05:30,5123,ON_HOLD
47042,2014-05-12T00:00:00.000+05:30,8834,ON_HOLD
47060,2014-05-12T00:00:00.000+05:30,2758,ON_HOLD
47091,2014-05-12T00:00:00.000+05:30,2236,ON_HOLD
47111,2014-05-12T00:00:00.000+05:30,6514,ON_HOLD
47119,2014-05-12T00:00:00.000+05:30,892,ON_HOLD
47125,2014-05-12T00:00:00.000+05:30,10656,ON_HOLD
47134,2014-05-12T00:00:00.000+05:30,8185,ON_HOLD
47152,2014-05-13T00:00:00.000+05:30,2960,ON_HOLD
47163,2014-05-13T00:00:00.000+05:30,8005,ON_HOLD
47172,2014-05-13T00:00:00.000+05:30,4904,ON_HOLD
47234,2014-05-13T00:00:00.000+05:30,3118,ON_HOLD
47235,2014-05-13T00:00:00.000+05:30,11968,ON_HOLD
47252,2014-05-13T00:00:00.000+05:30,11040,ON_HOLD
47264,2014-05-13T00:00:00.000+05:30,8779,ON_HOLD
47287,2014-05-13T00:00:00.000+05:30,8578,ON_HOLD
47302,2014-05-13T00:00:00.000+05:30,6249,ON_HOLD
47335,2014-05-14T00:00:00.000+05:30,10870,ON_HOLD
47353,2014-05-14T00:00:00.000+05:30,5606,ON_HOLD
47371,2014-05-14T00:00:00.000+05:30,11822,ON_HOLD
47383,2014-05-14T00:00:00.000+05:30,5084,ON_HOLD
47387,2014-05-14T00:00:00.000+05:30,6092,ON_HOLD
47399,2014-05-14T00:00:00.000+05:30,6095,ON_HOLD
47402,2014-05-14T00:00:00.000+05:30,7322,ON_HOLD
47409,2014-05-14T00:00:00.000+05:30,4875,ON_HOLD
47411,2014-05-14T00:00:00.000+05:30,8579,ON_HOLD
47412,2014-05-14T00:00:00.000+05:30,10405,ON_HOLD
47433,2014-05-14T00:00:00.000+05:30,6262,ON_HOLD
47460,2014-05-14T00:00:00.000+05:30,4719,ON_HOLD
47462,2014-05-14T00:00:00.000+05:30,10502,ON_HOLD
47472,2014-05-15T00:00:00.000+05:30,895,ON_HOLD
47478,2014-05-15T00:00:00.000+05:30,8716,ON_HOLD
47488,2014-05-15T00:00:00.000+05:30,11051,ON_HOLD
47500,2014-05-15T00:00:00.000+05:30,1426,ON_HOLD
47528,2014-05-15T00:00:00.000+05:30,2251,ON_HOLD
47552,2014-05-15T00:00:00.000+05:30,6077,ON_HOLD
47574,2014-05-15T00:00:00.000+05:30,1966,ON_HOLD
47582,2014-05-15T00:00:00.000+05:30,8964,ON_HOLD
47586,2014-05-15T00:00:00.000+05:30,820,ON_HOLD
47593,2014-05-16T00:00:00.000+05:30,10501,ON_HOLD
47629,2014-05-16T00:00:00.000+05:30,5994,ON_HOLD
47636,2014-05-16T00:00:00.000+05:30,3007,ON_HOLD
47648,2014-05-16T00:00:00.000+05:30,2113,ON_HOLD
47685,2014-05-16T00:00:00.000+05:30,4249,ON_HOLD
47715,2014-05-16T00:00:00.000+05:30,4739,ON_HOLD
47765,2014-05-16T00:00:00.000+05:30,4075,ON_HOLD
47772,2014-05-16T00:00:00.000+05:30,11974,ON_HOLD
47795,2014-05-16T00:00:00.000+05:30,10211,ON_HOLD
47803,2014-05-16T00:00:00.000+05:30,8732,ON_HOLD
47824,2014-05-17T00:00:00.000+05:30,2801,ON_HOLD
47825,2014-05-17T00:00:00.000+05:30,10420,ON_HOLD
47857,2014-05-17T00:00:00.000+05:30,1940,ON_HOLD
47888,2014-05-17T00:00:00.000+05:30,10550,ON_HOLD
47893,2014-05-17T00:00:00.000+05:30,6241,ON_HOLD
47928,2014-05-17T00:00:00.000+05:30,1949,ON_HOLD
47945,2014-05-18T00:00:00.000+05:30,3182,ON_HOLD
48024,2014-05-18T00:00:00.000+05:30,1538,ON_HOLD
48031,2014-05-18T00:00:00.000+05:30,11508,ON_HOLD
48042,2014-05-18T00:00:00.000+05:30,4104,ON_HOLD
48043,2014-05-18T00:00:00.000+05:30,6586,ON_HOLD
48096,2014-05-18T00:00:00.000+05:30,8069,ON_HOLD
48109,2014-05-19T00:00:00.000+05:30,5111,ON_HOLD
48137,2014-05-19T00:00:00.000+05:30,6213,ON_HOLD
48189,2014-05-20T00:00:00.000+05:30,12382,ON_HOLD
48201,2014-05-20T00:00:00.000+05:30,5486,ON_HOLD
48212,2014-05-20T00:00:00.000+05:30,335,ON_HOLD
48227,2014-05-20T00:00:00.000+05:30,741,ON_HOLD
48270,2014-05-20T00:00:00.000+05:30,8825,ON_HOLD
48297,2014-05-20T00:00:00.000+05:30,7039,ON_HOLD
48327,2014-05-20T00:00:00.000+05:30,5065,ON_HOLD
48333,2014-05-20T00:00:00.000+05:30,4340,ON_HOLD
48353,2014-05-21T00:00:00.000+05:30,8093,ON_HOLD
48358,2014-05-21T00:00:00.000+05:30,5022,ON_HOLD
48364,2014-05-21T00:00:00.000+05:30,4401,ON_HOLD
48415,2014-05-21T00:00:00.000+05:30,8979,ON_HOLD
48417,2014-05-21T00:00:00.000+05:30,11238,ON_HOLD
48420,2014-05-21T00:00:00.000+05:30,1562,ON_HOLD
48428,2014-05-21T00:00:00.000+05:30,12071,ON_HOLD
48466,2014-05-21T00:00:00.000+05:30,4847,ON_HOLD
48500,2014-05-21T00:00:00.000+05:30,5671,ON_HOLD
48524,2014-05-21T00:00:00.000+05:30,783,ON_HOLD
48562,2014-05-22T00:00:00.000+05:30,822,ON_HOLD
48596,2014-05-22T00:00:00.000+05:30,1934,ON_HOLD
48623,2014-05-23T00:00:00.000+05:30,2094,ON_HOLD
48625,2014-05-23T00:00:00.000+05:30,4357,ON_HOLD
48632,2014-05-23T00:00:00.000+05:30,432,ON_HOLD
48638,2014-05-23T00:00:00.000+05:30,8210,ON_HOLD
48649,2014-05-23T00:00:00.000+05:30,3646,ON_HOLD
48661,2014-05-23T00:00:00.000+05:30,7677,ON_HOLD
48677,2014-05-23T00:00:00.000+05:30,11374,ON_HOLD
48688,2014-05-23T00:00:00.000+05:30,10760,ON_HOLD
48716,2014-05-24T00:00:00.000+05:30,5846,ON_HOLD
48722,2014-05-24T00:00:00.000+05:30,1246,ON_HOLD
48756,2014-05-24T00:00:00.000+05:30,359,ON_HOLD
48767,2014-05-24T00:00:00.000+05:30,10720,ON_HOLD
48772,2014-05-24T00:00:00.000+05:30,2744,ON_HOLD
48774,2014-05-24T00:00:00.000+05:30,2045,ON_HOLD
48798,2014-05-24T00:00:00.000+05:30,10917,ON_HOLD
48848,2014-05-24T00:00:00.000+05:30,1313,ON_HOLD
48871,2014-05-24T00:00:00.000+05:30,12338,ON_HOLD
48873,2014-05-24T00:00:00.000+05:30,10538,ON_HOLD
48882,2014-05-24T00:00:00.000+05:30,6577,ON_HOLD
48883,2014-05-24T00:00:00.000+05:30,1325,ON_HOLD
48912,2014-05-25T00:00:00.000+05:30,3167,ON_HOLD
48991,2014-05-25T00:00:00.000+05:30,3337,ON_HOLD
49035,2014-05-26T00:00:00.000+05:30,4870,ON_HOLD
49077,2014-05-26T00:00:00.000+05:30,6526,ON_HOLD
49082,2014-05-26T00:00:00.000+05:30,11256,ON_HOLD
49090,2014-05-26T00:00:00.000+05:30,1132,ON_HOLD
49130,2014-05-27T00:00:00.000+05:30,7413,ON_HOLD
49141,2014-05-27T00:00:00.000+05:30,11219,ON_HOLD
49167,2014-05-27T00:00:00.000+05:30,10888,ON_HOLD
49182,2014-05-27T00:00:00.000+05:30,1264,ON_HOLD
49191,2014-05-27T00:00:00.000+05:30,9603,ON_HOLD
49199,2014-05-28T00:00:00.000+05:30,9696,ON_HOLD
49203,2014-05-28T00:00:00.000+05:30,3332,ON_HOLD
49221,2014-05-28T00:00:00.000+05:30,7618,ON_HOLD
49257,2014-05-28T00:00:00.000+05:30,2514,ON_HOLD
49288,2014-05-28T00:00:00.000+05:30,748,ON_HOLD
49289,2014-05-28T00:00:00.000+05:30,6403,ON_HOLD
49293,2014-05-28T00:00:00.000+05:30,1734,ON_HOLD
49300,2014-05-28T00:00:00.000+05:30,3187,ON_HOLD
49327,2014-05-28T00:00:00.000+05:30,8050,ON_HOLD
49364,2014-05-28T00:00:00.000+05:30,9580,ON_HOLD
49365,2014-05-28T00:00:00.000+05:30,10222,ON_HOLD
49372,2014-05-28T00:00:00.000+05:30,7200,ON_HOLD
49393,2014-05-28T00:00:00.000+05:30,5883,ON_HOLD
49404,2014-05-29T00:00:00.000+05:30,11941,ON_HOLD
49416,2014-05-29T00:00:00.000+05:30,7680,ON_HOLD
49424,2014-05-29T00:00:00.000+05:30,7566,ON_HOLD
49426,2014-05-29T00:00:00.000+05:30,6176,ON_HOLD
49435,2014-05-29T00:00:00.000+05:30,11382,ON_HOLD
49444,2014-05-29T00:00:00.000+05:30,5647,ON_HOLD
49491,2014-05-29T00:00:00.000+05:30,2721,ON_HOLD
49503,2014-05-29T00:00:00.000+05:30,7944,ON_HOLD
49516,2014-05-30T00:00:00.000+05:30,9197,ON_HOLD
49524,2014-05-30T00:00:00.000+05:30,4941,ON_HOLD
49535,2014-05-30T00:00:00.000+05:30,12339,ON_HOLD
49538,2014-05-30T00:00:00.000+05:30,8869,ON_HOLD
49550,2014-05-30T00:00:00.000+05:30,12207,ON_HOLD
49552,2014-05-30T00:00:00.000+05:30,2266,ON_HOLD
49576,2014-05-30T00:00:00.000+05:30,3376,ON_HOLD
49583,2014-05-30T00:00:00.000+05:30,1601,ON_HOLD
49584,2014-05-30T00:00:00.000+05:30,2379,ON_HOLD
49590,2014-05-30T00:00:00.000+05:30,9947,ON_HOLD
49636,2014-05-31T00:00:00.000+05:30,2448,ON_HOLD
49655,2014-05-31T00:00:00.000+05:30,9087,ON_HOLD
49659,2014-05-31T00:00:00.000+05:30,9053,ON_HOLD
49715,2014-05-31T00:00:00.000+05:30,10094,ON_HOLD
49742,2014-06-01T00:00:00.000+05:30,5371,ON_HOLD
49743,2014-06-01T00:00:00.000+05:30,9107,ON_HOLD
49762,2014-06-01T00:00:00.000+05:30,1729,ON_HOLD
49798,2014-06-01T00:00:00.000+05:30,2851,ON_HOLD
49814,2014-06-01T00:00:00.000+05:30,2363,ON_HOLD
49855,2014-06-01T00:00:00.000+05:30,11921,ON_HOLD
49910,2014-06-02T00:00:00.000+05:30,7504,ON_HOLD
49929,2014-06-02T00:00:00.000+05:30,11836,ON_HOLD
49969,2014-06-02T00:00:00.000+05:30,10176,ON_HOLD
49988,2014-06-02T00:00:00.000+05:30,6727,ON_HOLD
50020,2014-06-02T00:00:00.000+05:30,6587,ON_HOLD
50055,2014-06-02T00:00:00.000+05:30,10101,ON_HOLD
50100,2014-06-03T00:00:00.000+05:30,6913,ON_HOLD
50115,2014-06-03T00:00:00.000+05:30,7505,ON_HOLD
50129,2014-06-03T00:00:00.000+05:30,7905,ON_HOLD
50130,2014-06-03T00:00:00.000+05:30,1332,ON_HOLD
50136,2014-06-03T00:00:00.000+05:30,857,ON_HOLD
50148,2014-06-04T00:00:00.000+05:30,564,ON_HOLD
50199,2014-06-04T00:00:00.000+05:30,12370,ON_HOLD
50201,2014-06-04T00:00:00.000+05:30,789,ON_HOLD
50237,2014-06-05T00:00:00.000+05:30,8353,ON_HOLD
50242,2014-06-05T00:00:00.000+05:30,10508,ON_HOLD
50254,2014-06-05T00:00:00.000+05:30,10406,ON_HOLD
50260,2014-06-05T00:00:00.000+05:30,10271,ON_HOLD
50269,2014-06-05T00:00:00.000+05:30,3539,ON_HOLD
50272,2014-06-05T00:00:00.000+05:30,667,ON_HOLD
50300,2014-06-05T00:00:00.000+05:30,9891,ON_HOLD
50321,2014-06-05T00:00:00.000+05:30,3356,ON_HOLD
50323,2014-06-05T00:00:00.000+05:30,2417,ON_HOLD
50338,2014-06-06T00:00:00.000+05:30,3185,ON_HOLD
50388,2014-06-06T00:00:00.000+05:30,6438,ON_HOLD
50393,2014-06-06T00:00:00.000+05:30,3676,ON_HOLD
50402,2014-06-06T00:00:00.000+05:30,9808,ON_HOLD
50405,2014-06-06T00:00:00.000+05:30,8589,ON_HOLD
50446,2014-06-06T00:00:00.000+05:30,11914,ON_HOLD
50472,2014-06-06T00:00:00.000+05:30,5753,ON_HOLD
50507,2014-06-06T00:00:00.000+05:30,961,ON_HOLD
50542,2014-06-07T00:00:00.000+05:30,238,ON_HOLD
50543,2014-06-07T00:00:00.000+05:30,9172,ON_HOLD
50547,2014-06-07T00:00:00.000+05:30,10147,ON_HOLD
50637,2014-06-07T00:00:00.000+05:30,9907,ON_HOLD
50644,2014-06-07T00:00:00.000+05:30,5426,ON_HOLD
50656,2014-06-07T00:00:00.000+05:30,4418,ON_HOLD
50690,2014-06-08T00:00:00.000+05:30,475,ON_HOLD
50741,2014-06-08T00:00:00.000+05:30,3706,ON_HOLD
50755,2014-06-08T00:00:00.000+05:30,761,ON_HOLD
50767,2014-06-08T00:00:00.000+05:30,7455,ON_HOLD
50795,2014-06-08T00:00:00.000+05:30,3182,ON_HOLD
50807,2014-06-08T00:00:00.000+05:30,2369,ON_HOLD
50810,2014-06-08T00:00:00.000+05:30,9936,ON_HOLD
50814,2014-06-08T00:00:00.000+05:30,12238,ON_HOLD
50848,2014-06-08T00:00:00.000+05:30,11653,ON_HOLD
50869,2014-06-09T00:00:00.000+05:30,4939,ON_HOLD
50912,2014-06-09T00:00:00.000+05:30,8718,ON_HOLD
50913,2014-06-09T00:00:00.000+05:30,2275,ON_HOLD
50950,2014-06-09T00:00:00.000+05:30,8310,ON_HOLD
50956,2014-06-09T00:00:00.000+05:30,1427,ON_HOLD
50959,2014-06-09T00:00:00.000+05:30,2706,ON_HOLD
50963,2014-06-09T00:00:00.000+05:30,7149,ON_HOLD
50972,2014-06-09T00:00:00.000+05:30,5127,ON_HOLD
50976,2014-06-09T00:00:00.000+05:30,12301,ON_HOLD
50980,2014-06-09T00:00:00.000+05:30,10570,ON_HOLD
50992,2014-06-09T00:00:00.000+05:30,9036,ON_HOLD
51005,2014-06-09T00:00:00.000+05:30,3944,ON_HOLD
51015,2014-06-09T00:00:00.000+05:30,1214,ON_HOLD
51040,2014-06-09T00:00:00.000+05:30,9419,ON_HOLD
51050,2014-06-09T00:00:00.000+05:30,1840,ON_HOLD
51075,2014-06-09T00:00:00.000+05:30,7045,ON_HOLD
51077,2014-06-09T00:00:00.000+05:30,2020,ON_HOLD
51094,2014-06-09T00:00:00.000+05:30,8789,ON_HOLD
51104,2014-06-10T00:00:00.000+05:30,9774,ON_HOLD
51118,2014-06-10T00:00:00.000+05:30,3231,ON_HOLD
51121,2014-06-10T00:00:00.000+05:30,7322,ON_HOLD
51135,2014-06-10T00:00:00.000+05:30,1385,ON_HOLD
51146,2014-06-10T00:00:00.000+05:30,4430,ON_HOLD
51170,2014-06-10T00:00:00.000+05:30,11313,ON_HOLD
51179,2014-06-10T00:00:00.000+05:30,308,ON_HOLD
51182,2014-06-10T00:00:00.000+05:30,5415,ON_HOLD
51185,2014-06-10T00:00:00.000+05:30,9567,ON_HOLD
51197,2014-06-10T00:00:00.000+05:30,717,ON_HOLD
51198,2014-06-10T00:00:00.000+05:30,8337,ON_HOLD
51210,2014-06-11T00:00:00.000+05:30,8180,ON_HOLD
51213,2014-06-11T00:00:00.000+05:30,7445,ON_HOLD
51234,2014-06-11T00:00:00.000+05:30,8419,ON_HOLD
51265,2014-06-11T00:00:00.000+05:30,10156,ON_HOLD
51289,2014-06-11T00:00:00.000+05:30,9201,ON_HOLD
51301,2014-06-12T00:00:00.000+05:30,8625,ON_HOLD
51312,2014-06-12T00:00:00.000+05:30,254,ON_HOLD
51321,2014-06-12T00:00:00.000+05:30,91,ON_HOLD
51351,2014-06-12T00:00:00.000+05:30,5704,ON_HOLD
51361,2014-06-12T00:00:00.000+05:30,3177,ON_HOLD
51405,2014-06-12T00:00:00.000+05:30,2751,ON_HOLD
51424,2014-06-13T00:00:00.000+05:30,2166,ON_HOLD
51427,2014-06-13T00:00:00.000+05:30,5397,ON_HOLD
51480,2014-06-13T00:00:00.000+05:30,9491,ON_HOLD
51571,2014-06-13T00:00:00.000+05:30,736,ON_HOLD
51573,2014-06-13T00:00:00.000+05:30,3206,ON_HOLD
51576,2014-06-13T00:00:00.000+05:30,9500,ON_HOLD
51579,2014-06-13T00:00:00.000+05:30,2173,ON_HOLD
51608,2014-06-13T00:00:00.000+05:30,7798,ON_HOLD
51621,2014-06-13T00:00:00.000+05:30,5032,ON_HOLD
51635,2014-06-14T00:00:00.000+05:30,9633,ON_HOLD
51651,2014-06-14T00:00:00.000+05:30,5437,ON_HOLD
51656,2014-06-14T00:00:00.000+05:30,11535,ON_HOLD
51676,2014-06-14T00:00:00.000+05:30,11014,ON_HOLD
51687,2014-06-14T00:00:00.000+05:30,11245,ON_HOLD
51703,2014-06-14T00:00:00.000+05:30,5644,ON_HOLD
51761,2014-06-14T00:00:00.000+05:30,8139,ON_HOLD
51762,2014-06-14T00:00:00.000+05:30,7137,ON_HOLD
51769,2014-06-14T00:00:00.000+05:30,5347,ON_HOLD
51778,2014-06-14T00:00:00.000+05:30,10711,ON_HOLD
51796,2014-06-14T00:00:00.000+05:30,11116,ON_HOLD
51798,2014-06-14T00:00:00.000+05:30,11425,ON_HOLD
51800,2014-06-14T00:00:00.000+05:30,12434,ON_HOLD
51809,2014-06-14T00:00:00.000+05:30,10668,ON_HOLD
51824,2014-06-14T00:00:00.000+05:30,1870,ON_HOLD
51845,2014-06-15T00:00:00.000+05:30,9721,ON_HOLD
51856,2014-06-15T00:00:00.000+05:30,7236,ON_HOLD
51898,2014-06-15T00:00:00.000+05:30,2133,ON_HOLD
51941,2014-06-15T00:00:00.000+05:30,4091,ON_HOLD
51947,2014-06-15T00:00:00.000+05:30,10517,ON_HOLD
51954,2014-06-16T00:00:00.000+05:30,11731,ON_HOLD
51983,2014-06-16T00:00:00.000+05:30,8295,ON_HOLD
51995,2014-06-16T00:00:00.000+05:30,8381,ON_HOLD
52021,2014-06-16T00:00:00.000+05:30,4449,ON_HOLD
52022,2014-06-16T00:00:00.000+05:30,4867,ON_HOLD
52036,2014-06-16T00:00:00.000+05:30,446,ON_HOLD
52054,2014-06-16T00:00:00.000+05:30,1997,ON_HOLD
52084,2014-06-16T00:00:00.000+05:30,7383,ON_HOLD
52085,2014-06-16T00:00:00.000+05:30,7103,ON_HOLD
52154,2014-06-17T00:00:00.000+05:30,1554,ON_HOLD
52157,2014-06-17T00:00:00.000+05:30,7069,ON_HOLD
52164,2014-06-17T00:00:00.000+05:30,6703,ON_HOLD
52174,2014-06-17T00:00:00.000+05:30,723,ON_HOLD
52181,2014-06-17T00:00:00.000+05:30,4408,ON_HOLD
52192,2014-06-17T00:00:00.000+05:30,9465,ON_HOLD
52199,2014-06-17T00:00:00.000+05:30,5974,ON_HOLD
52289,2014-06-18T00:00:00.000+05:30,12178,ON_HOLD
52308,2014-06-18T00:00:00.000+05:30,3201,ON_HOLD
52312,2014-06-18T00:00:00.000+05:30,6255,ON_HOLD
52331,2014-06-18T00:00:00.000+05:30,10765,ON_HOLD
52360,2014-06-18T00:00:00.000+05:30,6492,ON_HOLD
52369,2014-06-18T00:00:00.000+05:30,8261,ON_HOLD
52379,2014-06-18T00:00:00.000+05:30,3975,ON_HOLD
52383,2014-06-18T00:00:00.000+05:30,7694,ON_HOLD
52411,2014-06-19T00:00:00.000+05:30,2747,ON_HOLD
52424,2014-06-19T00:00:00.000+05:30,1015,ON_HOLD
52440,2014-06-19T00:00:00.000+05:30,9524,ON_HOLD
52442,2014-06-19T00:00:00.000+05:30,2213,ON_HOLD
52451,2014-06-19T00:00:00.000+05:30,1603,ON_HOLD
52482,2014-06-19T00:00:00.000+05:30,1357,ON_HOLD
52515,2014-06-19T00:00:00.000+05:30,757,ON_HOLD
52519,2014-06-19T00:00:00.000+05:30,5571,ON_HOLD
52531,2014-06-19T00:00:00.000+05:30,91,ON_HOLD
52569,2014-06-19T00:00:00.000+05:30,2123,ON_HOLD
52583,2014-06-19T00:00:00.000+05:30,3740,ON_HOLD
52615,2014-06-19T00:00:00.000+05:30,6595,ON_HOLD
52649,2014-06-20T00:00:00.000+05:30,4837,ON_HOLD
52650,2014-06-20T00:00:00.000+05:30,5702,ON_HOLD
52654,2014-06-20T00:00:00.000+05:30,6529,ON_HOLD
52682,2014-06-20T00:00:00.000+05:30,5724,ON_HOLD
52705,2014-06-20T00:00:00.000+05:30,3713,ON_HOLD
52722,2014-06-20T00:00:00.000+05:30,1009,ON_HOLD
52728,2014-06-20T00:00:00.000+05:30,2334,ON_HOLD
52733,2014-06-20T00:00:00.000+05:30,8740,ON_HOLD
52741,2014-06-21T00:00:00.000+05:30,11914,ON_HOLD
52745,2014-06-21T00:00:00.000+05:30,10994,ON_HOLD
52803,2014-06-21T00:00:00.000+05:30,1807,ON_HOLD
52815,2014-06-22T00:00:00.000+05:30,1270,ON_HOLD
52828,2014-06-22T00:00:00.000+05:30,11316,ON_HOLD
52832,2014-06-22T00:00:00.000+05:30,10682,ON_HOLD
52835,2014-06-22T00:00:00.000+05:30,1936,ON_HOLD
52842,2014-06-22T00:00:00.000+05:30,1564,ON_HOLD
52853,2014-06-22T00:00:00.000+05:30,10085,ON_HOLD
52876,2014-06-22T00:00:00.000+05:30,7218,ON_HOLD
52894,2014-06-23T00:00:00.000+05:30,7234,ON_HOLD
52909,2014-06-23T00:00:00.000+05:30,2941,ON_HOLD
52957,2014-06-23T00:00:00.000+05:30,5932,ON_HOLD
52961,2014-06-23T00:00:00.000+05:30,5071,ON_HOLD
52977,2014-06-23T00:00:00.000+05:30,8453,ON_HOLD
53038,2014-06-24T00:00:00.000+05:30,11125,ON_HOLD
53131,2014-06-25T00:00:00.000+05:30,11795,ON_HOLD
53145,2014-06-25T00:00:00.000+05:30,11162,ON_HOLD
53158,2014-06-25T00:00:00.000+05:30,739,ON_HOLD
53176,2014-06-25T00:00:00.000+05:30,10031,ON_HOLD
53180,2014-06-25T00:00:00.000+05:30,11127,ON_HOLD
53187,2014-06-25T00:00:00.000+05:30,6942,ON_HOLD
53269,2014-06-25T00:00:00.000+05:30,6486,ON_HOLD
53273,2014-06-25T00:00:00.000+05:30,110,ON_HOLD
53294,2014-06-25T00:00:00.000+05:30,8406,ON_HOLD
53311,2014-06-25T00:00:00.000+05:30,5565,ON_HOLD
53335,2014-06-26T00:00:00.000+05:30,6451,ON_HOLD
53339,2014-06-26T00:00:00.000+05:30,4770,ON_HOLD
53376,2014-06-26T00:00:00.000+05:30,10187,ON_HOLD
53379,2014-06-26T00:00:00.000+05:30,8867,ON_HOLD
53395,2014-06-26T00:00:00.000+05:30,7486,ON_HOLD
53407,2014-06-26T00:00:00.000+05:30,706,ON_HOLD
53459,2014-06-26T00:00:00.000+05:30,10787,ON_HOLD
53492,2014-06-27T00:00:00.000+05:30,4360,ON_HOLD
53499,2014-06-27T00:00:00.000+05:30,1946,ON_HOLD
53506,2014-06-27T00:00:00.000+05:30,9600,ON_HOLD
53527,2014-06-27T00:00:00.000+05:30,11110,ON_HOLD
53541,2014-06-27T00:00:00.000+05:30,9890,ON_HOLD
53579,2014-06-27T00:00:00.000+05:30,8762,ON_HOLD
53583,2014-06-27T00:00:00.000+05:30,7460,ON_HOLD
53616,2014-06-27T00:00:00.000+05:30,8969,ON_HOLD
53624,2014-06-27T00:00:00.000+05:30,12081,ON_HOLD
53642,2014-06-27T00:00:00.000+05:30,4084,ON_HOLD
53664,2014-06-27T00:00:00.000+05:30,2074,ON_HOLD
53665,2014-06-27T00:00:00.000+05:30,9362,ON_HOLD
53687,2014-06-27T00:00:00.000+05:30,3256,ON_HOLD
53692,2014-06-28T00:00:00.000+05:30,5238,ON_HOLD
53723,2014-06-28T00:00:00.000+05:30,8383,ON_HOLD
53740,2014-06-28T00:00:00.000+05:30,12053,ON_HOLD
53757,2014-06-28T00:00:00.000+05:30,8443,ON_HOLD
53783,2014-06-28T00:00:00.000+05:30,4219,ON_HOLD
53815,2014-06-29T00:00:00.000+05:30,6383,ON_HOLD
53858,2014-06-29T00:00:00.000+05:30,5843,ON_HOLD
53872,2014-06-30T00:00:00.000+05:30,12056,ON_HOLD
53873,2014-06-30T00:00:00.000+05:30,2344,ON_HOLD
53930,2014-06-30T00:00:00.000+05:30,8663,ON_HOLD
53938,2014-06-30T00:00:00.000+05:30,6600,ON_HOLD
53941,2014-06-30T00:00:00.000+05:30,7417,ON_HOLD
53943,2014-06-30T00:00:00.000+05:30,3666,ON_HOLD
53947,2014-06-30T00:00:00.000+05:30,1710,ON_HOLD
54031,2014-07-01T00:00:00.000+05:30,10650,ON_HOLD
54065,2014-07-01T00:00:00.000+05:30,819,ON_HOLD
54095,2014-07-01T00:00:00.000+05:30,1367,ON_HOLD
54101,2014-07-01T00:00:00.000+05:30,5580,ON_HOLD
54104,2014-07-01T00:00:00.000+05:30,3480,ON_HOLD
54126,2014-07-01T00:00:00.000+05:30,5853,ON_HOLD
54134,2014-07-01T00:00:00.000+05:30,9120,ON_HOLD
54146,2014-07-01T00:00:00.000+05:30,11017,ON_HOLD
54156,2014-07-01T00:00:00.000+05:30,3184,ON_HOLD
54182,2014-07-02T00:00:00.000+05:30,683,ON_HOLD
54186,2014-07-02T00:00:00.000+05:30,10367,ON_HOLD
54213,2014-07-02T00:00:00.000+05:30,258,ON_HOLD
54221,2014-07-02T00:00:00.000+05:30,7016,ON_HOLD
54224,2014-07-02T00:00:00.000+05:30,3170,ON_HOLD
54233,2014-07-02T00:00:00.000+05:30,5683,ON_HOLD
54238,2014-07-02T00:00:00.000+05:30,10281,ON_HOLD
54285,2014-07-03T00:00:00.000+05:30,9322,ON_HOLD
54294,2014-07-03T00:00:00.000+05:30,3332,ON_HOLD
54299,2014-07-03T00:00:00.000+05:30,5845,ON_HOLD
54320,2014-07-03T00:00:00.000+05:30,417,ON_HOLD
54321,2014-07-03T00:00:00.000+05:30,5930,ON_HOLD
54344,2014-07-03T00:00:00.000+05:30,375,ON_HOLD
54358,2014-07-03T00:00:00.000+05:30,1562,ON_HOLD
54365,2014-07-03T00:00:00.000+05:30,6285,ON_HOLD
54367,2014-07-03T00:00:00.000+05:30,9371,ON_HOLD
54382,2014-07-03T00:00:00.000+05:30,10339,ON_HOLD
54383,2014-07-03T00:00:00.000+05:30,4193,ON_HOLD
54393,2014-07-03T00:00:00.000+05:30,2389,ON_HOLD
54414,2014-07-03T00:00:00.000+05:30,2403,ON_HOLD
54415,2014-07-03T00:00:00.000+05:30,4839,ON_HOLD
54423,2014-07-03T00:00:00.000+05:30,7842,ON_HOLD
54431,2014-07-03T00:00:00.000+05:30,5725,ON_HOLD
54436,2014-07-03T00:00:00.000+05:30,9396,ON_HOLD
54448,2014-07-04T00:00:00.000+05:30,10111,ON_HOLD
54492,2014-07-04T00:00:00.000+05:30,5803,ON_HOLD
54543,2014-07-04T00:00:00.000+05:30,8858,ON_HOLD
54553,2014-07-04T00:00:00.000+05:30,3152,ON_HOLD
54556,2014-07-04T00:00:00.000+05:30,2625,ON_HOLD
54566,2014-07-05T00:00:00.000+05:30,288,ON_HOLD
54567,2014-07-05T00:00:00.000+05:30,9786,ON_HOLD
54574,2014-07-05T00:00:00.000+05:30,8145,ON_HOLD
54583,2014-07-05T00:00:00.000+05:30,1919,ON_HOLD
54595,2014-07-05T00:00:00.000+05:30,6892,ON_HOLD
54675,2014-07-05T00:00:00.000+05:30,6261,ON_HOLD
54690,2014-07-05T00:00:00.000+05:30,10505,ON_HOLD
54700,2014-07-05T00:00:00.000+05:30,2369,ON_HOLD
54702,2014-07-05T00:00:00.000+05:30,8687,ON_HOLD
54715,2014-07-05T00:00:00.000+05:30,4164,ON_HOLD
54726,2014-07-05T00:00:00.000+05:30,2754,ON_HOLD
54741,2014-07-05T00:00:00.000+05:30,3129,ON_HOLD
54752,2014-07-06T00:00:00.000+05:30,9050,ON_HOLD
54753,2014-07-06T00:00:00.000+05:30,1015,ON_HOLD
54786,2014-07-06T00:00:00.000+05:30,10972,ON_HOLD
54800,2014-07-06T00:00:00.000+05:30,11571,ON_HOLD
54810,2014-07-06T00:00:00.000+05:30,9590,ON_HOLD
54824,2014-07-07T00:00:00.000+05:30,7944,ON_HOLD
54847,2014-07-07T00:00:00.000+05:30,11400,ON_HOLD
54857,2014-07-07T00:00:00.000+05:30,7557,ON_HOLD
54921,2014-07-07T00:00:00.000+05:30,10810,ON_HOLD
54928,2014-07-07T00:00:00.000+05:30,7321,ON_HOLD
54945,2014-07-08T00:00:00.000+05:30,1359,ON_HOLD
54955,2014-07-08T00:00:00.000+05:30,8067,ON_HOLD
54957,2014-07-08T00:00:00.000+05:30,5747,ON_HOLD
54974,2014-07-08T00:00:00.000+05:30,189,ON_HOLD
54999,2014-07-08T00:00:00.000+05:30,5655,ON_HOLD
55007,2014-07-08T00:00:00.000+05:30,6328,ON_HOLD
55018,2014-07-08T00:00:00.000+05:30,12141,ON_HOLD
55030,2014-07-08T00:00:00.000+05:30,3621,ON_HOLD
55033,2014-07-08T00:00:00.000+05:30,11950,ON_HOLD
55105,2014-07-08T00:00:00.000+05:30,8811,ON_HOLD
55107,2014-07-08T00:00:00.000+05:30,9504,ON_HOLD
55126,2014-07-08T00:00:00.000+05:30,6337,ON_HOLD
55128,2014-07-08T00:00:00.000+05:30,10672,ON_HOLD
55149,2014-07-08T00:00:00.000+05:30,5645,ON_HOLD
55167,2014-07-08T00:00:00.000+05:30,3984,ON_HOLD
55177,2014-07-08T00:00:00.000+05:30,5137,ON_HOLD
55229,2014-07-09T00:00:00.000+05:30,6428,ON_HOLD
55252,2014-07-09T00:00:00.000+05:30,1405,ON_HOLD
55253,2014-07-09T00:00:00.000+05:30,1422,ON_HOLD
55265,2014-07-09T00:00:00.000+05:30,9797,ON_HOLD
55305,2014-07-10T00:00:00.000+05:30,9590,ON_HOLD
55320,2014-07-10T00:00:00.000+05:30,9977,ON_HOLD
55324,2014-07-10T00:00:00.000+05:30,7286,ON_HOLD
55345,2014-07-10T00:00:00.000+05:30,11118,ON_HOLD
55349,2014-07-10T00:00:00.000+05:30,12172,ON_HOLD
55368,2014-07-10T00:00:00.000+05:30,1776,ON_HOLD
55392,2014-07-10T00:00:00.000+05:30,7323,ON_HOLD
55399,2014-07-10T00:00:00.000+05:30,11669,ON_HOLD
55404,2014-07-10T00:00:00.000+05:30,6334,ON_HOLD
55420,2014-07-10T00:00:00.000+05:30,1113,ON_HOLD
55445,2014-07-10T00:00:00.000+05:30,7891,ON_HOLD
55452,2014-07-10T00:00:00.000+05:30,3245,ON_HOLD
55462,2014-07-10T00:00:00.000+05:30,8881,ON_HOLD
55514,2014-07-11T00:00:00.000+05:30,3620,ON_HOLD
55522,2014-07-11T00:00:00.000+05:30,5975,ON_HOLD
55531,2014-07-11T00:00:00.000+05:30,12225,ON_HOLD
55541,2014-07-11T00:00:00.000+05:30,3792,ON_HOLD
55560,2014-07-11T00:00:00.000+05:30,6593,ON_HOLD
55568,2014-07-11T00:00:00.000+05:30,7776,ON_HOLD
55572,2014-07-11T00:00:00.000+05:30,9928,ON_HOLD
55609,2014-07-12T00:00:00.000+05:30,1067,ON_HOLD
55627,2014-07-12T00:00:00.000+05:30,8047,ON_HOLD
55642,2014-07-12T00:00:00.000+05:30,2758,ON_HOLD
55653,2014-07-12T00:00:00.000+05:30,10134,ON_HOLD
55658,2014-07-12T00:00:00.000+05:30,10017,ON_HOLD
55660,2014-07-12T00:00:00.000+05:30,5407,ON_HOLD
55681,2014-07-12T00:00:00.000+05:30,8746,ON_HOLD
55683,2014-07-12T00:00:00.000+05:30,6494,ON_HOLD
55687,2014-07-12T00:00:00.000+05:30,7643,ON_HOLD
55694,2014-07-12T00:00:00.000+05:30,11648,ON_HOLD
55696,2014-07-12T00:00:00.000+05:30,4672,ON_HOLD
55835,2014-07-13T00:00:00.000+05:30,8676,ON_HOLD
55845,2014-07-13T00:00:00.000+05:30,2675,ON_HOLD
55857,2014-07-13T00:00:00.000+05:30,7595,ON_HOLD
55877,2014-07-13T00:00:00.000+05:30,7352,ON_HOLD
55884,2014-07-13T00:00:00.000+05:30,5559,ON_HOLD
55918,2014-07-14T00:00:00.000+05:30,6721,ON_HOLD
55938,2014-07-14T00:00:00.000+05:30,3095,ON_HOLD
55955,2014-07-14T00:00:00.000+05:30,4991,ON_HOLD
55959,2014-07-14T00:00:00.000+05:30,10366,ON_HOLD
55964,2014-07-14T00:00:00.000+05:30,10310,ON_HOLD
55969,2014-07-14T00:00:00.000+05:30,9237,ON_HOLD
56001,2014-07-14T00:00:00.000+05:30,5513,ON_HOLD
56026,2014-07-14T00:00:00.000+05:30,11065,ON_HOLD
56036,2014-07-14T00:00:00.000+05:30,9996,ON_HOLD
56042,2014-07-14T00:00:00.000+05:30,11340,ON_HOLD
56076,2014-07-15T00:00:00.000+05:30,6712,ON_HOLD
56080,2014-07-15T00:00:00.000+05:30,9683,ON_HOLD
56125,2014-07-15T00:00:00.000+05:30,10123,ON_HOLD
56158,2014-07-15T00:00:00.000+05:30,941,ON_HOLD
56180,2014-07-15T00:00:00.000+05:30,568,ON_HOLD
56188,2014-07-15T00:00:00.000+05:30,5583,ON_HOLD
56192,2014-07-15T00:00:00.000+05:30,5496,ON_HOLD
56204,2014-07-15T00:00:00.000+05:30,3822,ON_HOLD
56215,2014-07-15T00:00:00.000+05:30,12195,ON_HOLD
56228,2014-07-15T00:00:00.000+05:30,5919,ON_HOLD
56234,2014-07-15T00:00:00.000+05:30,9532,ON_HOLD
56267,2014-07-15T00:00:00.000+05:30,4955,ON_HOLD
56392,2014-07-16T00:00:00.000+05:30,8052,ON_HOLD
56400,2014-07-17T00:00:00.000+05:30,10261,ON_HOLD
56401,2014-07-17T00:00:00.000+05:30,11877,ON_HOLD
56458,2014-07-17T00:00:00.000+05:30,7466,ON_HOLD
56481,2014-07-17T00:00:00.000+05:30,2228,ON_HOLD
56503,2014-07-17T00:00:00.000+05:30,11456,ON_HOLD
56557,2014-07-18T00:00:00.000+05:30,10793,ON_HOLD
56565,2014-07-18T00:00:00.000+05:30,2225,ON_HOLD
56580,2014-07-18T00:00:00.000+05:30,6028,ON_HOLD
56601,2014-07-18T00:00:00.000+05:30,11154,ON_HOLD
56624,2014-07-18T00:00:00.000+05:30,3741,ON_HOLD
56664,2014-07-18T00:00:00.000+05:30,9114,ON_HOLD
56691,2014-07-18T00:00:00.000+05:30,7046,ON_HOLD
56696,2014-07-18T00:00:00.000+05:30,10323,ON_HOLD
56714,2014-07-19T00:00:00.000+05:30,847,ON_HOLD
56718,2014-07-19T00:00:00.000+05:30,8503,ON_HOLD
56724,2014-07-19T00:00:00.000+05:30,4284,ON_HOLD
56743,2014-07-19T00:00:00.000+05:30,5265,ON_HOLD
56842,2014-07-19T00:00:00.000+05:30,6980,ON_HOLD
56859,2014-07-19T00:00:00.000+05:30,9176,ON_HOLD
56902,2014-07-19T00:00:00.000+05:30,4191,ON_HOLD
56923,2014-07-20T00:00:00.000+05:30,4030,ON_HOLD
56934,2014-07-20T00:00:00.000+05:30,7700,ON_HOLD
56978,2014-07-20T00:00:00.000+05:30,6178,ON_HOLD
56984,2014-07-20T00:00:00.000+05:30,1691,ON_HOLD
56996,2014-07-20T00:00:00.000+05:30,4207,ON_HOLD
57004,2014-07-20T00:00:00.000+05:30,11757,ON_HOLD
57051,2014-07-20T00:00:00.000+05:30,4727,ON_HOLD
57156,2014-07-21T00:00:00.000+05:30,5244,ON_HOLD
57175,2014-07-21T00:00:00.000+05:30,7068,ON_HOLD
57236,2014-07-21T00:00:00.000+05:30,2411,ON_HOLD
57260,2014-07-21T00:00:00.000+05:30,606,ON_HOLD
57265,2014-07-21T00:00:00.000+05:30,3582,ON_HOLD
57293,2014-07-21T00:00:00.000+05:30,5669,ON_HOLD
57298,2014-07-21T00:00:00.000+05:30,1283,ON_HOLD
57310,2014-07-21T00:00:00.000+05:30,5268,ON_HOLD
57323,2014-07-21T00:00:00.000+05:30,1704,ON_HOLD
57340,2014-07-21T00:00:00.000+05:30,6828,ON_HOLD
57395,2014-07-22T00:00:00.000+05:30,4339,ON_HOLD
57419,2014-07-22T00:00:00.000+05:30,11897,ON_HOLD
57446,2014-07-22T00:00:00.000+05:30,6357,ON_HOLD
57455,2014-07-22T00:00:00.000+05:30,9036,ON_HOLD
57484,2014-07-23T00:00:00.000+05:30,11246,ON_HOLD
57498,2014-07-23T00:00:00.000+05:30,3198,ON_HOLD
57515,2014-07-23T00:00:00.000+05:30,5597,ON_HOLD
57572,2014-07-23T00:00:00.000+05:30,8812,ON_HOLD
57578,2014-07-23T00:00:00.000+05:30,4275,ON_HOLD
57590,2014-07-23T00:00:00.000+05:30,9477,ON_HOLD
57593,2014-07-23T00:00:00.000+05:30,3268,ON_HOLD
57601,2014-07-24T00:00:00.000+05:30,1046,ON_HOLD
57611,2014-07-24T00:00:00.000+05:30,7359,ON_HOLD
57615,2014-07-24T00:00:00.000+05:30,9996,ON_HOLD
57626,2014-07-24T00:00:00.000+05:30,2183,ON_HOLD
57639,2014-07-24T00:00:00.000+05:30,7336,ON_HOLD
57673,2014-07-24T00:00:00.000+05:30,8841,ON_HOLD
57759,2013-07-25T00:00:00.000+05:30,216,ON_HOLD
57777,2013-07-25T00:00:00.000+05:30,2422,ON_HOLD
57793,2013-07-26T00:00:00.000+05:30,647,ON_HOLD
57803,2013-07-26T00:00:00.000+05:30,3373,ON_HOLD
57807,2013-07-26T00:00:00.000+05:30,1316,ON_HOLD
57846,2013-07-28T00:00:00.000+05:30,6824,ON_HOLD
57878,2013-07-29T00:00:00.000+05:30,1822,ON_HOLD
57883,2013-07-29T00:00:00.000+05:30,9938,ON_HOLD
57895,2013-07-29T00:00:00.000+05:30,7631,ON_HOLD
57904,2013-07-30T00:00:00.000+05:30,5559,ON_HOLD
57919,2013-07-30T00:00:00.000+05:30,8580,ON_HOLD
57921,2013-07-30T00:00:00.000+05:30,6953,ON_HOLD
57963,2013-08-02T00:00:00.000+05:30,2,ON_HOLD
57973,2013-08-02T00:00:00.000+05:30,420,ON_HOLD
57991,2013-08-03T00:00:00.000+05:30,5011,ON_HOLD
57998,2013-08-03T00:00:00.000+05:30,5381,ON_HOLD
58020,2013-08-04T00:00:00.000+05:30,9096,ON_HOLD
58026,2013-08-04T00:00:00.000+05:30,7540,ON_HOLD
58037,2013-08-04T00:00:00.000+05:30,1662,ON_HOLD
58057,2013-08-05T00:00:00.000+05:30,203,ON_HOLD
58068,2013-08-06T00:00:00.000+05:30,4177,ON_HOLD
58088,2013-08-07T00:00:00.000+05:30,10292,ON_HOLD
58115,2013-08-08T00:00:00.000+05:30,6593,ON_HOLD
58126,2013-08-08T00:00:00.000+05:30,6979,ON_HOLD
58134,2013-08-09T00:00:00.000+05:30,4257,ON_HOLD
58139,2013-08-09T00:00:00.000+05:30,720,ON_HOLD
58144,2013-08-09T00:00:00.000+05:30,11938,ON_HOLD
58152,2013-08-09T00:00:00.000+05:30,10095,ON_HOLD
58159,2013-08-09T00:00:00.000+05:30,6625,ON_HOLD
58168,2013-08-10T00:00:00.000+05:30,4721,ON_HOLD
58182,2013-08-10T00:00:00.000+05:30,7769,ON_HOLD
58190,2013-08-10T00:00:00.000+05:30,4930,ON_HOLD
58262,2013-08-14T00:00:00.000+05:30,12032,ON_HOLD
58267,2013-08-14T00:00:00.000+05:30,6233,ON_HOLD
58283,2013-08-14T00:00:00.000+05:30,10139,ON_HOLD
58310,2013-08-16T00:00:00.000+05:30,9377,ON_HOLD
58321,2013-08-16T00:00:00.000+05:30,7310,ON_HOLD
58323,2013-08-16T00:00:00.000+05:30,7127,ON_HOLD
58344,2013-08-17T00:00:00.000+05:30,2138,ON_HOLD
58352,2013-08-18T00:00:00.000+05:30,1985,ON_HOLD
58354,2013-08-18T00:00:00.000+05:30,8140,ON_HOLD
58400,2013-08-19T00:00:00.000+05:30,10897,ON_HOLD
58419,2013-08-20T00:00:00.000+05:30,8802,ON_HOLD
58447,2013-08-21T00:00:00.000+05:30,10529,ON_HOLD
58448,2013-08-21T00:00:00.000+05:30,1806,ON_HOLD
58457,2013-08-21T00:00:00.000+05:30,11053,ON_HOLD
58491,2013-08-23T00:00:00.000+05:30,1794,ON_HOLD
58493,2013-08-23T00:00:00.000+05:30,3562,ON_HOLD
58501,2013-08-23T00:00:00.000+05:30,12334,ON_HOLD
58560,2013-08-24T00:00:00.000+05:30,10256,ON_HOLD
58563,2013-08-24T00:00:00.000+05:30,6782,ON_HOLD
58602,2013-08-26T00:00:00.000+05:30,9392,ON_HOLD
58606,2013-08-26T00:00:00.000+05:30,6992,ON_HOLD
58610,2013-08-26T00:00:00.000+05:30,11605,ON_HOLD
58621,2013-08-27T00:00:00.000+05:30,407,ON_HOLD
58630,2013-08-27T00:00:00.000+05:30,3571,ON_HOLD
58634,2013-08-27T00:00:00.000+05:30,5192,ON_HOLD
58651,2013-08-27T00:00:00.000+05:30,11485,ON_HOLD
58652,2013-08-27T00:00:00.000+05:30,12432,ON_HOLD
58653,2013-08-28T00:00:00.000+05:30,10191,ON_HOLD
58660,2013-08-28T00:00:00.000+05:30,1671,ON_HOLD
58667,2013-08-28T00:00:00.000+05:30,9864,ON_HOLD
58683,2013-08-28T00:00:00.000+05:30,7064,ON_HOLD
58703,2013-08-30T00:00:00.000+05:30,5369,ON_HOLD
58717,2013-08-31T00:00:00.000+05:30,10087,ON_HOLD
58726,2013-08-31T00:00:00.000+05:30,2461,ON_HOLD
58730,2013-08-31T00:00:00.000+05:30,4047,ON_HOLD
58732,2013-08-31T00:00:00.000+05:30,7121,ON_HOLD
58734,2013-08-31T00:00:00.000+05:30,8211,ON_HOLD
58740,2013-08-31T00:00:00.000+05:30,2041,ON_HOLD
58778,2013-09-02T00:00:00.000+05:30,9058,ON_HOLD
58819,2013-09-04T00:00:00.000+05:30,6191,ON_HOLD
58869,2013-09-06T00:00:00.000+05:30,10420,ON_HOLD
58914,2013-09-07T00:00:00.000+05:30,8666,ON_HOLD
58919,2013-09-07T00:00:00.000+05:30,12,ON_HOLD
58988,2013-09-11T00:00:00.000+05:30,6154,ON_HOLD
59036,2013-09-13T00:00:00.000+05:30,546,ON_HOLD
59082,2013-09-15T00:00:00.000+05:30,2593,ON_HOLD
59115,2013-09-16T00:00:00.000+05:30,5021,ON_HOLD
59146,2013-09-17T00:00:00.000+05:30,3694,ON_HOLD
59150,2013-09-17T00:00:00.000+05:30,10199,ON_HOLD
59183,2013-09-19T00:00:00.000+05:30,1810,ON_HOLD
59243,2013-09-22T00:00:00.000+05:30,8884,ON_HOLD
59272,2013-09-24T00:00:00.000+05:30,8574,ON_HOLD
59302,2013-09-24T00:00:00.000+05:30,11819,ON_HOLD
59380,2013-09-27T00:00:00.000+05:30,3405,ON_HOLD
59405,2013-09-28T00:00:00.000+05:30,11145,ON_HOLD
59420,2013-09-28T00:00:00.000+05:30,2007,ON_HOLD
59421,2013-09-28T00:00:00.000+05:30,6736,ON_HOLD
59429,2013-09-29T00:00:00.000+05:30,9998,ON_HOLD
59451,2013-09-29T00:00:00.000+05:30,3885,ON_HOLD
59459,2013-09-30T00:00:00.000+05:30,8271,ON_HOLD
59460,2013-09-30T00:00:00.000+05:30,10235,ON_HOLD
59464,2013-09-30T00:00:00.000+05:30,8830,ON_HOLD
59499,2013-10-01T00:00:00.000+05:30,10664,ON_HOLD
59533,2013-10-02T00:00:00.000+05:30,6059,ON_HOLD
59543,2013-10-02T00:00:00.000+05:30,10376,ON_HOLD
59588,2013-10-04T00:00:00.000+05:30,10326,ON_HOLD
59593,2013-10-04T00:00:00.000+05:30,610,ON_HOLD
59620,2013-10-05T00:00:00.000+05:30,131,ON_HOLD
59626,2013-10-05T00:00:00.000+05:30,9736,ON_HOLD
59652,2013-10-06T00:00:00.000+05:30,7877,ON_HOLD
59662,2013-10-07T00:00:00.000+05:30,6467,ON_HOLD
59669,2013-10-07T00:00:00.000+05:30,3894,ON_HOLD
59703,2013-10-10T00:00:00.000+05:30,2316,ON_HOLD
59752,2013-10-11T00:00:00.000+05:30,1193,ON_HOLD
59782,2013-10-12T00:00:00.000+05:30,3723,ON_HOLD
59793,2013-10-13T00:00:00.000+05:30,10768,ON_HOLD
59796,2013-10-13T00:00:00.000+05:30,4827,ON_HOLD
59821,2013-10-13T00:00:00.000+05:30,8428,ON_HOLD
59834,2013-10-14T00:00:00.000+05:30,1690,ON_HOLD
59848,2013-10-14T00:00:00.000+05:30,1750,ON_HOLD
59858,2013-10-15T00:00:00.000+05:30,11903,ON_HOLD
59862,2013-10-15T00:00:00.000+05:30,2939,ON_HOLD
59878,2013-10-16T00:00:00.000+05:30,2578,ON_HOLD
59902,2013-10-17T00:00:00.000+05:30,11882,ON_HOLD
59927,2013-10-17T00:00:00.000+05:30,3648,ON_HOLD
59939,2013-10-18T00:00:00.000+05:30,5300,ON_HOLD
59971,2013-10-18T00:00:00.000+05:30,4747,ON_HOLD
59978,2013-10-19T00:00:00.000+05:30,5234,ON_HOLD
59986,2013-10-19T00:00:00.000+05:30,4517,ON_HOLD
59993,2013-10-19T00:00:00.000+05:30,5125,ON_HOLD
59995,2013-10-19T00:00:00.000+05:30,10701,ON_HOLD
60008,2013-10-20T00:00:00.000+05:30,11514,ON_HOLD
60009,2013-10-20T00:00:00.000+05:30,1185,ON_HOLD
60037,2013-10-21T00:00:00.000+05:30,4830,ON_HOLD
60041,2013-10-21T00:00:00.000+05:30,6595,ON_HOLD
60056,2013-10-22T00:00:00.000+05:30,12108,ON_HOLD
60072,2013-10-22T00:00:00.000+05:30,3462,ON_HOLD
60073,2013-10-22T00:00:00.000+05:30,5738,ON_HOLD
60116,2013-10-25T00:00:00.000+05:30,11701,ON_HOLD
60147,2013-10-26T00:00:00.000+05:30,1586,ON_HOLD
60201,2013-10-29T00:00:00.000+05:30,4953,ON_HOLD
60212,2013-10-30T00:00:00.000+05:30,6211,ON_HOLD
60219,2013-10-30T00:00:00.000+05:30,8341,ON_HOLD
60252,2013-10-31T00:00:00.000+05:30,907,ON_HOLD
60272,2013-11-01T00:00:00.000+05:30,1107,ON_HOLD
60274,2013-11-01T00:00:00.000+05:30,3599,ON_HOLD
60286,2013-11-02T00:00:00.000+05:30,2240,ON_HOLD
60293,2013-11-02T00:00:00.000+05:30,2226,ON_HOLD
60301,2013-11-02T00:00:00.000+05:30,8206,ON_HOLD
60304,2013-11-02T00:00:00.000+05:30,4394,ON_HOLD
60324,2013-11-03T00:00:00.000+05:30,1025,ON_HOLD
60367,2013-11-03T00:00:00.000+05:30,3944,ON_HOLD
60380,2013-11-04T00:00:00.000+05:30,12266,ON_HOLD
60440,2013-11-07T00:00:00.000+05:30,992,ON_HOLD
60450,2013-11-07T00:00:00.000+05:30,6967,ON_HOLD
60463,2013-11-07T00:00:00.000+05:30,3320,ON_HOLD
60473,2013-11-08T00:00:00.000+05:30,7062,ON_HOLD
60489,2013-11-09T00:00:00.000+05:30,11483,ON_HOLD
60497,2013-11-09T00:00:00.000+05:30,5464,ON_HOLD
60499,2013-11-09T00:00:00.000+05:30,4653,ON_HOLD
60502,2013-11-09T00:00:00.000+05:30,6564,ON_HOLD
60538,2013-11-11T00:00:00.000+05:30,4419,ON_HOLD
60550,2013-11-11T00:00:00.000+05:30,3054,ON_HOLD
60601,2013-11-14T00:00:00.000+05:30,4292,ON_HOLD
60605,2013-11-14T00:00:00.000+05:30,1991,ON_HOLD
60608,2013-11-14T00:00:00.000+05:30,10042,ON_HOLD
60614,2013-11-14T00:00:00.000+05:30,2675,ON_HOLD
60635,2013-11-15T00:00:00.000+05:30,8892,ON_HOLD
60639,2013-11-15T00:00:00.000+05:30,1316,ON_HOLD
60642,2013-11-15T00:00:00.000+05:30,8134,ON_HOLD
60683,2013-11-17T00:00:00.000+05:30,257,ON_HOLD
60700,2013-11-17T00:00:00.000+05:30,8484,ON_HOLD
60715,2013-11-18T00:00:00.000+05:30,11435,ON_HOLD
60726,2013-11-19T00:00:00.000+05:30,8871,ON_HOLD
60735,2013-11-19T00:00:00.000+05:30,1582,ON_HOLD
60747,2013-11-19T00:00:00.000+05:30,5811,ON_HOLD
60751,2013-11-19T00:00:00.000+05:30,4481,ON_HOLD
60763,2013-11-19T00:00:00.000+05:30,5854,ON_HOLD
60764,2013-11-19T00:00:00.000+05:30,5574,ON_HOLD
60766,2013-11-20T00:00:00.000+05:30,1756,ON_HOLD
60798,2013-11-20T00:00:00.000+05:30,11749,ON_HOLD
60833,2013-11-21T00:00:00.000+05:30,8706,ON_HOLD
60837,2013-11-22T00:00:00.000+05:30,10339,ON_HOLD
60844,2013-11-22T00:00:00.000+05:30,4440,ON_HOLD
60852,2013-11-22T00:00:00.000+05:30,1653,ON_HOLD
60889,2013-11-23T00:00:00.000+05:30,8091,ON_HOLD
60947,2013-11-25T00:00:00.000+05:30,9012,ON_HOLD
60952,2013-11-25T00:00:00.000+05:30,11212,ON_HOLD
60982,2013-11-26T00:00:00.000+05:30,4874,ON_HOLD
60984,2013-11-26T00:00:00.000+05:30,7453,ON_HOLD
60990,2013-11-26T00:00:00.000+05:30,5028,ON_HOLD
61000,2013-11-26T00:00:00.000+05:30,243,ON_HOLD
61039,2013-11-27T00:00:00.000+05:30,6168,ON_HOLD
61049,2013-11-28T00:00:00.000+05:30,10437,ON_HOLD
61097,2013-12-01T00:00:00.000+05:30,321,ON_HOLD
61123,2013-12-02T00:00:00.000+05:30,4649,ON_HOLD
61129,2013-12-02T00:00:00.000+05:30,8255,ON_HOLD
61146,2013-12-03T00:00:00.000+05:30,7868,ON_HOLD
61181,2013-12-04T00:00:00.000+05:30,3558,ON_HOLD
61205,2013-12-04T00:00:00.000+05:30,12330,ON_HOLD
61210,2013-12-04T00:00:00.000+05:30,10805,ON_HOLD
61270,2013-12-08T00:00:00.000+05:30,9618,ON_HOLD
61282,2013-12-09T00:00:00.000+05:30,10150,ON_HOLD
61288,2013-12-09T00:00:00.000+05:30,8836,ON_HOLD
61326,2013-12-10T00:00:00.000+05:30,9599,ON_HOLD
61343,2013-12-11T00:00:00.000+05:30,534,ON_HOLD
61344,2013-12-11T00:00:00.000+05:30,305,ON_HOLD
61425,2013-12-13T00:00:00.000+05:30,10062,ON_HOLD
61491,2013-12-15T00:00:00.000+05:30,6098,ON_HOLD
61495,2013-12-15T00:00:00.000+05:30,6788,ON_HOLD
61527,2013-12-17T00:00:00.000+05:30,4394,ON_HOLD
61528,2013-12-17T00:00:00.000+05:30,9010,ON_HOLD
61530,2013-12-17T00:00:00.000+05:30,8171,ON_HOLD
61598,2013-12-20T00:00:00.000+05:30,10538,ON_HOLD
61605,2013-12-20T00:00:00.000+05:30,8062,ON_HOLD
61616,2013-12-20T00:00:00.000+05:30,2690,ON_HOLD
61634,2013-12-21T00:00:00.000+05:30,5501,ON_HOLD
61647,2013-12-21T00:00:00.000+05:30,509,ON_HOLD
61658,2013-12-21T00:00:00.000+05:30,8551,ON_HOLD
61672,2013-12-22T00:00:00.000+05:30,10897,ON_HOLD
61687,2013-12-22T00:00:00.000+05:30,9861,ON_HOLD
61700,2013-12-23T00:00:00.000+05:30,10307,ON_HOLD
61704,2013-12-23T00:00:00.000+05:30,8375,ON_HOLD
61763,2013-12-25T00:00:00.000+05:30,2369,ON_HOLD
61780,2013-12-26T00:00:00.000+05:30,4114,ON_HOLD
61790,2013-12-26T00:00:00.000+05:30,10464,ON_HOLD
61830,2013-12-28T00:00:00.000+05:30,2089,ON_HOLD
61857,2013-12-30T00:00:00.000+05:30,4797,ON_HOLD
61870,2013-12-30T00:00:00.000+05:30,7399,ON_HOLD
61883,2013-12-31T00:00:00.000+05:30,4823,ON_HOLD
61915,2014-01-01T00:00:00.000+05:30,2650,ON_HOLD
61923,2014-01-02T00:00:00.000+05:30,5958,ON_HOLD
61932,2014-01-02T00:00:00.000+05:30,8979,ON_HOLD
61950,2014-01-03T00:00:00.000+05:30,6452,ON_HOLD
61960,2014-01-03T00:00:00.000+05:30,2643,ON_HOLD
61983,2014-01-04T00:00:00.000+05:30,1900,ON_HOLD
61987,2014-01-04T00:00:00.000+05:30,9176,ON_HOLD
61994,2014-01-04T00:00:00.000+05:30,2799,ON_HOLD
61996,2014-01-04T00:00:00.000+05:30,5468,ON_HOLD
62003,2014-01-05T00:00:00.000+05:30,4033,ON_HOLD
62026,2014-01-05T00:00:00.000+05:30,6521,ON_HOLD
62033,2014-01-06T00:00:00.000+05:30,7510,ON_HOLD
62072,2014-01-08T00:00:00.000+05:30,1146,ON_HOLD
62073,2014-01-08T00:00:00.000+05:30,4654,ON_HOLD
62076,2014-01-08T00:00:00.000+05:30,3529,ON_HOLD
62077,2014-01-08T00:00:00.000+05:30,675,ON_HOLD
62082,2014-01-08T00:00:00.000+05:30,4317,ON_HOLD
62087,2014-01-08T00:00:00.000+05:30,6531,ON_HOLD
62121,2014-01-09T00:00:00.000+05:30,3163,ON_HOLD
62132,2014-01-09T00:00:00.000+05:30,7,ON_HOLD
62138,2014-01-10T00:00:00.000+05:30,4083,ON_HOLD
62142,2014-01-10T00:00:00.000+05:30,6033,ON_HOLD
62150,2014-01-10T00:00:00.000+05:30,10299,ON_HOLD
62160,2014-01-10T00:00:00.000+05:30,3567,ON_HOLD
62208,2014-01-11T00:00:00.000+05:30,9697,ON_HOLD
62224,2014-01-12T00:00:00.000+05:30,10901,ON_HOLD
62229,2014-01-12T00:00:00.000+05:30,9617,ON_HOLD
62239,2014-01-12T00:00:00.000+05:30,4747,ON_HOLD
62302,2014-01-16T00:00:00.000+05:30,4243,ON_HOLD
62308,2014-01-16T00:00:00.000+05:30,175,ON_HOLD
62324,2014-01-17T00:00:00.000+05:30,7636,ON_HOLD
62325,2014-01-17T00:00:00.000+05:30,6696,ON_HOLD
62333,2014-01-18T00:00:00.000+05:30,467,ON_HOLD
62364,2014-01-19T00:00:00.000+05:30,6865,ON_HOLD
62367,2014-01-19T00:00:00.000+05:30,7664,ON_HOLD
62387,2014-01-20T00:00:00.000+05:30,10452,ON_HOLD
62394,2014-01-20T00:00:00.000+05:30,9565,ON_HOLD
62406,2014-01-20T00:00:00.000+05:30,5040,ON_HOLD
62416,2014-01-20T00:00:00.000+05:30,11575,ON_HOLD
62418,2014-01-21T00:00:00.000+05:30,11519,ON_HOLD
62468,2014-01-22T00:00:00.000+05:30,10706,ON_HOLD
62490,2014-01-22T00:00:00.000+05:30,8942,ON_HOLD
62495,2014-01-23T00:00:00.000+05:30,922,ON_HOLD
62517,2014-01-23T00:00:00.000+05:30,10049,ON_HOLD
62520,2014-01-23T00:00:00.000+05:30,4415,ON_HOLD
62528,2014-01-23T00:00:00.000+05:30,6664,ON_HOLD
62529,2014-01-23T00:00:00.000+05:30,7186,ON_HOLD
62530,2014-01-23T00:00:00.000+05:30,12288,ON_HOLD
62550,2014-01-24T00:00:00.000+05:30,8814,ON_HOLD
62570,2014-01-24T00:00:00.000+05:30,9563,ON_HOLD
62573,2014-01-24T00:00:00.000+05:30,10636,ON_HOLD
62593,2014-01-26T00:00:00.000+05:30,11112,ON_HOLD
62632,2014-01-27T00:00:00.000+05:30,9275,ON_HOLD
62635,2014-01-27T00:00:00.000+05:30,1987,ON_HOLD
62641,2014-01-27T00:00:00.000+05:30,8669,ON_HOLD
62643,2014-01-27T00:00:00.000+05:30,6886,ON_HOLD
62654,2014-01-27T00:00:00.000+05:30,1443,ON_HOLD
62670,2014-01-28T00:00:00.000+05:30,10681,ON_HOLD
62714,2014-01-29T00:00:00.000+05:30,914,ON_HOLD
62739,2014-01-30T00:00:00.000+05:30,11888,ON_HOLD
62787,2014-02-01T00:00:00.000+05:30,4783,ON_HOLD
62910,2014-02-06T00:00:00.000+05:30,12087,ON_HOLD
62932,2014-02-07T00:00:00.000+05:30,3254,ON_HOLD
62948,2014-02-08T00:00:00.000+05:30,1521,ON_HOLD
62966,2014-02-08T00:00:00.000+05:30,8463,ON_HOLD
62967,2014-02-08T00:00:00.000+05:30,9240,ON_HOLD
62980,2014-02-08T00:00:00.000+05:30,2329,ON_HOLD
62986,2014-02-09T00:00:00.000+05:30,1028,ON_HOLD
62994,2014-02-09T00:00:00.000+05:30,4087,ON_HOLD
63000,2014-02-09T00:00:00.000+05:30,5527,ON_HOLD
63007,2014-02-09T00:00:00.000+05:30,4019,ON_HOLD
63039,2014-02-10T00:00:00.000+05:30,7040,ON_HOLD
63069,2014-02-11T00:00:00.000+05:30,11522,ON_HOLD
63076,2014-02-12T00:00:00.000+05:30,11653,ON_HOLD
63085,2014-02-12T00:00:00.000+05:30,748,ON_HOLD
63097,2014-02-12T00:00:00.000+05:30,2413,ON_HOLD
63128,2014-02-13T00:00:00.000+05:30,1611,ON_HOLD
63136,2014-02-13T00:00:00.000+05:30,12014,ON_HOLD
63140,2014-02-13T00:00:00.000+05:30,10246,ON_HOLD
63144,2014-02-13T00:00:00.000+05:30,11496,ON_HOLD
63159,2014-02-14T00:00:00.000+05:30,11598,ON_HOLD
63160,2014-02-14T00:00:00.000+05:30,12426,ON_HOLD
63175,2014-02-14T00:00:00.000+05:30,1125,ON_HOLD
63239,2014-02-16T00:00:00.000+05:30,6584,ON_HOLD
63318,2014-02-21T00:00:00.000+05:30,7575,ON_HOLD
63328,2014-02-21T00:00:00.000+05:30,4281,ON_HOLD
63382,2014-02-23T00:00:00.000+05:30,9142,ON_HOLD
63384,2014-02-23T00:00:00.000+05:30,7749,ON_HOLD
63396,2014-02-23T00:00:00.000+05:30,2856,ON_HOLD
63416,2014-02-24T00:00:00.000+05:30,8885,ON_HOLD
63425,2014-02-25T00:00:00.000+05:30,3613,ON_HOLD
63437,2014-02-25T00:00:00.000+05:30,1747,ON_HOLD
63452,2014-02-26T00:00:00.000+05:30,4969,ON_HOLD
63456,2014-02-26T00:00:00.000+05:30,9975,ON_HOLD
63459,2014-02-26T00:00:00.000+05:30,6660,ON_HOLD
63484,2014-02-27T00:00:00.000+05:30,5210,ON_HOLD
63511,2014-02-28T00:00:00.000+05:30,3907,ON_HOLD
63524,2014-03-01T00:00:00.000+05:30,11241,ON_HOLD
63527,2014-03-01T00:00:00.000+05:30,11702,ON_HOLD
63567,2014-03-02T00:00:00.000+05:30,7288,ON_HOLD
63585,2014-03-03T00:00:00.000+05:30,2458,ON_HOLD
63634,2014-03-04T00:00:00.000+05:30,11250,ON_HOLD
63641,2014-03-05T00:00:00.000+05:30,9047,ON_HOLD
63648,2014-03-05T00:00:00.000+05:30,2562,ON_HOLD
63656,2014-03-05T00:00:00.000+05:30,3470,ON_HOLD
63663,2014-03-05T00:00:00.000+05:30,7489,ON_HOLD
63674,2014-03-06T00:00:00.000+05:30,6660,ON_HOLD
63681,2014-03-07T00:00:00.000+05:30,8555,ON_HOLD
63687,2014-03-07T00:00:00.000+05:30,6582,ON_HOLD
63703,2014-03-07T00:00:00.000+05:30,5231,ON_HOLD
63733,2014-03-10T00:00:00.000+05:30,1052,ON_HOLD
63746,2014-03-11T00:00:00.000+05:30,8517,ON_HOLD
63773,2014-03-12T00:00:00.000+05:30,3612,ON_HOLD
63779,2014-03-12T00:00:00.000+05:30,647,ON_HOLD
63791,2014-03-13T00:00:00.000+05:30,5423,ON_HOLD
63802,2014-03-13T00:00:00.000+05:30,10673,ON_HOLD
63846,2014-03-15T00:00:00.000+05:30,8166,ON_HOLD
63911,2014-03-17T00:00:00.000+05:30,5128,ON_HOLD
63919,2014-03-17T00:00:00.000+05:30,12334,ON_HOLD
63925,2014-03-18T00:00:00.000+05:30,8083,ON_HOLD
63956,2014-03-18T00:00:00.000+05:30,7018,ON_HOLD
63959,2014-03-18T00:00:00.000+05:30,6587,ON_HOLD
63960,2014-03-18T00:00:00.000+05:30,3505,ON_HOLD
63963,2014-03-18T00:00:00.000+05:30,13,ON_HOLD
64018,2014-03-21T00:00:00.000+05:30,9389,ON_HOLD
64044,2014-03-22T00:00:00.000+05:30,9443,ON_HOLD
64045,2014-03-22T00:00:00.000+05:30,4200,ON_HOLD
64047,2014-03-22T00:00:00.000+05:30,11427,ON_HOLD
64059,2014-03-22T00:00:00.000+05:30,3395,ON_HOLD
64062,2014-03-23T00:00:00.000+05:30,6493,ON_HOLD
64074,2014-03-23T00:00:00.000+05:30,11251,ON_HOLD
64091,2014-03-23T00:00:00.000+05:30,7926,ON_HOLD
64099,2014-03-24T00:00:00.000+05:30,1158,ON_HOLD
64122,2014-03-24T00:00:00.000+05:30,3317,ON_HOLD
64127,2014-03-25T00:00:00.000+05:30,5744,ON_HOLD
64147,2014-03-26T00:00:00.000+05:30,8496,ON_HOLD
64163,2014-03-26T00:00:00.000+05:30,3975,ON_HOLD
64167,2014-03-27T00:00:00.000+05:30,11351,ON_HOLD
64168,2014-03-27T00:00:00.000+05:30,10231,ON_HOLD
64192,2014-03-28T00:00:00.000+05:30,8482,ON_HOLD
64202,2014-03-28T00:00:00.000+05:30,8706,ON_HOLD
64258,2014-03-31T00:00:00.000+05:30,630,ON_HOLD
64261,2014-04-01T00:00:00.000+05:30,7141,ON_HOLD
64280,2014-04-01T00:00:00.000+05:30,364,ON_HOLD
64320,2014-04-03T00:00:00.000+05:30,9726,ON_HOLD
64330,2014-04-03T00:00:00.000+05:30,759,ON_HOLD
64331,2014-04-03T00:00:00.000+05:30,8963,ON_HOLD
64343,2014-04-04T00:00:00.000+05:30,5651,ON_HOLD
64345,2014-04-04T00:00:00.000+05:30,7406,ON_HOLD
64392,2014-04-05T00:00:00.000+05:30,9895,ON_HOLD
64408,2014-04-06T00:00:00.000+05:30,370,ON_HOLD
64410,2014-04-06T00:00:00.000+05:30,3051,ON_HOLD
64418,2014-04-06T00:00:00.000+05:30,7156,ON_HOLD
64422,2014-04-06T00:00:00.000+05:30,1490,ON_HOLD
64448,2014-04-07T00:00:00.000+05:30,2757,ON_HOLD
64456,2014-04-07T00:00:00.000+05:30,8435,ON_HOLD
64468,2014-04-07T00:00:00.000+05:30,8089,ON_HOLD
64482,2014-04-08T00:00:00.000+05:30,3846,ON_HOLD
64497,2014-04-09T00:00:00.000+05:30,981,ON_HOLD
64498,2014-04-09T00:00:00.000+05:30,3469,ON_HOLD
64511,2014-04-09T00:00:00.000+05:30,10859,ON_HOLD
64516,2014-04-09T00:00:00.000+05:30,2568,ON_HOLD
64518,2014-04-09T00:00:00.000+05:30,3877,ON_HOLD
64552,2014-04-10T00:00:00.000+05:30,155,ON_HOLD
64553,2014-04-10T00:00:00.000+05:30,6782,ON_HOLD
64565,2014-04-11T00:00:00.000+05:30,5644,ON_HOLD
64578,2014-04-11T00:00:00.000+05:30,2255,ON_HOLD
64589,2014-04-12T00:00:00.000+05:30,4278,ON_HOLD
64597,2014-04-12T00:00:00.000+05:30,1532,ON_HOLD
64623,2014-04-13T00:00:00.000+05:30,5494,ON_HOLD
64658,2014-04-14T00:00:00.000+05:30,3993,ON_HOLD
64691,2014-04-15T00:00:00.000+05:30,6334,ON_HOLD
64706,2014-04-16T00:00:00.000+05:30,6023,ON_HOLD
64712,2014-04-16T00:00:00.000+05:30,10357,ON_HOLD
64732,2014-04-17T00:00:00.000+05:30,7720,ON_HOLD
64801,2014-04-19T00:00:00.000+05:30,3388,ON_HOLD
64804,2014-04-19T00:00:00.000+05:30,7937,ON_HOLD
64818,2014-04-20T00:00:00.000+05:30,463,ON_HOLD
64833,2014-04-21T00:00:00.000+05:30,8820,ON_HOLD
64838,2014-04-21T00:00:00.000+05:30,7823,ON_HOLD
64868,2014-04-22T00:00:00.000+05:30,7470,ON_HOLD
64879,2014-04-22T00:00:00.000+05:30,11799,ON_HOLD
64899,2014-04-23T00:00:00.000+05:30,9420,ON_HOLD
64902,2014-04-23T00:00:00.000+05:30,11215,ON_HOLD
64935,2014-04-24T00:00:00.000+05:30,7875,ON_HOLD
64940,2014-04-24T00:00:00.000+05:30,7650,ON_HOLD
64958,2014-04-25T00:00:00.000+05:30,4464,ON_HOLD
64963,2014-04-25T00:00:00.000+05:30,940,ON_HOLD
64966,2014-04-25T00:00:00.000+05:30,5259,ON_HOLD
64983,2014-04-25T00:00:00.000+05:30,12428,ON_HOLD
65047,2014-04-28T00:00:00.000+05:30,9307,ON_HOLD
65058,2014-04-29T00:00:00.000+05:30,8658,ON_HOLD
65087,2014-04-30T00:00:00.000+05:30,3364,ON_HOLD
65089,2014-04-30T00:00:00.000+05:30,2616,ON_HOLD
65117,2014-05-01T00:00:00.000+05:30,12433,ON_HOLD
65123,2014-05-01T00:00:00.000+05:30,5495,ON_HOLD
65127,2014-05-02T00:00:00.000+05:30,10792,ON_HOLD
65152,2014-05-02T00:00:00.000+05:30,7102,ON_HOLD
65192,2014-05-04T00:00:00.000+05:30,8442,ON_HOLD
65246,2014-05-06T00:00:00.000+05:30,10051,ON_HOLD
65256,2014-05-06T00:00:00.000+05:30,2306,ON_HOLD
65270,2014-05-07T00:00:00.000+05:30,3860,ON_HOLD
65271,2014-05-07T00:00:00.000+05:30,11455,ON_HOLD
65276,2014-05-07T00:00:00.000+05:30,5602,ON_HOLD
65280,2014-05-07T00:00:00.000+05:30,8067,ON_HOLD
65295,2014-05-08T00:00:00.000+05:30,6615,ON_HOLD
65298,2014-05-08T00:00:00.000+05:30,584,ON_HOLD
65305,2014-05-08T00:00:00.000+05:30,2495,ON_HOLD
65314,2014-05-09T00:00:00.000+05:30,11187,ON_HOLD
65346,2014-05-09T00:00:00.000+05:30,7406,ON_HOLD
65348,2014-05-09T00:00:00.000+05:30,11899,ON_HOLD
65354,2014-05-10T00:00:00.000+05:30,4378,ON_HOLD
65393,2014-05-11T00:00:00.000+05:30,5736,ON_HOLD
65422,2014-05-11T00:00:00.000+05:30,11657,ON_HOLD
65425,2014-05-11T00:00:00.000+05:30,4299,ON_HOLD
65432,2014-05-12T00:00:00.000+05:30,5409,ON_HOLD
65452,2014-05-12T00:00:00.000+05:30,5773,ON_HOLD
65501,2014-05-15T00:00:00.000+05:30,2318,ON_HOLD
65503,2014-05-15T00:00:00.000+05:30,4861,ON_HOLD
65508,2014-05-15T00:00:00.000+05:30,5311,ON_HOLD
65526,2014-05-16T00:00:00.000+05:30,6300,ON_HOLD
65556,2014-05-17T00:00:00.000+05:30,6003,ON_HOLD
65562,2014-05-17T00:00:00.000+05:30,2630,ON_HOLD
65581,2014-05-18T00:00:00.000+05:30,718,ON_HOLD
65586,2014-05-18T00:00:00.000+05:30,8172,ON_HOLD
65588,2014-05-18T00:00:00.000+05:30,10770,ON_HOLD
65596,2014-05-19T00:00:00.000+05:30,301,ON_HOLD
65600,2014-05-19T00:00:00.000+05:30,4647,ON_HOLD
65603,2014-05-19T00:00:00.000+05:30,12246,ON_HOLD
65627,2014-05-20T00:00:00.000+05:30,3832,ON_HOLD
65638,2014-05-20T00:00:00.000+05:30,6065,ON_HOLD
65677,2014-05-22T00:00:00.000+05:30,628,ON_HOLD
65698,2014-05-22T00:00:00.000+05:30,9411,ON_HOLD
65737,2014-05-24T00:00:00.000+05:30,6251,ON_HOLD
65755,2014-05-24T00:00:00.000+05:30,10865,ON_HOLD
65756,2014-05-24T00:00:00.000+05:30,631,ON_HOLD
65788,2014-05-27T00:00:00.000+05:30,10489,ON_HOLD
65796,2014-05-27T00:00:00.000+05:30,9416,ON_HOLD
65805,2014-05-28T00:00:00.000+05:30,5173,ON_HOLD
65808,2014-05-28T00:00:00.000+05:30,364,ON_HOLD
65815,2014-05-28T00:00:00.000+05:30,10258,ON_HOLD
65839,2014-05-29T00:00:00.000+05:30,1286,ON_HOLD
65877,2014-06-01T00:00:00.000+05:30,11972,ON_HOLD
65879,2014-06-01T00:00:00.000+05:30,2393,ON_HOLD
65889,2014-06-01T00:00:00.000+05:30,4834,ON_HOLD
65908,2014-06-02T00:00:00.000+05:30,9753,ON_HOLD
65917,2014-06-02T00:00:00.000+05:30,5606,ON_HOLD
65935,2014-06-02T00:00:00.000+05:30,1864,ON_HOLD
65936,2014-06-02T00:00:00.000+05:30,4737,ON_HOLD
65949,2014-06-03T00:00:00.000+05:30,7357,ON_HOLD
65952,2014-06-03T00:00:00.000+05:30,736,ON_HOLD
65974,2014-06-03T00:00:00.000+05:30,458,ON_HOLD
65980,2014-06-03T00:00:00.000+05:30,11064,ON_HOLD
66045,2014-06-05T00:00:00.000+05:30,9290,ON_HOLD
66059,2014-06-06T00:00:00.000+05:30,190,ON_HOLD
66112,2014-06-08T00:00:00.000+05:30,11899,ON_HOLD
66129,2014-06-09T00:00:00.000+05:30,1258,ON_HOLD
66130,2014-06-09T00:00:00.000+05:30,4210,ON_HOLD
66169,2014-06-10T00:00:00.000+05:30,3927,ON_HOLD
66172,2014-06-10T00:00:00.000+05:30,3479,ON_HOLD
66185,2014-06-10T00:00:00.000+05:30,8188,ON_HOLD
66199,2014-06-11T00:00:00.000+05:30,1929,ON_HOLD
66232,2014-06-12T00:00:00.000+05:30,2033,ON_HOLD
66251,2014-06-12T00:00:00.000+05:30,6567,ON_HOLD
66317,2014-06-14T00:00:00.000+05:30,8830,ON_HOLD
66334,2014-06-14T00:00:00.000+05:30,6755,ON_HOLD
66344,2014-06-15T00:00:00.000+05:30,353,ON_HOLD
66387,2014-06-17T00:00:00.000+05:30,1415,ON_HOLD
66398,2014-06-18T00:00:00.000+05:30,3464,ON_HOLD
66410,2014-06-18T00:00:00.000+05:30,3658,ON_HOLD
66412,2014-06-18T00:00:00.000+05:30,7287,ON_HOLD
66414,2014-06-18T00:00:00.000+05:30,6454,ON_HOLD
66416,2014-06-18T00:00:00.000+05:30,2377,ON_HOLD
66434,2014-06-19T00:00:00.000+05:30,7817,ON_HOLD
66445,2014-06-19T00:00:00.000+05:30,2810,ON_HOLD
66446,2014-06-19T00:00:00.000+05:30,8886,ON_HOLD
66469,2014-06-20T00:00:00.000+05:30,3619,ON_HOLD
66473,2014-06-20T00:00:00.000+05:30,8202,ON_HOLD
66483,2014-06-20T00:00:00.000+05:30,6375,ON_HOLD
66503,2014-06-21T00:00:00.000+05:30,3070,ON_HOLD
66504,2014-06-21T00:00:00.000+05:30,8417,ON_HOLD
66537,2014-06-22T00:00:00.000+05:30,10221,ON_HOLD
66611,2014-06-25T00:00:00.000+05:30,5104,ON_HOLD
66645,2014-06-26T00:00:00.000+05:30,10885,ON_HOLD
66688,2014-06-28T00:00:00.000+05:30,351,ON_HOLD
66693,2014-06-28T00:00:00.000+05:30,11004,ON_HOLD
66696,2014-06-28T00:00:00.000+05:30,3131,ON_HOLD
66707,2014-06-28T00:00:00.000+05:30,5350,ON_HOLD
66714,2014-06-29T00:00:00.000+05:30,8673,ON_HOLD
66751,2014-06-29T00:00:00.000+05:30,11187,ON_HOLD
66774,2014-06-30T00:00:00.000+05:30,11383,ON_HOLD
66826,2014-07-03T00:00:00.000+05:30,650,ON_HOLD
66859,2014-07-05T00:00:00.000+05:30,10075,ON_HOLD
66863,2014-07-05T00:00:00.000+05:30,8190,ON_HOLD
66871,2014-07-05T00:00:00.000+05:30,1403,ON_HOLD
66903,2014-07-06T00:00:00.000+05:30,10942,ON_HOLD
66906,2014-07-06T00:00:00.000+05:30,1244,ON_HOLD
66924,2014-07-06T00:00:00.000+05:30,3523,ON_HOLD
66954,2014-07-07T00:00:00.000+05:30,2559,ON_HOLD
66960,2014-07-07T00:00:00.000+05:30,5685,ON_HOLD
66975,2014-07-08T00:00:00.000+05:30,4724,ON_HOLD
66983,2014-07-08T00:00:00.000+05:30,11112,ON_HOLD
66997,2014-07-09T00:00:00.000+05:30,3457,ON_HOLD
67006,2014-07-09T00:00:00.000+05:30,9452,ON_HOLD
67014,2014-07-10T00:00:00.000+05:30,4460,ON_HOLD
67050,2014-07-12T00:00:00.000+05:30,9387,ON_HOLD
67052,2014-07-12T00:00:00.000+05:30,2139,ON_HOLD
67063,2014-07-13T00:00:00.000+05:30,6401,ON_HOLD
67064,2014-07-13T00:00:00.000+05:30,6003,ON_HOLD
67067,2014-07-13T00:00:00.000+05:30,10879,ON_HOLD
67075,2014-07-13T00:00:00.000+05:30,1290,ON_HOLD
67092,2014-07-13T00:00:00.000+05:30,10758,ON_HOLD
67111,2014-07-14T00:00:00.000+05:30,8763,ON_HOLD
67112,2014-07-14T00:00:00.000+05:30,10763,ON_HOLD
67180,2014-07-16T00:00:00.000+05:30,8209,ON_HOLD
67190,2014-07-16T00:00:00.000+05:30,4837,ON_HOLD
67211,2014-07-17T00:00:00.000+05:30,755,ON_HOLD
67225,2014-07-18T00:00:00.000+05:30,6763,ON_HOLD
67330,2014-07-22T00:00:00.000+05:30,6587,ON_HOLD
67368,2014-07-23T00:00:00.000+05:30,10278,ON_HOLD
67428,2013-07-28T00:00:00.000+05:30,8177,ON_HOLD
67436,2013-07-29T00:00:00.000+05:30,7954,ON_HOLD
67440,2013-07-30T00:00:00.000+05:30,5244,ON_HOLD
67466,2013-08-06T00:00:00.000+05:30,10076,ON_HOLD
67468,2013-08-07T00:00:00.000+05:30,11678,ON_HOLD
67499,2013-08-16T00:00:00.000+05:30,3365,ON_HOLD
67509,2013-08-19T00:00:00.000+05:30,2826,ON_HOLD
67531,2013-08-23T00:00:00.000+05:30,11753,ON_HOLD
67532,2013-08-24T00:00:00.000+05:30,8581,ON_HOLD
67587,2013-09-07T00:00:00.000+05:30,3458,ON_HOLD
67588,2013-09-07T00:00:00.000+05:30,8116,ON_HOLD
67612,2013-09-13T00:00:00.000+05:30,371,ON_HOLD
67615,2013-09-14T00:00:00.000+05:30,3812,ON_HOLD
67674,2013-10-05T00:00:00.000+05:30,9165,ON_HOLD
67695,2013-10-10T00:00:00.000+05:30,2858,ON_HOLD
67719,2013-10-17T00:00:00.000+05:30,10567,ON_HOLD
67825,2013-11-19T00:00:00.000+05:30,300,ON_HOLD
67835,2013-11-22T00:00:00.000+05:30,4755,ON_HOLD
67848,2013-11-25T00:00:00.000+05:30,2034,ON_HOLD
67877,2013-12-06T00:00:00.000+05:30,9363,ON_HOLD
67891,2013-12-09T00:00:00.000+05:30,3336,ON_HOLD
67930,2013-12-21T00:00:00.000+05:30,5791,ON_HOLD
67940,2013-12-24T00:00:00.000+05:30,4684,ON_HOLD
67949,2013-12-26T00:00:00.000+05:30,11569,ON_HOLD
67954,2013-12-27T00:00:00.000+05:30,9632,ON_HOLD
67974,2014-01-02T00:00:00.000+05:30,6011,ON_HOLD
67989,2014-01-08T00:00:00.000+05:30,5814,ON_HOLD
67994,2014-01-09T00:00:00.000+05:30,12324,ON_HOLD
68030,2014-01-19T00:00:00.000+05:30,7696,ON_HOLD
68082,2014-01-31T00:00:00.000+05:30,5329,ON_HOLD
68084,2014-02-01T00:00:00.000+05:30,11674,ON_HOLD
68089,2014-02-02T00:00:00.000+05:30,3057,ON_HOLD
68108,2014-02-08T00:00:00.000+05:30,5822,ON_HOLD
68109,2014-02-08T00:00:00.000+05:30,10786,ON_HOLD
68147,2014-02-17T00:00:00.000+05:30,4251,ON_HOLD
68164,2014-02-21T00:00:00.000+05:30,11250,ON_HOLD
68175,2014-02-24T00:00:00.000+05:30,2475,ON_HOLD
68180,2014-02-26T00:00:00.000+05:30,9977,ON_HOLD
68281,2014-03-27T00:00:00.000+05:30,2765,ON_HOLD
68296,2014-04-01T00:00:00.000+05:30,2687,ON_HOLD
68335,2014-04-11T00:00:00.000+05:30,11127,ON_HOLD
68382,2014-04-24T00:00:00.000+05:30,12221,ON_HOLD
68387,2014-04-26T00:00:00.000+05:30,1608,ON_HOLD
68410,2014-05-01T00:00:00.000+05:30,11991,ON_HOLD
68461,2014-05-17T00:00:00.000+05:30,759,ON_HOLD
68478,2014-05-21T00:00:00.000+05:30,11716,ON_HOLD
68483,2014-05-22T00:00:00.000+05:30,9974,ON_HOLD
68520,2014-06-04T00:00:00.000+05:30,12309,ON_HOLD
68542,2014-06-11T00:00:00.000+05:30,5035,ON_HOLD
68593,2014-06-24T00:00:00.000+05:30,7043,ON_HOLD
68596,2014-06-25T00:00:00.000+05:30,4246,ON_HOLD
68610,2014-06-28T00:00:00.000+05:30,5200,ON_HOLD
68621,2014-07-02T00:00:00.000+05:30,4266,ON_HOLD
68670,2014-07-17T00:00:00.000+05:30,10673,ON_HOLD
68679,2014-07-20T00:00:00.000+05:30,9001,ON_HOLD
68708,2013-08-26T00:00:00.000+05:30,8852,ON_HOLD
68722,2013-09-20T00:00:00.000+05:30,4258,ON_HOLD
68734,2013-10-18T00:00:00.000+05:30,8510,ON_HOLD
68740,2013-10-29T00:00:00.000+05:30,10691,ON_HOLD
68809,2014-03-12T00:00:00.000+05:30,5946,ON_HOLD
68830,2014-04-23T00:00:00.000+05:30,4952,ON_HOLD
68854,2014-06-01T00:00:00.000+05:30,6528,ON_HOLD
68864,2014-06-18T00:00:00.000+05:30,9634,ON_HOLD
68875,2014-07-04T00:00:00.000+05:30,10637,ON_HOLD
68877,2014-07-07T00:00:00.000+05:30,9692,ON_HOLD
68882,2014-07-22T00:00:00.000+05:30,10000,ON_HOLD
