69,2013-07-25 00:00:00.0,2821
117,2013-07-26 00:00:00.0,58
246,2013-07-26 00:00:00.0,9616
320,2013-07-26 00:00:00.0,10698
329,2013-07-26 00:00:00.0,1944
411,2013-07-27 00:00:00.0,11164
423,2013-07-27 00:00:00.0,9632
453,2013-07-27 00:00:00.0,381
548,2013-07-28 00:00:00.0,6889
580,2013-07-28 00:00:00.0,8677
587,2013-07-28 00:00:00.0,6008
818,2013-07-29 00:00:00.0,8459
830,2013-07-29 00:00:00.0,9103
909,2013-07-30 00:00:00.0,8670
932,2013-07-30 00:00:00.0,7231
940,2013-07-30 00:00:00.0,5098
963,2013-07-30 00:00:00.0,10558
982,2013-07-30 00:00:00.0,2873
993,2013-07-30 00:00:00.0,5122
1002,2013-07-30 00:00:00.0,5170
1063,2013-07-30 00:00:00.0,4868
1069,2013-07-30 00:00:00.0,4683
1074,2013-07-30 00:00:00.0,3900
1083,2013-07-31 00:00:00.0,3957
1100,2013-07-31 00:00:00.0,2850
1117,2013-07-31 00:00:00.0,11352
1144,2013-07-31 00:00:00.0,61
1201,2013-07-31 00:00:00.0,6343
1207,2013-07-31 00:00:00.0,54
1336,2013-08-01 00:00:00.0,5627
1398,2013-08-01 00:00:00.0,1523
1412,2013-08-01 00:00:00.0,3656
1415,2013-08-01 00:00:00.0,109
1492,2013-08-01 00:00:00.0,6847
1495,2013-08-01 00:00:00.0,847
1509,2013-08-01 00:00:00.0,11060
1538,2013-08-02 00:00:00.0,4172
1558,2013-08-02 00:00:00.0,5661
1597,2013-08-02 00:00:00.0,11967
1635,2013-08-02 00:00:00.0,6602
1638,2013-08-02 00:00:00.0,10880
1639,2013-08-02 00:00:00.0,6571
1646,2013-08-02 00:00:00.0,6362
1685,2013-08-02 00:00:00.0,6357
1747,2013-08-03 00:00:00.0,9464
1756,2013-08-03 00:00:00.0,6875
1762,2013-08-03 00:00:00.0,2727
1916,2013-08-04 00:00:00.0,6599
1991,2013-08-04 00:00:00.0,242
2052,2013-08-05 00:00:00.0,2794
2060,2013-08-05 00:00:00.0,6448
2321,2013-08-06 00:00:00.0,11029
2325,2013-08-06 00:00:00.0,2071
2332,2013-08-06 00:00:00.0,9145
2416,2013-08-07 00:00:00.0,11450
2423,2013-08-07 00:00:00.0,3638
2502,2013-08-07 00:00:00.0,5674
2520,2013-08-07 00:00:00.0,12276
2528,2013-08-07 00:00:00.0,2225
2535,2013-08-07 00:00:00.0,6839
2541,2013-08-07 00:00:00.0,3864
2550,2013-08-07 00:00:00.0,10312
2628,2013-08-08 00:00:00.0,1828
2680,2013-08-08 00:00:00.0,8781
2721,2013-08-09 00:00:00.0,5655
2740,2013-08-09 00:00:00.0,7200
2823,2013-08-10 00:00:00.0,11676
2828,2013-08-10 00:00:00.0,4952
2911,2013-08-10 00:00:00.0,2817
2945,2013-08-10 00:00:00.0,4861
2974,2013-08-10 00:00:00.0,9909
2984,2013-08-10 00:00:00.0,7219
2985,2013-08-10 00:00:00.0,11451
2990,2013-08-10 00:00:00.0,10382
3028,2013-08-11 00:00:00.0,8689
3116,2013-08-11 00:00:00.0,2786
3159,2013-08-12 00:00:00.0,6536
3201,2013-08-12 00:00:00.0,1374
3250,2013-08-12 00:00:00.0,9027
3268,2013-08-12 00:00:00.0,11299
3297,2013-08-12 00:00:00.0,7031
3304,2013-08-12 00:00:00.0,613
3342,2013-08-12 00:00:00.0,6412
3364,2013-08-12 00:00:00.0,10711
3491,2013-08-14 00:00:00.0,9543
3586,2013-08-15 00:00:00.0,2256
3625,2013-08-15 00:00:00.0,2813
3645,2013-08-15 00:00:00.0,2914
3753,2013-08-15 00:00:00.0,2888
3757,2013-08-15 00:00:00.0,4736
3925,2013-08-17 00:00:00.0,7200
3954,2013-08-17 00:00:00.0,10543
3968,2013-08-17 00:00:00.0,5933
4000,2013-08-17 00:00:00.0,6809
4006,2013-08-17 00:00:00.0,12338
4067,2013-08-17 00:00:00.0,11697
4071,2013-08-17 00:00:00.0,11245
4159,2013-08-18 00:00:00.0,2777
4167,2013-08-18 00:00:00.0,6617
4250,2013-08-19 00:00:00.0,749
4253,2013-08-19 00:00:00.0,11644
4255,2013-08-19 00:00:00.0,6370
4292,2013-08-19 00:00:00.0,797
4304,2013-08-19 00:00:00.0,10770
4497,2013-08-21 00:00:00.0,3849
4558,2013-08-22 00:00:00.0,10116
4610,2013-08-22 00:00:00.0,7185
4654,2013-08-22 00:00:00.0,5832
4744,2013-08-23 00:00:00.0,9414
4868,2013-08-23 00:00:00.0,11309
4998,2013-08-24 00:00:00.0,8335
5110,2013-08-25 00:00:00.0,2355
5126,2013-08-25 00:00:00.0,2833
5135,2013-08-25 00:00:00.0,10791
5155,2013-08-25 00:00:00.0,11479
5160,2013-08-25 00:00:00.0,3420
5174,2013-08-25 00:00:00.0,4729
5185,2013-08-25 00:00:00.0,11343
5189,2013-08-25 00:00:00.0,1524
5193,2013-08-25 00:00:00.0,9496
5197,2013-08-25 00:00:00.0,10850
5205,2013-08-25 00:00:00.0,11781
5255,2013-08-25 00:00:00.0,5993
5323,2013-08-26 00:00:00.0,9241
5325,2013-08-26 00:00:00.0,5852
5519,2013-08-27 00:00:00.0,10154
5525,2013-08-27 00:00:00.0,9875
5579,2013-08-28 00:00:00.0,7196
5663,2013-08-29 00:00:00.0,9011
5673,2013-08-29 00:00:00.0,643
5707,2013-08-29 00:00:00.0,4167
5797,2013-08-29 00:00:00.0,1075
5843,2013-08-29 00:00:00.0,3716
5919,2013-08-30 00:00:00.0,6306
5927,2013-08-30 00:00:00.0,3175
5934,2013-08-30 00:00:00.0,11673
5981,2013-08-31 00:00:00.0,6349
6000,2013-08-31 00:00:00.0,850
6068,2013-09-01 00:00:00.0,9518
6101,2013-09-01 00:00:00.0,4385
6112,2013-09-01 00:00:00.0,8370
6152,2013-09-02 00:00:00.0,10813
6176,2013-09-02 00:00:00.0,3329
6311,2013-09-02 00:00:00.0,5911
6329,2013-09-03 00:00:00.0,11798
6396,2013-09-03 00:00:00.0,11894
6403,2013-09-03 00:00:00.0,6441
6416,2013-09-03 00:00:00.0,4149
6426,2013-09-03 00:00:00.0,4389
6521,2013-09-04 00:00:00.0,23
6522,2013-09-04 00:00:00.0,2538
6581,2013-09-05 00:00:00.0,11961
6713,2013-09-05 00:00:00.0,2382
6758,2013-09-05 00:00:00.0,7014
6842,2013-09-06 00:00:00.0,8999
6860,2013-09-06 00:00:00.0,6026
6867,2013-09-06 00:00:00.0,762
6920,2013-09-06 00:00:00.0,4048
6965,2013-09-06 00:00:00.0,6316
6977,2013-09-06 00:00:00.0,2764
7034,2013-09-06 00:00:00.0,383
7048,2013-09-07 00:00:00.0,10409
7105,2013-09-07 00:00:00.0,6097
7158,2013-09-07 00:00:00.0,6071
7179,2013-09-07 00:00:00.0,7915
7252,2013-09-08 00:00:00.0,8246
7287,2013-09-08 00:00:00.0,11225
7343,2013-09-08 00:00:00.0,4822
7351,2013-09-08 00:00:00.0,7952
7409,2013-09-09 00:00:00.0,8217
7413,2013-09-09 00:00:00.0,5921
7481,2013-09-09 00:00:00.0,2650
7534,2013-09-09 00:00:00.0,10741
7671,2013-09-10 00:00:00.0,5197
7726,2013-09-10 00:00:00.0,6930
7739,2013-09-10 00:00:00.0,3480
8015,2013-09-12 00:00:00.0,10968
8077,2013-09-13 00:00:00.0,10914
8200,2013-09-14 00:00:00.0,4742
8202,2013-09-14 00:00:00.0,4102
8207,2013-09-14 00:00:00.0,9765
8235,2013-09-14 00:00:00.0,5774
8295,2013-09-14 00:00:00.0,11046
8302,2013-09-14 00:00:00.0,6915
8368,2013-09-14 00:00:00.0,3768
8396,2013-09-15 00:00:00.0,12271
8463,2013-09-15 00:00:00.0,6216
8530,2013-09-16 00:00:00.0,2042
8604,2013-09-17 00:00:00.0,2537
8671,2013-09-18 00:00:00.0,4420
8683,2013-09-18 00:00:00.0,8187
8704,2013-09-18 00:00:00.0,5983
8721,2013-09-18 00:00:00.0,7227
8741,2013-09-18 00:00:00.0,8065
8750,2013-09-18 00:00:00.0,11542
8820,2013-09-18 00:00:00.0,3231
8850,2013-09-18 00:00:00.0,5748
8899,2013-09-19 00:00:00.0,9431
8964,2013-09-19 00:00:00.0,10571
9063,2013-09-19 00:00:00.0,5274
9096,2013-09-20 00:00:00.0,366
9109,2013-09-20 00:00:00.0,12002
9113,2013-09-20 00:00:00.0,7591
9131,2013-09-20 00:00:00.0,1125
9222,2013-09-21 00:00:00.0,8060
9258,2013-09-21 00:00:00.0,4342
9283,2013-09-21 00:00:00.0,9353
9378,2013-09-22 00:00:00.0,12340
9390,2013-09-22 00:00:00.0,5602
9424,2013-09-22 00:00:00.0,10250
9430,2013-09-22 00:00:00.0,526
9433,2013-09-22 00:00:00.0,5813
9463,2013-09-22 00:00:00.0,12335
9476,2013-09-22 00:00:00.0,11692
9525,2013-09-23 00:00:00.0,9894
9534,2013-09-23 00:00:00.0,12139
9605,2013-09-23 00:00:00.0,9384
9760,2013-09-24 00:00:00.0,4829
9768,2013-09-24 00:00:00.0,7333
9782,2013-09-24 00:00:00.0,4133
9795,2013-09-24 00:00:00.0,3087
9807,2013-09-24 00:00:00.0,5573
9906,2013-09-25 00:00:00.0,10301
9925,2013-09-25 00:00:00.0,2773
9988,2013-09-25 00:00:00.0,11739
10014,2013-09-25 00:00:00.0,10864
10036,2013-09-25 00:00:00.0,9362
10049,2013-09-25 00:00:00.0,11789
10056,2013-09-25 00:00:00.0,8906
10077,2013-09-25 00:00:00.0,2232
10107,2013-09-25 00:00:00.0,12012
10116,2013-09-26 00:00:00.0,1180
10146,2013-09-26 00:00:00.0,5085
10204,2013-09-26 00:00:00.0,10602
10215,2013-09-26 00:00:00.0,5020
10232,2013-09-26 00:00:00.0,10917
10276,2013-09-26 00:00:00.0,7887
10277,2013-09-26 00:00:00.0,11470
10278,2013-09-26 00:00:00.0,10071
10306,2013-09-26 00:00:00.0,4828
10333,2013-09-27 00:00:00.0,11112
10403,2013-09-27 00:00:00.0,8812
10407,2013-09-27 00:00:00.0,10992
10429,2013-09-27 00:00:00.0,11606
10455,2013-09-27 00:00:00.0,12376
10484,2013-09-27 00:00:00.0,4909
10559,2013-09-28 00:00:00.0,5640
10562,2013-09-28 00:00:00.0,5525
10622,2013-09-28 00:00:00.0,8789
10640,2013-09-28 00:00:00.0,2328
10773,2013-09-29 00:00:00.0,7805
10801,2013-09-29 00:00:00.0,12348
10836,2013-09-29 00:00:00.0,6022
10842,2013-09-30 00:00:00.0,6810
10917,2013-09-30 00:00:00.0,3962
10948,2013-09-30 00:00:00.0,5202
10973,2013-09-30 00:00:00.0,1522
10986,2013-09-30 00:00:00.0,12278
10993,2013-09-30 00:00:00.0,11693
10998,2013-09-30 00:00:00.0,3389
11023,2013-09-30 00:00:00.0,1457
11119,2013-10-02 00:00:00.0,10353
11140,2013-10-02 00:00:00.0,4486
11148,2013-10-02 00:00:00.0,8115
11184,2013-10-02 00:00:00.0,2683
11218,2013-10-02 00:00:00.0,8626
11250,2013-10-02 00:00:00.0,1613
11308,2013-10-02 00:00:00.0,12233
11331,2013-10-03 00:00:00.0,11637
11342,2013-10-03 00:00:00.0,5780
11405,2013-10-03 00:00:00.0,2263
11449,2013-10-04 00:00:00.0,7152
11489,2013-10-04 00:00:00.0,4829
11545,2013-10-04 00:00:00.0,10935
11593,2013-10-04 00:00:00.0,1254
11673,2013-10-04 00:00:00.0,3713
11693,2013-10-05 00:00:00.0,6918
11704,2013-10-05 00:00:00.0,8594
11852,2013-10-05 00:00:00.0,12192
11871,2013-10-05 00:00:00.0,12092
11887,2013-10-06 00:00:00.0,3147
11916,2013-10-06 00:00:00.0,10898
11962,2013-10-06 00:00:00.0,1011
11977,2013-10-06 00:00:00.0,3569
11988,2013-10-06 00:00:00.0,6480
11994,2013-10-06 00:00:00.0,6494
12036,2013-10-06 00:00:00.0,11527
12046,2013-10-06 00:00:00.0,11584
12247,2013-10-08 00:00:00.0,2264
12310,2013-10-08 00:00:00.0,4230
12372,2013-10-08 00:00:00.0,6665
12418,2013-10-09 00:00:00.0,1903
12534,2013-10-10 00:00:00.0,2384
12647,2013-10-11 00:00:00.0,9650
12794,2013-10-11 00:00:00.0,12107
12796,2013-10-11 00:00:00.0,7690
12873,2013-10-12 00:00:00.0,4173
13075,2013-10-13 00:00:00.0,12350
13250,2013-10-14 00:00:00.0,4885
13280,2013-10-14 00:00:00.0,1995
13284,2013-10-14 00:00:00.0,11308
13394,2013-10-15 00:00:00.0,1165
13398,2013-10-15 00:00:00.0,8134
13521,2013-10-16 00:00:00.0,3916
13581,2013-10-17 00:00:00.0,6778
13647,2013-10-17 00:00:00.0,3832
13650,2013-10-17 00:00:00.0,11117
13730,2013-10-18 00:00:00.0,10303
13735,2013-10-18 00:00:00.0,561
13755,2013-10-18 00:00:00.0,11448
13784,2013-10-19 00:00:00.0,8144
13859,2013-10-19 00:00:00.0,1107
13968,2013-10-20 00:00:00.0,11360
14001,2013-10-20 00:00:00.0,2734
14024,2013-10-20 00:00:00.0,884
14053,2013-10-20 00:00:00.0,10438
14068,2013-10-21 00:00:00.0,6869
14106,2013-10-21 00:00:00.0,4597
14147,2013-10-22 00:00:00.0,6916
14159,2013-10-22 00:00:00.0,809
14210,2013-10-22 00:00:00.0,11654
14247,2013-10-23 00:00:00.0,2093
14263,2013-10-23 00:00:00.0,3996
14291,2013-10-23 00:00:00.0,2604
14317,2013-10-23 00:00:00.0,7281
14339,2013-10-23 00:00:00.0,746
14372,2013-10-23 00:00:00.0,4160
14448,2013-10-24 00:00:00.0,3574
14490,2013-10-24 00:00:00.0,11851
14550,2013-10-24 00:00:00.0,5689
14561,2013-10-25 00:00:00.0,5280
14610,2013-10-25 00:00:00.0,5257
14675,2013-10-25 00:00:00.0,11403
14726,2013-10-26 00:00:00.0,8702
14804,2013-10-27 00:00:00.0,7611
14836,2013-10-27 00:00:00.0,7666
15017,2013-10-28 00:00:00.0,9967
15046,2013-10-28 00:00:00.0,9477
15079,2013-10-28 00:00:00.0,5313
15081,2013-10-28 00:00:00.0,7499
15089,2013-10-28 00:00:00.0,10089
15100,2013-10-28 00:00:00.0,4067
15121,2013-10-29 00:00:00.0,6686
15153,2013-10-29 00:00:00.0,9392
15200,2013-10-29 00:00:00.0,10824
15217,2013-10-30 00:00:00.0,1543
15268,2013-10-30 00:00:00.0,4581
15278,2013-10-30 00:00:00.0,3934
15352,2013-10-31 00:00:00.0,7630
15454,2013-10-31 00:00:00.0,1698
15543,2013-11-01 00:00:00.0,6559
15640,2013-11-01 00:00:00.0,6977
15679,2013-11-01 00:00:00.0,1507
15722,2013-11-02 00:00:00.0,12224
15732,2013-11-02 00:00:00.0,2881
15754,2013-11-02 00:00:00.0,6250
15773,2013-11-02 00:00:00.0,1780
15810,2013-11-03 00:00:00.0,49
15923,2013-11-03 00:00:00.0,10499
15925,2013-11-03 00:00:00.0,5813
15969,2013-11-03 00:00:00.0,6146
16075,2013-11-03 00:00:00.0,7051
16120,2013-11-04 00:00:00.0,3755
16193,2013-11-04 00:00:00.0,9571
16248,2013-11-04 00:00:00.0,11233
16264,2013-11-04 00:00:00.0,5529
16266,2013-11-04 00:00:00.0,10307
16289,2013-11-04 00:00:00.0,7415
16308,2013-11-04 00:00:00.0,670
16392,2013-11-05 00:00:00.0,2940
16459,2013-11-05 00:00:00.0,8102
16463,2013-11-05 00:00:00.0,4941
16498,2013-11-05 00:00:00.0,8272
16500,2013-11-05 00:00:00.0,3780
16532,2013-11-05 00:00:00.0,731
16553,2013-11-05 00:00:00.0,4509
16580,2013-11-06 00:00:00.0,8695
16630,2013-11-06 00:00:00.0,8201
16651,2013-11-06 00:00:00.0,4961
16656,2013-11-06 00:00:00.0,3957
16716,2013-11-06 00:00:00.0,10869
16748,2013-11-06 00:00:00.0,660
16809,2013-11-07 00:00:00.0,1317
16811,2013-11-07 00:00:00.0,6906
16814,2013-11-07 00:00:00.0,8808
16819,2013-11-07 00:00:00.0,409
16826,2013-11-07 00:00:00.0,6101
16842,2013-11-07 00:00:00.0,3420
16846,2013-11-07 00:00:00.0,4822
16947,2013-11-07 00:00:00.0,7515
16959,2013-11-07 00:00:00.0,1714
16993,2013-11-08 00:00:00.0,10565
17035,2013-11-08 00:00:00.0,221
17104,2013-11-08 00:00:00.0,2513
17174,2013-11-09 00:00:00.0,8430
17197,2013-11-09 00:00:00.0,1540
17230,2013-11-09 00:00:00.0,12077
17245,2013-11-09 00:00:00.0,6260
17436,2013-11-10 00:00:00.0,235
17478,2013-11-11 00:00:00.0,9305
17512,2013-11-11 00:00:00.0,5351
17518,2013-11-11 00:00:00.0,3086
17591,2013-11-11 00:00:00.0,376
17638,2013-11-11 00:00:00.0,5938
17704,2013-11-12 00:00:00.0,9576
17753,2013-11-12 00:00:00.0,2544
17791,2013-11-12 00:00:00.0,7393
17802,2013-11-12 00:00:00.0,11672
17804,2013-11-12 00:00:00.0,2227
17806,2013-11-12 00:00:00.0,6994
17839,2013-11-12 00:00:00.0,6145
17859,2013-11-12 00:00:00.0,3795
17899,2013-11-13 00:00:00.0,430
17985,2013-11-13 00:00:00.0,3529
18015,2013-11-13 00:00:00.0,9578
18210,2013-11-14 00:00:00.0,9892
18243,2013-11-14 00:00:00.0,3324
18264,2013-11-14 00:00:00.0,2114
18462,2013-11-16 00:00:00.0,9898
18463,2013-11-16 00:00:00.0,345
18520,2013-11-17 00:00:00.0,3223
18521,2013-11-17 00:00:00.0,8252
18562,2013-11-17 00:00:00.0,8570
18583,2013-11-17 00:00:00.0,2784
18605,2013-11-17 00:00:00.0,48
18617,2013-11-17 00:00:00.0,4044
18655,2013-11-18 00:00:00.0,11517
18704,2013-11-18 00:00:00.0,4645
18712,2013-11-18 00:00:00.0,11923
18723,2013-11-18 00:00:00.0,8539
18740,2013-11-18 00:00:00.0,11888
18786,2013-11-18 00:00:00.0,7021
18913,2013-11-19 00:00:00.0,1234
18914,2013-11-19 00:00:00.0,6118
19054,2013-11-20 00:00:00.0,1020
19212,2013-11-21 00:00:00.0,376
19218,2013-11-21 00:00:00.0,11443
19238,2013-11-22 00:00:00.0,7555
19297,2013-11-22 00:00:00.0,2160
19327,2013-11-22 00:00:00.0,9426
19366,2013-11-22 00:00:00.0,5413
19434,2013-11-22 00:00:00.0,9819
19464,2013-11-23 00:00:00.0,1673
19495,2013-11-23 00:00:00.0,3446
19540,2013-11-23 00:00:00.0,703
19556,2013-11-23 00:00:00.0,7133
19630,2013-11-23 00:00:00.0,10490
19664,2013-11-23 00:00:00.0,231
19668,2013-11-24 00:00:00.0,12094
19734,2013-11-24 00:00:00.0,9409
19813,2013-11-24 00:00:00.0,5200
19835,2013-11-24 00:00:00.0,11250
19863,2013-11-24 00:00:00.0,7842
19872,2013-11-24 00:00:00.0,7462
19886,2013-11-24 00:00:00.0,12007
19931,2013-11-25 00:00:00.0,5220
20002,2013-11-25 00:00:00.0,5572
20101,2013-11-27 00:00:00.0,10739
20104,2013-11-27 00:00:00.0,10546
20154,2013-11-27 00:00:00.0,11626
20238,2013-11-28 00:00:00.0,11633
20277,2013-11-28 00:00:00.0,9259
20289,2013-11-28 00:00:00.0,1115
20308,2013-11-28 00:00:00.0,5860
20331,2013-11-28 00:00:00.0,4917
20367,2013-11-28 00:00:00.0,8773
20432,2013-11-28 00:00:00.0,11667
20434,2013-11-28 00:00:00.0,10005
20452,2013-11-29 00:00:00.0,3755
20458,2013-11-29 00:00:00.0,11222
20473,2013-11-29 00:00:00.0,5114
20507,2013-11-29 00:00:00.0,1306
20521,2013-11-29 00:00:00.0,5768
20753,2013-11-30 00:00:00.0,5831
20774,2013-11-30 00:00:00.0,2395
20888,2013-11-30 00:00:00.0,6302
20891,2013-11-30 00:00:00.0,11119
20902,2013-11-30 00:00:00.0,6015
20908,2013-11-30 00:00:00.0,10657
20949,2013-12-01 00:00:00.0,8874
20968,2013-12-01 00:00:00.0,1002
20996,2013-12-01 00:00:00.0,8119
21002,2013-12-01 00:00:00.0,8318
21023,2013-12-01 00:00:00.0,8666
21041,2013-12-01 00:00:00.0,10162
21131,2013-12-02 00:00:00.0,2048
21150,2013-12-02 00:00:00.0,10975
21190,2013-12-02 00:00:00.0,10225
21227,2013-12-03 00:00:00.0,567
21261,2013-12-03 00:00:00.0,10708
21304,2013-12-03 00:00:00.0,7075
21318,2013-12-03 00:00:00.0,11987
21359,2013-12-03 00:00:00.0,5797
21375,2013-12-03 00:00:00.0,3889
21403,2013-12-04 00:00:00.0,10022
21417,2013-12-04 00:00:00.0,5840
21484,2013-12-04 00:00:00.0,9674
21493,2013-12-04 00:00:00.0,7696
21527,2013-12-04 00:00:00.0,10869
21536,2013-12-05 00:00:00.0,10784
21538,2013-12-05 00:00:00.0,6964
21540,2013-12-05 00:00:00.0,3171
21644,2013-12-05 00:00:00.0,6490
21762,2013-12-06 00:00:00.0,8387
21775,2013-12-06 00:00:00.0,11358
21970,2013-12-06 00:00:00.0,12428
21994,2013-12-06 00:00:00.0,3651
22034,2013-12-07 00:00:00.0,6938
22051,2013-12-07 00:00:00.0,6165
22188,2013-12-07 00:00:00.0,12237
22266,2013-12-08 00:00:00.0,5755
22321,2013-12-08 00:00:00.0,1807
22575,2013-12-11 00:00:00.0,8487
22596,2013-12-11 00:00:00.0,5946
22650,2013-12-11 00:00:00.0,3236
22677,2013-12-11 00:00:00.0,7595
22700,2013-12-11 00:00:00.0,3858
22729,2013-12-11 00:00:00.0,11826
22788,2013-12-11 00:00:00.0,4137
22809,2013-12-12 00:00:00.0,7703
22840,2013-12-12 00:00:00.0,6223
22910,2013-12-12 00:00:00.0,9881
22919,2013-12-13 00:00:00.0,6845
22925,2013-12-13 00:00:00.0,9560
22932,2013-12-13 00:00:00.0,9086
23035,2013-12-14 00:00:00.0,5136
23078,2013-12-15 00:00:00.0,11662
23102,2013-12-15 00:00:00.0,12306
23225,2013-12-15 00:00:00.0,1473
23302,2013-12-16 00:00:00.0,1748
23336,2013-12-16 00:00:00.0,6757
23406,2013-12-17 00:00:00.0,2676
23448,2013-12-18 00:00:00.0,5329
23517,2013-12-18 00:00:00.0,5854
23597,2013-12-18 00:00:00.0,4396
23605,2013-12-18 00:00:00.0,2983
23626,2013-12-18 00:00:00.0,6666
23628,2013-12-18 00:00:00.0,12259
23650,2013-12-19 00:00:00.0,7049
23684,2013-12-19 00:00:00.0,10269
23929,2013-12-20 00:00:00.0,11560
23989,2013-12-21 00:00:00.0,9114
24082,2013-12-21 00:00:00.0,1236
24145,2013-12-22 00:00:00.0,878
24306,2013-12-22 00:00:00.0,285
24373,2013-12-23 00:00:00.0,7170
24385,2013-12-23 00:00:00.0,2496
24493,2013-12-24 00:00:00.0,5146
24588,2013-12-24 00:00:00.0,3545
24637,2013-12-25 00:00:00.0,4369
24650,2013-12-25 00:00:00.0,7270
24653,2013-12-25 00:00:00.0,2703
24687,2013-12-25 00:00:00.0,8821
24739,2013-12-25 00:00:00.0,1639
24842,2013-12-26 00:00:00.0,4742
24880,2013-12-26 00:00:00.0,11983
24945,2013-12-26 00:00:00.0,3844
24979,2013-12-26 00:00:00.0,3285
24981,2013-12-26 00:00:00.0,5581
25006,2013-12-26 00:00:00.0,4425
25013,2013-12-26 00:00:00.0,9398
25057,2013-12-27 00:00:00.0,9847
25058,2013-12-27 00:00:00.0,9793
25195,2013-12-28 00:00:00.0,6755
25203,2013-12-28 00:00:00.0,12013
25240,2013-12-28 00:00:00.0,5610
25281,2013-12-28 00:00:00.0,6591
25311,2013-12-28 00:00:00.0,6953
25393,2013-12-29 00:00:00.0,7858
25441,2013-12-29 00:00:00.0,4419
25608,2013-12-30 00:00:00.0,10838
25639,2013-12-31 00:00:00.0,9886
25652,2013-12-31 00:00:00.0,1434
25655,2013-12-31 00:00:00.0,10688
25683,2013-12-31 00:00:00.0,9010
25705,2013-12-31 00:00:00.0,5382
25725,2013-12-31 00:00:00.0,12129
25745,2013-12-31 00:00:00.0,9834
25820,2013-12-31 00:00:00.0,9405
25971,2014-01-01 00:00:00.0,5342
25995,2014-01-02 00:00:00.0,6308
26014,2014-01-02 00:00:00.0,10006
26019,2014-01-02 00:00:00.0,2590
26033,2014-01-02 00:00:00.0,5251
26082,2014-01-03 00:00:00.0,841
26118,2014-01-03 00:00:00.0,6251
26167,2014-01-03 00:00:00.0,6420
26188,2014-01-03 00:00:00.0,2476
26242,2014-01-03 00:00:00.0,5773
26250,2014-01-03 00:00:00.0,4696
26293,2014-01-03 00:00:00.0,11957
26298,2014-01-04 00:00:00.0,8707
26370,2014-01-04 00:00:00.0,1075
26440,2014-01-05 00:00:00.0,7706
26480,2014-01-05 00:00:00.0,9749
26521,2014-01-05 00:00:00.0,3786
26658,2014-01-06 00:00:00.0,6899
26780,2014-01-07 00:00:00.0,467
26873,2014-01-07 00:00:00.0,3402
26918,2014-01-08 00:00:00.0,2241
26934,2014-01-08 00:00:00.0,3830
27026,2014-01-09 00:00:00.0,11659
27068,2014-01-09 00:00:00.0,9010
27076,2014-01-09 00:00:00.0,12096
27228,2014-01-10 00:00:00.0,2918
27251,2014-01-10 00:00:00.0,3592
27271,2014-01-10 00:00:00.0,7428
27322,2014-01-10 00:00:00.0,4797
27334,2014-01-10 00:00:00.0,9792
27398,2014-01-11 00:00:00.0,3197
27469,2014-01-11 00:00:00.0,2078
27522,2014-01-11 00:00:00.0,5917
27535,2014-01-11 00:00:00.0,5053
27590,2014-01-12 00:00:00.0,10156
27597,2014-01-12 00:00:00.0,11942
27618,2014-01-12 00:00:00.0,6968
27651,2014-01-12 00:00:00.0,398
27653,2014-01-12 00:00:00.0,4867
27672,2014-01-12 00:00:00.0,3776
27686,2014-01-12 00:00:00.0,3839
27711,2014-01-12 00:00:00.0,11953
27717,2014-01-12 00:00:00.0,6138
27726,2014-01-12 00:00:00.0,5088
27758,2014-01-12 00:00:00.0,8525
27802,2014-01-13 00:00:00.0,10932
27818,2014-01-13 00:00:00.0,11216
27877,2014-01-13 00:00:00.0,24
27895,2014-01-13 00:00:00.0,7027
27899,2014-01-13 00:00:00.0,9068
27952,2014-01-14 00:00:00.0,9404
28087,2014-01-14 00:00:00.0,2431
28265,2014-01-15 00:00:00.0,31
28278,2014-01-15 00:00:00.0,8327
28297,2014-01-15 00:00:00.0,11550
28311,2014-01-15 00:00:00.0,6362
28352,2014-01-16 00:00:00.0,482
28382,2014-01-16 00:00:00.0,6637
28384,2014-01-16 00:00:00.0,11569
28481,2014-01-16 00:00:00.0,12028
28547,2014-01-17 00:00:00.0,8672
28677,2014-01-18 00:00:00.0,4775
28724,2014-01-18 00:00:00.0,5819
28734,2014-01-18 00:00:00.0,11501
28747,2014-01-18 00:00:00.0,7157
28811,2014-01-19 00:00:00.0,11154
28834,2014-01-19 00:00:00.0,1174
28875,2014-01-19 00:00:00.0,9231
28946,2014-01-20 00:00:00.0,8940
28961,2014-01-20 00:00:00.0,4650
28963,2014-01-20 00:00:00.0,11242
28988,2014-01-20 00:00:00.0,2153
29042,2014-01-20 00:00:00.0,8564
29055,2014-01-20 00:00:00.0,9576
29131,2014-01-21 00:00:00.0,8652
29365,2014-01-22 00:00:00.0,9348
29431,2014-01-22 00:00:00.0,4806
29438,2014-01-22 00:00:00.0,5583
29499,2014-01-23 00:00:00.0,539
29580,2014-01-23 00:00:00.0,7969
29598,2014-01-23 00:00:00.0,3235
29630,2014-01-23 00:00:00.0,3003
29648,2014-01-24 00:00:00.0,449
29655,2014-01-24 00:00:00.0,6737
29696,2014-01-24 00:00:00.0,5217
29760,2014-01-25 00:00:00.0,11107
29821,2014-01-25 00:00:00.0,12318
29851,2014-01-26 00:00:00.0,8171
29915,2014-01-26 00:00:00.0,6863
29989,2014-01-27 00:00:00.0,6755
30037,2014-01-27 00:00:00.0,10475
30066,2014-01-27 00:00:00.0,579
30081,2014-01-28 00:00:00.0,4458
30207,2014-01-28 00:00:00.0,209
30245,2014-01-28 00:00:00.0,8698
30248,2014-01-29 00:00:00.0,2515
30269,2014-01-29 00:00:00.0,11017
30328,2014-01-29 00:00:00.0,4622
30482,2014-01-30 00:00:00.0,9819
30515,2014-01-30 00:00:00.0,11997
30557,2014-01-30 00:00:00.0,1588
30570,2014-01-30 00:00:00.0,346
30587,2014-01-31 00:00:00.0,549
30674,2014-01-31 00:00:00.0,2179
30681,2014-01-31 00:00:00.0,11146
30728,2014-01-31 00:00:00.0,7948
30867,2014-02-01 00:00:00.0,9953
30874,2014-02-01 00:00:00.0,11244
30880,2014-02-01 00:00:00.0,7595
30907,2014-02-01 00:00:00.0,8106
30924,2014-02-01 00:00:00.0,10548
30971,2014-02-01 00:00:00.0,11968
30973,2014-02-01 00:00:00.0,5636
31030,2014-02-02 00:00:00.0,4683
31061,2014-02-02 00:00:00.0,2021
31244,2014-02-03 00:00:00.0,11849
31290,2014-02-03 00:00:00.0,2147
31336,2014-02-03 00:00:00.0,9554
31350,2014-02-03 00:00:00.0,6542
31364,2014-02-03 00:00:00.0,1636
31433,2014-02-04 00:00:00.0,11484
31457,2014-02-04 00:00:00.0,6882
31520,2014-02-05 00:00:00.0,1380
31552,2014-02-05 00:00:00.0,10855
31564,2014-02-05 00:00:00.0,6319
31687,2014-02-06 00:00:00.0,9320
31713,2014-02-06 00:00:00.0,11245
31797,2014-02-07 00:00:00.0,6162
31819,2014-02-07 00:00:00.0,7410
31838,2014-02-07 00:00:00.0,3021
31843,2014-02-07 00:00:00.0,4678
31846,2014-02-07 00:00:00.0,9609
31871,2014-02-07 00:00:00.0,4297
31874,2014-02-07 00:00:00.0,2158
31920,2014-02-07 00:00:00.0,1273
32118,2014-02-09 00:00:00.0,2744
32242,2014-02-09 00:00:00.0,8631
32278,2014-02-09 00:00:00.0,9136
32302,2014-02-09 00:00:00.0,5413
32325,2014-02-10 00:00:00.0,10483
32370,2014-02-10 00:00:00.0,5204
32377,2014-02-10 00:00:00.0,5736
32447,2014-02-10 00:00:00.0,7255
32482,2014-02-10 00:00:00.0,1824
32496,2014-02-10 00:00:00.0,1090
32557,2014-02-11 00:00:00.0,2190
32574,2014-02-11 00:00:00.0,1475
32594,2014-02-11 00:00:00.0,4045
32617,2014-02-11 00:00:00.0,3800
32618,2014-02-11 00:00:00.0,8055
32653,2014-02-11 00:00:00.0,5313
32830,2014-02-12 00:00:00.0,6368
32846,2014-02-13 00:00:00.0,2062
32906,2014-02-13 00:00:00.0,10652
32954,2014-02-13 00:00:00.0,2268
33026,2014-02-14 00:00:00.0,10974
33029,2014-02-14 00:00:00.0,10854
33054,2014-02-14 00:00:00.0,7191
33120,2014-02-14 00:00:00.0,2631
33121,2014-02-14 00:00:00.0,10667
33131,2014-02-14 00:00:00.0,10453
33219,2014-02-15 00:00:00.0,8232
33244,2014-02-15 00:00:00.0,3321
33290,2014-02-15 00:00:00.0,83
33347,2014-02-16 00:00:00.0,12317
33374,2014-02-16 00:00:00.0,11912
33376,2014-02-16 00:00:00.0,2451
33452,2014-02-16 00:00:00.0,10308
33486,2014-02-16 00:00:00.0,538
33518,2014-02-16 00:00:00.0,761
33529,2014-02-16 00:00:00.0,5051
33607,2014-02-17 00:00:00.0,122
33619,2014-02-17 00:00:00.0,5001
33630,2014-02-17 00:00:00.0,83
33730,2014-02-18 00:00:00.0,10305
33824,2014-02-18 00:00:00.0,1509
33889,2014-02-18 00:00:00.0,8799
33926,2014-02-19 00:00:00.0,11643
33929,2014-02-19 00:00:00.0,9661
33931,2014-02-19 00:00:00.0,460
34010,2014-02-19 00:00:00.0,4215
34097,2014-02-19 00:00:00.0,4675
34103,2014-02-19 00:00:00.0,2053
34182,2014-02-20 00:00:00.0,9402
34194,2014-02-20 00:00:00.0,5195
34210,2014-02-20 00:00:00.0,1350
34249,2014-02-20 00:00:00.0,1979
34304,2014-02-21 00:00:00.0,1387
34354,2014-02-21 00:00:00.0,11460
34372,2014-02-21 00:00:00.0,1736
34387,2014-02-21 00:00:00.0,5897
34391,2014-02-21 00:00:00.0,3667
34417,2014-02-21 00:00:00.0,8471
34461,2014-02-22 00:00:00.0,2220
34491,2014-02-22 00:00:00.0,3145
34506,2014-02-22 00:00:00.0,9174
34567,2014-02-23 00:00:00.0,7314
34656,2014-02-23 00:00:00.0,89
34688,2014-02-24 00:00:00.0,8033
34690,2014-02-24 00:00:00.0,5086
34707,2014-02-24 00:00:00.0,64
34745,2014-02-24 00:00:00.0,5659
34777,2014-02-24 00:00:00.0,4933
34814,2014-02-24 00:00:00.0,2571
34821,2014-02-24 00:00:00.0,2303
34876,2014-02-25 00:00:00.0,5075
34925,2014-02-25 00:00:00.0,12249
34953,2014-02-25 00:00:00.0,8679
35083,2014-02-26 00:00:00.0,2518
35144,2014-02-26 00:00:00.0,8917
35154,2014-02-26 00:00:00.0,11387
35182,2014-02-27 00:00:00.0,6985
35288,2014-02-27 00:00:00.0,5817
35340,2014-02-28 00:00:00.0,1369
35642,2014-03-01 00:00:00.0,2605
35699,2014-03-01 00:00:00.0,1908
35746,2014-03-01 00:00:00.0,1804
35754,2014-03-01 00:00:00.0,5907
35764,2014-03-01 00:00:00.0,10304
35800,2014-03-02 00:00:00.0,5965
35823,2014-03-02 00:00:00.0,5674
35853,2014-03-02 00:00:00.0,9701
35855,2014-03-02 00:00:00.0,7290
35878,2014-03-03 00:00:00.0,3329
36013,2014-03-03 00:00:00.0,266
36014,2014-03-03 00:00:00.0,85
36023,2014-03-03 00:00:00.0,7110
36155,2014-03-04 00:00:00.0,996
36202,2014-03-04 00:00:00.0,4683
36222,2014-03-04 00:00:00.0,552
36279,2014-03-04 00:00:00.0,4718
36294,2014-03-04 00:00:00.0,5010
36344,2014-03-05 00:00:00.0,11197
36433,2014-03-05 00:00:00.0,2314
36437,2014-03-05 00:00:00.0,2123
36497,2014-03-06 00:00:00.0,6364
36584,2014-03-06 00:00:00.0,11430
36596,2014-03-06 00:00:00.0,10888
36618,2014-03-06 00:00:00.0,7657
36653,2014-03-06 00:00:00.0,6143
36685,2014-03-07 00:00:00.0,8650
36695,2014-03-07 00:00:00.0,10211
36761,2014-03-07 00:00:00.0,6518
36790,2014-03-07 00:00:00.0,352
36800,2014-03-07 00:00:00.0,2708
36811,2014-03-07 00:00:00.0,335
36905,2014-03-10 00:00:00.0,1243
37013,2014-03-10 00:00:00.0,6081
37048,2014-03-10 00:00:00.0,4209
37092,2014-03-10 00:00:00.0,5918
37202,2014-03-11 00:00:00.0,2662
37234,2014-03-11 00:00:00.0,7925
37258,2014-03-11 00:00:00.0,10281
37261,2014-03-11 00:00:00.0,5853
37417,2014-03-12 00:00:00.0,1877
37493,2014-03-12 00:00:00.0,11743
37496,2014-03-12 00:00:00.0,10029
37511,2014-03-12 00:00:00.0,1766
37577,2014-03-13 00:00:00.0,2046
37637,2014-03-14 00:00:00.0,2983
37640,2014-03-14 00:00:00.0,9799
37642,2014-03-14 00:00:00.0,12136
37650,2014-03-14 00:00:00.0,2446
37658,2014-03-14 00:00:00.0,6342
37735,2014-03-14 00:00:00.0,9387
37750,2014-03-14 00:00:00.0,7929
37755,2014-03-14 00:00:00.0,10120
37792,2014-03-14 00:00:00.0,726
37845,2014-03-15 00:00:00.0,3222
37848,2014-03-15 00:00:00.0,7894
37921,2014-03-15 00:00:00.0,639
37960,2014-03-15 00:00:00.0,6143
37970,2014-03-15 00:00:00.0,3515
38032,2014-03-16 00:00:00.0,3015
38035,2014-03-16 00:00:00.0,8456
38066,2014-03-16 00:00:00.0,9231
38105,2014-03-16 00:00:00.0,5834
38160,2014-03-16 00:00:00.0,5367
38195,2014-03-17 00:00:00.0,6338
38238,2014-03-17 00:00:00.0,1746
38305,2014-03-18 00:00:00.0,6305
38329,2014-03-18 00:00:00.0,10352
38337,2014-03-18 00:00:00.0,6433
38378,2014-03-18 00:00:00.0,12385
38389,2014-03-18 00:00:00.0,2645
38405,2014-03-18 00:00:00.0,5271
38452,2014-03-18 00:00:00.0,4979
38477,2014-03-19 00:00:00.0,12021
38501,2014-03-19 00:00:00.0,5417
38515,2014-03-19 00:00:00.0,11584
38530,2014-03-19 00:00:00.0,871
38538,2014-03-19 00:00:00.0,2433
38544,2014-03-19 00:00:00.0,10190
38598,2014-03-20 00:00:00.0,11018
38643,2014-03-20 00:00:00.0,11482
38702,2014-03-20 00:00:00.0,7527
38727,2014-03-21 00:00:00.0,8332
38745,2014-03-21 00:00:00.0,8617
38799,2014-03-21 00:00:00.0,4148
38821,2014-03-21 00:00:00.0,5695
38884,2014-03-22 00:00:00.0,9294
38948,2014-03-22 00:00:00.0,8185
39018,2014-03-22 00:00:00.0,9414
39023,2014-03-22 00:00:00.0,9069
39036,2014-03-22 00:00:00.0,7007
39069,2014-03-23 00:00:00.0,12396
39103,2014-03-23 00:00:00.0,7590
39104,2014-03-23 00:00:00.0,11804
39140,2014-03-23 00:00:00.0,11115
39147,2014-03-23 00:00:00.0,3569
39158,2014-03-23 00:00:00.0,11008
39160,2014-03-23 00:00:00.0,11053
39207,2014-03-23 00:00:00.0,488
39271,2014-03-24 00:00:00.0,3528
39342,2014-03-25 00:00:00.0,11417
39427,2014-03-26 00:00:00.0,9197
39453,2014-03-26 00:00:00.0,8753
39540,2014-03-26 00:00:00.0,11616
39605,2014-03-26 00:00:00.0,99
39644,2014-03-27 00:00:00.0,7284
39795,2014-03-28 00:00:00.0,3596
39803,2014-03-28 00:00:00.0,7768
39842,2014-03-28 00:00:00.0,9101
39884,2014-03-28 00:00:00.0,599
39913,2014-03-29 00:00:00.0,11316
40009,2014-03-30 00:00:00.0,6931
40162,2014-03-30 00:00:00.0,8892
40185,2014-03-30 00:00:00.0,10146
40198,2014-03-30 00:00:00.0,533
40362,2014-03-31 00:00:00.0,7115
40406,2014-03-31 00:00:00.0,7825
40412,2014-03-31 00:00:00.0,10643
40415,2014-03-31 00:00:00.0,8015
40460,2014-03-31 00:00:00.0,8596
40495,2014-04-01 00:00:00.0,2784
40532,2014-04-01 00:00:00.0,68
40537,2014-04-01 00:00:00.0,2005
40541,2014-04-01 00:00:00.0,8198
40565,2014-04-01 00:00:00.0,5950
40583,2014-04-01 00:00:00.0,3999
40589,2014-04-01 00:00:00.0,1458
40732,2014-04-02 00:00:00.0,8012
40796,2014-04-02 00:00:00.0,2091
40855,2014-04-02 00:00:00.0,4334
40859,2014-04-02 00:00:00.0,9528
40912,2014-04-03 00:00:00.0,465
41026,2014-04-03 00:00:00.0,742
41059,2014-04-03 00:00:00.0,421
41168,2014-04-04 00:00:00.0,9193
41231,2014-04-04 00:00:00.0,3165
41255,2014-04-04 00:00:00.0,4968
41308,2014-04-05 00:00:00.0,3569
41400,2014-04-05 00:00:00.0,1430
41409,2014-04-05 00:00:00.0,12185
41561,2014-04-07 00:00:00.0,12201
41569,2014-04-08 00:00:00.0,8841
41579,2014-04-08 00:00:00.0,3878
41590,2014-04-08 00:00:00.0,125
41623,2014-04-08 00:00:00.0,12253
41631,2014-04-08 00:00:00.0,2396
41684,2014-04-08 00:00:00.0,9733
41831,2014-04-09 00:00:00.0,16
41855,2014-04-09 00:00:00.0,9999
41866,2014-04-09 00:00:00.0,3800
41868,2014-04-09 00:00:00.0,11959
41972,2014-04-09 00:00:00.0,2504
42001,2014-04-10 00:00:00.0,2330
42064,2014-04-10 00:00:00.0,9539
42163,2014-04-10 00:00:00.0,5666
42208,2014-04-10 00:00:00.0,12151
42209,2014-04-10 00:00:00.0,12262
42216,2014-04-11 00:00:00.0,9598
42255,2014-04-11 00:00:00.0,8113
42300,2014-04-11 00:00:00.0,7931
42377,2014-04-12 00:00:00.0,2748
42414,2014-04-12 00:00:00.0,7800
42452,2014-04-12 00:00:00.0,5899
42502,2014-04-12 00:00:00.0,4675
42509,2014-04-12 00:00:00.0,3237
42632,2014-04-14 00:00:00.0,9196
42657,2014-04-14 00:00:00.0,8949
42782,2014-04-15 00:00:00.0,1420
42831,2014-04-16 00:00:00.0,5778
42887,2014-04-16 00:00:00.0,8805
42959,2014-04-17 00:00:00.0,8036
43063,2014-04-18 00:00:00.0,11556
43126,2014-04-18 00:00:00.0,8374
43163,2014-04-18 00:00:00.0,3985
43182,2014-04-18 00:00:00.0,11061
43243,2014-04-19 00:00:00.0,5657
43256,2014-04-19 00:00:00.0,6887
43307,2014-04-19 00:00:00.0,10150
43310,2014-04-19 00:00:00.0,3603
43345,2014-04-20 00:00:00.0,4315
43482,2014-04-21 00:00:00.0,7779
43494,2014-04-21 00:00:00.0,9205
43538,2014-04-21 00:00:00.0,8535
43551,2014-04-21 00:00:00.0,1191
43715,2014-04-22 00:00:00.0,4188
43722,2014-04-22 00:00:00.0,662
43729,2014-04-22 00:00:00.0,11494
43774,2014-04-22 00:00:00.0,9502
43874,2014-04-23 00:00:00.0,783
43881,2014-04-23 00:00:00.0,98
43890,2014-04-23 00:00:00.0,9182
43971,2014-04-23 00:00:00.0,5614
43975,2014-04-23 00:00:00.0,7842
44067,2014-04-24 00:00:00.0,5604
44153,2014-04-25 00:00:00.0,8423
44256,2014-04-25 00:00:00.0,12256
44265,2014-04-25 00:00:00.0,7331
44341,2014-04-26 00:00:00.0,6499
44377,2014-04-26 00:00:00.0,8740
44432,2014-04-26 00:00:00.0,8994
44452,2014-04-26 00:00:00.0,1250
44458,2014-04-26 00:00:00.0,618
44463,2014-04-26 00:00:00.0,9714
44552,2014-04-27 00:00:00.0,10722
44571,2014-04-27 00:00:00.0,10459
44715,2014-04-27 00:00:00.0,8984
44821,2014-04-28 00:00:00.0,6265
44944,2014-04-29 00:00:00.0,12070
45018,2014-04-29 00:00:00.0,5493
45034,2014-04-29 00:00:00.0,8651
45041,2014-04-29 00:00:00.0,10558
45084,2014-04-30 00:00:00.0,10552
45161,2014-04-30 00:00:00.0,3315
45170,2014-05-01 00:00:00.0,2400
45181,2014-05-01 00:00:00.0,5492
45302,2014-05-02 00:00:00.0,1749
45323,2014-05-02 00:00:00.0,1558
45348,2014-05-02 00:00:00.0,9944
45392,2014-05-02 00:00:00.0,11715
45420,2014-05-02 00:00:00.0,10911
45463,2014-05-03 00:00:00.0,268
45467,2014-05-03 00:00:00.0,11881
45527,2014-05-03 00:00:00.0,8225
45543,2014-05-03 00:00:00.0,7271
45555,2014-05-03 00:00:00.0,7439
45654,2014-05-04 00:00:00.0,7457
45665,2014-05-04 00:00:00.0,3038
45687,2014-05-04 00:00:00.0,1374
45722,2014-05-04 00:00:00.0,8702
45758,2014-05-05 00:00:00.0,8050
45907,2014-05-06 00:00:00.0,2266
45931,2014-05-06 00:00:00.0,4969
45962,2014-05-06 00:00:00.0,2562
45977,2014-05-06 00:00:00.0,4987
45979,2014-05-06 00:00:00.0,4432
45983,2014-05-06 00:00:00.0,3220
45987,2014-05-06 00:00:00.0,9419
45999,2014-05-06 00:00:00.0,10775
46124,2014-05-07 00:00:00.0,1823
46184,2014-05-07 00:00:00.0,6637
46382,2014-05-09 00:00:00.0,4310
46473,2014-05-09 00:00:00.0,9839
46490,2014-05-09 00:00:00.0,10906
46556,2014-05-09 00:00:00.0,10374
46559,2014-05-09 00:00:00.0,8204
46572,2014-05-09 00:00:00.0,10036
46647,2014-05-10 00:00:00.0,9278
46655,2014-05-10 00:00:00.0,6973
46662,2014-05-10 00:00:00.0,9783
46681,2014-05-10 00:00:00.0,3114
46688,2014-05-10 00:00:00.0,1613
46778,2014-05-11 00:00:00.0,7848
46787,2014-05-11 00:00:00.0,7341
46798,2014-05-11 00:00:00.0,528
46824,2014-05-11 00:00:00.0,10887
46861,2014-05-11 00:00:00.0,6490
46868,2014-05-11 00:00:00.0,11377
46925,2014-05-11 00:00:00.0,4347
46939,2014-05-12 00:00:00.0,11915
46943,2014-05-12 00:00:00.0,1757
46987,2014-05-12 00:00:00.0,6065
47099,2014-05-12 00:00:00.0,12413
47226,2014-05-13 00:00:00.0,6786
47238,2014-05-13 00:00:00.0,10214
47306,2014-05-13 00:00:00.0,2984
47454,2014-05-14 00:00:00.0,12429
47476,2014-05-15 00:00:00.0,4203
47493,2014-05-15 00:00:00.0,4612
47515,2014-05-15 00:00:00.0,8452
47520,2014-05-15 00:00:00.0,5146
47642,2014-05-16 00:00:00.0,1464
47730,2014-05-16 00:00:00.0,6818
47767,2014-05-16 00:00:00.0,1953
47813,2014-05-16 00:00:00.0,8382
47820,2014-05-17 00:00:00.0,6090
47840,2014-05-17 00:00:00.0,2728
47886,2014-05-17 00:00:00.0,4517
47914,2014-05-17 00:00:00.0,11956
47921,2014-05-17 00:00:00.0,7260
47922,2014-05-17 00:00:00.0,1128
47952,2014-05-18 00:00:00.0,7515
48132,2014-05-19 00:00:00.0,11288
48154,2014-05-19 00:00:00.0,3808
48163,2014-05-19 00:00:00.0,4329
48246,2014-05-20 00:00:00.0,7585
48255,2014-05-20 00:00:00.0,5681
48279,2014-05-20 00:00:00.0,4514
48286,2014-05-20 00:00:00.0,1661
48348,2014-05-20 00:00:00.0,6138
48370,2014-05-21 00:00:00.0,9449
48399,2014-05-21 00:00:00.0,5286
48440,2014-05-21 00:00:00.0,6253
48458,2014-05-21 00:00:00.0,11422
48464,2014-05-21 00:00:00.0,11893
48486,2014-05-21 00:00:00.0,3613
48588,2014-05-22 00:00:00.0,4230
48682,2014-05-23 00:00:00.0,5674
48702,2014-05-23 00:00:00.0,11351
48724,2014-05-24 00:00:00.0,6750
48729,2014-05-24 00:00:00.0,11704
48741,2014-05-24 00:00:00.0,4254
48809,2014-05-24 00:00:00.0,12155
48850,2014-05-24 00:00:00.0,9093
48853,2014-05-24 00:00:00.0,9419
48860,2014-05-24 00:00:00.0,7113
48900,2014-05-25 00:00:00.0,9246
48904,2014-05-25 00:00:00.0,12113
48948,2014-05-25 00:00:00.0,11874
49002,2014-05-26 00:00:00.0,5487
49040,2014-05-26 00:00:00.0,8532
49075,2014-05-26 00:00:00.0,2805
49152,2014-05-27 00:00:00.0,9778
49209,2014-05-28 00:00:00.0,6040
49218,2014-05-28 00:00:00.0,7683
49258,2014-05-28 00:00:00.0,6418
49337,2014-05-28 00:00:00.0,9263
49349,2014-05-28 00:00:00.0,6731
49408,2014-05-29 00:00:00.0,185
49410,2014-05-29 00:00:00.0,3005
49458,2014-05-29 00:00:00.0,11185
49540,2014-05-30 00:00:00.0,3583
49582,2014-05-30 00:00:00.0,8747
49683,2014-05-31 00:00:00.0,7979
49720,2014-05-31 00:00:00.0,3371
49749,2014-06-01 00:00:00.0,7473
49793,2014-06-01 00:00:00.0,3506
49810,2014-06-01 00:00:00.0,8526
49842,2014-06-01 00:00:00.0,6193
49915,2014-06-02 00:00:00.0,1256
49918,2014-06-02 00:00:00.0,8001
49963,2014-06-02 00:00:00.0,9096
50037,2014-06-02 00:00:00.0,6060
50048,2014-06-02 00:00:00.0,2988
50089,2014-06-03 00:00:00.0,1857
50119,2014-06-03 00:00:00.0,1484
50210,2014-06-04 00:00:00.0,8613
50280,2014-06-05 00:00:00.0,5891
50389,2014-06-06 00:00:00.0,3108
50484,2014-06-06 00:00:00.0,7128
50500,2014-06-06 00:00:00.0,3756
50538,2014-06-07 00:00:00.0,9332
50642,2014-06-07 00:00:00.0,4507
50659,2014-06-07 00:00:00.0,8015
50724,2014-06-08 00:00:00.0,11441
50730,2014-06-08 00:00:00.0,6002
50740,2014-06-08 00:00:00.0,4709
50783,2014-06-08 00:00:00.0,11021
50803,2014-06-08 00:00:00.0,1923
50852,2014-06-08 00:00:00.0,5774
50854,2014-06-08 00:00:00.0,10635
50897,2014-06-09 00:00:00.0,2649
50955,2014-06-09 00:00:00.0,6266
50966,2014-06-09 00:00:00.0,578
51107,2014-06-10 00:00:00.0,11316
51120,2014-06-10 00:00:00.0,8130
51125,2014-06-10 00:00:00.0,12284
51178,2014-06-10 00:00:00.0,8880
51215,2014-06-11 00:00:00.0,1282
51248,2014-06-11 00:00:00.0,2540
51416,2014-06-13 00:00:00.0,5624
51517,2014-06-13 00:00:00.0,9030
51520,2014-06-13 00:00:00.0,4226
51609,2014-06-13 00:00:00.0,2272
51629,2014-06-13 00:00:00.0,1436
51643,2014-06-14 00:00:00.0,4968
51655,2014-06-14 00:00:00.0,7241
51691,2014-06-14 00:00:00.0,2762
51742,2014-06-14 00:00:00.0,2917
51744,2014-06-14 00:00:00.0,6141
51747,2014-06-14 00:00:00.0,9019
51763,2014-06-14 00:00:00.0,9737
51811,2014-06-14 00:00:00.0,5659
51884,2014-06-15 00:00:00.0,1844
51895,2014-06-15 00:00:00.0,2389
51952,2014-06-16 00:00:00.0,2170
52124,2014-06-16 00:00:00.0,1625
52230,2014-06-17 00:00:00.0,9963
52260,2014-06-17 00:00:00.0,5822
52321,2014-06-18 00:00:00.0,4249
52337,2014-06-18 00:00:00.0,7549
52455,2014-06-19 00:00:00.0,7469
52483,2014-06-19 00:00:00.0,3453
52490,2014-06-19 00:00:00.0,1754
52533,2014-06-19 00:00:00.0,9002
52567,2014-06-19 00:00:00.0,7210
52619,2014-06-19 00:00:00.0,5948
52684,2014-06-20 00:00:00.0,12317
52715,2014-06-20 00:00:00.0,11610
52719,2014-06-20 00:00:00.0,3398
52772,2014-06-21 00:00:00.0,27
52778,2014-06-21 00:00:00.0,8889
52811,2014-06-22 00:00:00.0,9648
52821,2014-06-22 00:00:00.0,6018
52859,2014-06-22 00:00:00.0,7309
52940,2014-06-23 00:00:00.0,4935
52990,2014-06-23 00:00:00.0,1723
53022,2014-06-24 00:00:00.0,6075
53023,2014-06-24 00:00:00.0,9115
53064,2014-06-24 00:00:00.0,7296
53067,2014-06-24 00:00:00.0,10692
53068,2014-06-24 00:00:00.0,8014
53121,2014-06-25 00:00:00.0,2103
53136,2014-06-25 00:00:00.0,9330
53166,2014-06-25 00:00:00.0,1892
53218,2014-06-25 00:00:00.0,8549
53304,2014-06-25 00:00:00.0,1261
53316,2014-06-25 00:00:00.0,6699
53325,2014-06-25 00:00:00.0,11517
53418,2014-06-26 00:00:00.0,12108
53439,2014-06-26 00:00:00.0,6795
53457,2014-06-26 00:00:00.0,11681
53498,2014-06-27 00:00:00.0,4683
53514,2014-06-27 00:00:00.0,6271
53563,2014-06-27 00:00:00.0,5374
53568,2014-06-27 00:00:00.0,2013
53578,2014-06-27 00:00:00.0,10421
53679,2014-06-27 00:00:00.0,12284
53697,2014-06-28 00:00:00.0,4360
53727,2014-06-28 00:00:00.0,7210
53731,2014-06-28 00:00:00.0,9413
53759,2014-06-28 00:00:00.0,11021
53855,2014-06-29 00:00:00.0,5311
54019,2014-07-01 00:00:00.0,3264
54022,2014-07-01 00:00:00.0,445
54023,2014-07-01 00:00:00.0,1666
54026,2014-07-01 00:00:00.0,4518
54030,2014-07-01 00:00:00.0,8094
54053,2014-07-01 00:00:00.0,7520
54124,2014-07-01 00:00:00.0,10759
54154,2014-07-01 00:00:00.0,10541
54165,2014-07-01 00:00:00.0,4246
54217,2014-07-02 00:00:00.0,7070
54239,2014-07-02 00:00:00.0,10707
54247,2014-07-02 00:00:00.0,2579
54262,2014-07-02 00:00:00.0,10596
54283,2014-07-03 00:00:00.0,7698
54319,2014-07-03 00:00:00.0,3289
54336,2014-07-03 00:00:00.0,2731
54435,2014-07-03 00:00:00.0,8218
54475,2014-07-04 00:00:00.0,6272
54529,2014-07-04 00:00:00.0,4542
54648,2014-07-05 00:00:00.0,11542
54669,2014-07-05 00:00:00.0,8264
54698,2014-07-05 00:00:00.0,3178
54723,2014-07-05 00:00:00.0,4713
54827,2014-07-07 00:00:00.0,1695
54853,2014-07-07 00:00:00.0,10779
54897,2014-07-07 00:00:00.0,2648
54903,2014-07-07 00:00:00.0,3454
54930,2014-07-07 00:00:00.0,8549
54965,2014-07-08 00:00:00.0,7082
55026,2014-07-08 00:00:00.0,8548
55097,2014-07-08 00:00:00.0,8098
55182,2014-07-08 00:00:00.0,9925
55207,2014-07-09 00:00:00.0,4061
55285,2014-07-09 00:00:00.0,2715
55334,2014-07-10 00:00:00.0,472
55357,2014-07-10 00:00:00.0,1562
55416,2014-07-10 00:00:00.0,9896
55454,2014-07-10 00:00:00.0,3655
55492,2014-07-11 00:00:00.0,5581
55534,2014-07-11 00:00:00.0,1631
55543,2014-07-11 00:00:00.0,11162
55638,2014-07-12 00:00:00.0,7650
55716,2014-07-12 00:00:00.0,11248
55788,2014-07-13 00:00:00.0,5145
55810,2014-07-13 00:00:00.0,2613
55879,2014-07-13 00:00:00.0,11541
55910,2014-07-13 00:00:00.0,805
55915,2014-07-13 00:00:00.0,9824
55993,2014-07-14 00:00:00.0,7318
56244,2014-07-15 00:00:00.0,437
56270,2014-07-15 00:00:00.0,12226
56361,2014-07-16 00:00:00.0,5323
56417,2014-07-17 00:00:00.0,8870
56418,2014-07-17 00:00:00.0,9950
56487,2014-07-17 00:00:00.0,1249
56500,2014-07-17 00:00:00.0,5233
56538,2014-07-18 00:00:00.0,7047
56542,2014-07-18 00:00:00.0,4248
56583,2014-07-18 00:00:00.0,3426
56739,2014-07-19 00:00:00.0,9825
56790,2014-07-19 00:00:00.0,3669
56819,2014-07-19 00:00:00.0,4514
56891,2014-07-19 00:00:00.0,7655
56989,2014-07-20 00:00:00.0,292
57139,2014-07-20 00:00:00.0,4825
57180,2014-07-21 00:00:00.0,4915
57182,2014-07-21 00:00:00.0,160
57222,2014-07-21 00:00:00.0,7604
57225,2014-07-21 00:00:00.0,2094
57227,2014-07-21 00:00:00.0,3430
57229,2014-07-21 00:00:00.0,806
57307,2014-07-21 00:00:00.0,1403
57324,2014-07-21 00:00:00.0,1830
57338,2014-07-21 00:00:00.0,10560
57339,2014-07-21 00:00:00.0,4248
57460,2014-07-22 00:00:00.0,11832
57467,2014-07-22 00:00:00.0,12394
57478,2014-07-23 00:00:00.0,7107
57548,2014-07-23 00:00:00.0,10151
57621,2014-07-24 00:00:00.0,6230
57651,2014-07-24 00:00:00.0,8006
57707,2014-07-24 00:00:00.0,9842
57726,2014-07-24 00:00:00.0,8231
57770,2013-07-25 00:00:00.0,7451
57801,2013-07-26 00:00:00.0,6149
57835,2013-07-27 00:00:00.0,5410
57907,2013-07-30 00:00:00.0,10227
57954,2013-08-01 00:00:00.0,5724
57992,2013-08-03 00:00:00.0,5782
57994,2013-08-03 00:00:00.0,782
58112,2013-08-08 00:00:00.0,7517
58165,2013-08-10 00:00:00.0,2667
58188,2013-08-10 00:00:00.0,11492
58199,2013-08-11 00:00:00.0,5453
58252,2013-08-14 00:00:00.0,8345
58298,2013-08-15 00:00:00.0,4280
58378,2013-08-18 00:00:00.0,1798
58392,2013-08-19 00:00:00.0,4577
58463,2013-08-21 00:00:00.0,3378
58466,2013-08-21 00:00:00.0,3182
58487,2013-08-22 00:00:00.0,2883
58498,2013-08-23 00:00:00.0,9308
58506,2013-08-23 00:00:00.0,9179
58512,2013-08-23 00:00:00.0,7346
58655,2013-08-28 00:00:00.0,8660
58681,2013-08-28 00:00:00.0,3302
58704,2013-08-30 00:00:00.0,9590
58744,2013-09-01 00:00:00.0,11823
58893,2013-09-06 00:00:00.0,9533
58896,2013-09-06 00:00:00.0,9697
58901,2013-09-06 00:00:00.0,3570
58907,2013-09-07 00:00:00.0,8017
58911,2013-09-07 00:00:00.0,2110
58912,2013-09-07 00:00:00.0,6219
58932,2013-09-07 00:00:00.0,1654
59015,2013-09-12 00:00:00.0,6950
59033,2013-09-13 00:00:00.0,7161
59070,2013-09-15 00:00:00.0,2773
59098,2013-09-15 00:00:00.0,10807
59123,2013-09-16 00:00:00.0,8854
59152,2013-09-17 00:00:00.0,1996
59191,2013-09-19 00:00:00.0,1337
59245,2013-09-22 00:00:00.0,10992
59247,2013-09-22 00:00:00.0,1464
59310,2013-09-25 00:00:00.0,634
59323,2013-09-25 00:00:00.0,8394
59325,2013-09-25 00:00:00.0,6614
59345,2013-09-26 00:00:00.0,7571
59443,2013-09-29 00:00:00.0,859
59638,2013-10-06 00:00:00.0,5624
59649,2013-10-06 00:00:00.0,9567
59656,2013-10-06 00:00:00.0,10829
59677,2013-10-08 00:00:00.0,5577
59726,2013-10-10 00:00:00.0,6392
59741,2013-10-11 00:00:00.0,1980
59763,2013-10-12 00:00:00.0,5918
59773,2013-10-12 00:00:00.0,1288
59798,2013-10-13 00:00:00.0,5688
59859,2013-10-15 00:00:00.0,5951
60018,2013-10-21 00:00:00.0,11083
60038,2013-10-21 00:00:00.0,9436
60042,2013-10-22 00:00:00.0,7194
60165,2013-10-27 00:00:00.0,11332
60179,2013-10-28 00:00:00.0,6307
60199,2013-10-29 00:00:00.0,5816
60221,2013-10-30 00:00:00.0,1809
60234,2013-10-30 00:00:00.0,4922
60267,2013-11-01 00:00:00.0,4129
60346,2013-11-03 00:00:00.0,3610
60347,2013-11-03 00:00:00.0,11481
60456,2013-11-07 00:00:00.0,11738
60460,2013-11-07 00:00:00.0,9429
60508,2013-11-09 00:00:00.0,3587
60514,2013-11-10 00:00:00.0,6914
60533,2013-11-10 00:00:00.0,12306
60574,2013-11-12 00:00:00.0,6027
60575,2013-11-13 00:00:00.0,482
60590,2013-11-14 00:00:00.0,2919
60600,2013-11-14 00:00:00.0,434
60733,2013-11-19 00:00:00.0,6200
60772,2013-11-20 00:00:00.0,7337
60808,2013-11-21 00:00:00.0,7544
60863,2013-11-22 00:00:00.0,1981
60911,2013-11-24 00:00:00.0,10687
60944,2013-11-25 00:00:00.0,11524
61029,2013-11-27 00:00:00.0,11463
61073,2013-11-29 00:00:00.0,9012
61095,2013-12-01 00:00:00.0,6219
61098,2013-12-01 00:00:00.0,12056
61214,2013-12-05 00:00:00.0,7378
61251,2013-12-07 00:00:00.0,9791
61366,2013-12-12 00:00:00.0,94
61400,2013-12-13 00:00:00.0,904
61419,2013-12-13 00:00:00.0,11273
61484,2013-12-15 00:00:00.0,881
61525,2013-12-17 00:00:00.0,7511
61552,2013-12-18 00:00:00.0,5713
61591,2013-12-19 00:00:00.0,12157
61608,2013-12-20 00:00:00.0,2828
61611,2013-12-20 00:00:00.0,124
61673,2013-12-22 00:00:00.0,5292
61678,2013-12-22 00:00:00.0,2780
61681,2013-12-22 00:00:00.0,1812
61707,2013-12-23 00:00:00.0,2774
61713,2013-12-23 00:00:00.0,7986
61735,2013-12-25 00:00:00.0,4121
61803,2013-12-26 00:00:00.0,11158
61848,2013-12-29 00:00:00.0,6397
61852,2013-12-29 00:00:00.0,11741
61853,2013-12-29 00:00:00.0,4682
61922,2014-01-02 00:00:00.0,969
61935,2014-01-02 00:00:00.0,6104
61973,2014-01-04 00:00:00.0,676
61984,2014-01-04 00:00:00.0,823
62024,2014-01-05 00:00:00.0,8755
62213,2014-01-12 00:00:00.0,2748
62240,2014-01-12 00:00:00.0,11000
62317,2014-01-17 00:00:00.0,829
62345,2014-01-18 00:00:00.0,3648
62419,2014-01-21 00:00:00.0,6600
62431,2014-01-21 00:00:00.0,9926
62434,2014-01-21 00:00:00.0,2508
62506,2014-01-23 00:00:00.0,5150
62537,2014-01-24 00:00:00.0,10880
62561,2014-01-24 00:00:00.0,334
62581,2014-01-25 00:00:00.0,866
62596,2014-01-26 00:00:00.0,5979
62624,2014-01-26 00:00:00.0,8917
62647,2014-01-27 00:00:00.0,12149
62683,2014-01-28 00:00:00.0,3439
62684,2014-01-28 00:00:00.0,5717
62779,2014-02-01 00:00:00.0,7218
62788,2014-02-01 00:00:00.0,599
62899,2014-02-06 00:00:00.0,5922
62925,2014-02-07 00:00:00.0,8528
63133,2014-02-13 00:00:00.0,3228
63199,2014-02-15 00:00:00.0,3303
63245,2014-02-17 00:00:00.0,2060
63262,2014-02-19 00:00:00.0,5890
63310,2014-02-20 00:00:00.0,9869
63373,2014-02-23 00:00:00.0,4773
63555,2014-03-02 00:00:00.0,3311
63614,2014-03-04 00:00:00.0,6341
63679,2014-03-07 00:00:00.0,10771
63697,2014-03-07 00:00:00.0,5824
63823,2014-03-13 00:00:00.0,9114
63852,2014-03-15 00:00:00.0,3490
63918,2014-03-17 00:00:00.0,6883
63958,2014-03-18 00:00:00.0,1765
63974,2014-03-19 00:00:00.0,2466
64009,2014-03-20 00:00:00.0,8178
64034,2014-03-21 00:00:00.0,6474
64131,2014-03-25 00:00:00.0,11184
64132,2014-03-25 00:00:00.0,8170
64211,2014-03-28 00:00:00.0,9600
64214,2014-03-28 00:00:00.0,5300
64242,2014-03-30 00:00:00.0,3534
64329,2014-04-03 00:00:00.0,5902
64341,2014-04-04 00:00:00.0,10160
64359,2014-04-05 00:00:00.0,3092
64440,2014-04-07 00:00:00.0,6081
64508,2014-04-09 00:00:00.0,5705
64548,2014-04-10 00:00:00.0,4012
64555,2014-04-10 00:00:00.0,8963
64560,2014-04-11 00:00:00.0,1794
64730,2014-04-17 00:00:00.0,6049
64742,2014-04-17 00:00:00.0,173
64846,2014-04-21 00:00:00.0,4208
64855,2014-04-21 00:00:00.0,767
64888,2014-04-23 00:00:00.0,6512
64988,2014-04-26 00:00:00.0,7800
65066,2014-04-29 00:00:00.0,9297
65113,2014-05-01 00:00:00.0,2955
65136,2014-05-02 00:00:00.0,3117
65182,2014-05-03 00:00:00.0,2733
65210,2014-05-04 00:00:00.0,10012
65268,2014-05-07 00:00:00.0,6678
65502,2014-05-15 00:00:00.0,9135
65538,2014-05-16 00:00:00.0,10794
65574,2014-05-17 00:00:00.0,787
65602,2014-05-19 00:00:00.0,3878
65639,2014-05-20 00:00:00.0,5849
65652,2014-05-21 00:00:00.0,7192
65679,2014-05-22 00:00:00.0,5478
65718,2014-05-23 00:00:00.0,2826
65773,2014-05-26 00:00:00.0,8260
65806,2014-05-28 00:00:00.0,10796
65827,2014-05-28 00:00:00.0,5289
65942,2014-06-03 00:00:00.0,11236
65948,2014-06-03 00:00:00.0,11584
66043,2014-06-05 00:00:00.0,7716
66061,2014-06-06 00:00:00.0,6538
66073,2014-06-07 00:00:00.0,10964
66155,2014-06-09 00:00:00.0,1562
66238,2014-06-12 00:00:00.0,7943
66265,2014-06-13 00:00:00.0,7300
66268,2014-06-13 00:00:00.0,12377
66294,2014-06-14 00:00:00.0,3297
66325,2014-06-14 00:00:00.0,4810
66348,2014-06-15 00:00:00.0,3377
66376,2014-06-17 00:00:00.0,736
66425,2014-06-19 00:00:00.0,6754
66428,2014-06-19 00:00:00.0,2849
66450,2014-06-19 00:00:00.0,9899
66452,2014-06-19 00:00:00.0,10463
66512,2014-06-21 00:00:00.0,963
66534,2014-06-22 00:00:00.0,4948
66609,2014-06-24 00:00:00.0,950
66618,2014-06-25 00:00:00.0,8127
66636,2014-06-26 00:00:00.0,11073
66685,2014-06-27 00:00:00.0,5256
66691,2014-06-28 00:00:00.0,3222
66694,2014-06-28 00:00:00.0,4988
66727,2014-06-29 00:00:00.0,9002
66749,2014-06-29 00:00:00.0,11931
66771,2014-06-30 00:00:00.0,10928
66785,2014-07-01 00:00:00.0,11631
66818,2014-07-02 00:00:00.0,12285
66841,2014-07-04 00:00:00.0,5069
66870,2014-07-05 00:00:00.0,11218
66929,2014-07-06 00:00:00.0,8226
66996,2014-07-09 00:00:00.0,669
67044,2014-07-12 00:00:00.0,4745
67086,2014-07-13 00:00:00.0,4202
67153,2014-07-15 00:00:00.0,9360
67183,2014-07-16 00:00:00.0,1678
67258,2014-07-19 00:00:00.0,1231
67282,2014-07-20 00:00:00.0,11927
67291,2014-07-20 00:00:00.0,5849
67355,2014-07-23 00:00:00.0,11045
67357,2014-07-23 00:00:00.0,8306
67361,2014-07-23 00:00:00.0,2023
67378,2014-07-23 00:00:00.0,10826
67448,2013-08-01 00:00:00.0,3697
67477,2013-08-09 00:00:00.0,1832
67568,2013-09-02 00:00:00.0,8367
67569,2013-09-03 00:00:00.0,2851
67687,2013-10-08 00:00:00.0,8804
67830,2013-11-20 00:00:00.0,10650
67896,2013-12-10 00:00:00.0,5119
67936,2013-12-23 00:00:00.0,4012
67955,2013-12-27 00:00:00.0,7004
68039,2014-01-21 00:00:00.0,11260
68053,2014-01-24 00:00:00.0,11473
68076,2014-01-30 00:00:00.0,10126
68111,2014-02-08 00:00:00.0,9107
68218,2014-03-08 00:00:00.0,6991
68288,2014-03-29 00:00:00.0,9976
68318,2014-04-07 00:00:00.0,8312
68370,2014-04-21 00:00:00.0,884
68392,2014-04-27 00:00:00.0,8539
68400,2014-04-28 00:00:00.0,8311
68412,2014-05-03 00:00:00.0,9669
68416,2014-05-04 00:00:00.0,7102
68506,2014-05-29 00:00:00.0,10527
68522,2014-06-05 00:00:00.0,880
68534,2014-06-08 00:00:00.0,5168
68555,2014-06-14 00:00:00.0,4454
68606,2014-06-28 00:00:00.0,2253
68686,2014-07-23 00:00:00.0,2591
68718,2013-09-14 00:00:00.0,6710
68782,2014-01-10 00:00:00.0,8509
68865,2014-06-19 00:00:00.0,4567
