12345,2013-07-26 00:00:00.0
2889,2013-07-26 00:00:00.0
10177,2013-07-26 00:00:00.0
618,2013-07-26 00:00:00.0
32,2013-07-26 00:00:00.0
568,2013-07-26 00:00:00.0
3732,2013-07-26 00:00:00.0
8818,2013-07-26 00:00:00.0
4759,2013-07-26 00:00:00.0
5479,2013-07-26 00:00:00.0
2816,2013-07-26 00:00:00.0
2979,2013-07-27 00:00:00.0
5590,2013-07-27 00:00:00.0
5626,2013-07-27 00:00:00.0
7839,2013-07-27 00:00:00.0
10104,2013-07-27 00:00:00.0
3509,2013-07-27 00:00:00.0
11790,2013-07-28 00:00:00.0
8272,2013-07-29 00:00:00.0
864,2013-07-29 00:00:00.0
2724,2013-07-29 00:00:00.0
1438,2013-07-29 00:00:00.0
1748,2013-07-29 00:00:00.0
7971,2013-07-29 00:00:00.0
768,2013-07-29 00:00:00.0
7429,2013-07-29 00:00:00.0
2606,2013-07-29 00:00:00.0
3469,2013-07-29 00:00:00.0
6516,2013-07-29 00:00:00.0
9537,2013-07-30 00:00:00.0
7707,2013-07-30 00:00:00.0
2199,2013-07-30 00:00:00.0
6408,2013-07-30 00:00:00.0
48,2013-07-30 00:00:00.0
8378,2013-07-30 00:00:00.0
6443,2013-07-31 00:00:00.0
2826,2013-07-31 00:00:00.0
712,2013-07-31 00:00:00.0
182,2013-07-31 00:00:00.0
10929,2013-07-31 00:00:00.0
4100,2013-07-31 00:00:00.0
11433,2013-07-31 00:00:00.0
10504,2013-07-31 00:00:00.0
11645,2013-08-01 00:00:00.0
2844,2013-08-01 00:00:00.0
2696,2013-08-01 00:00:00.0
10281,2013-08-01 00:00:00.0
12046,2013-08-01 00:00:00.0
9691,2013-08-01 00:00:00.0
7013,2013-08-01 00:00:00.0
174,2013-08-01 00:00:00.0
9490,2013-08-01 00:00:00.0
3752,2013-08-01 00:00:00.0
8330,2013-08-01 00:00:00.0
12171,2013-08-02 00:00:00.0
3039,2013-08-02 00:00:00.0
9841,2013-08-02 00:00:00.0
843,2013-08-02 00:00:00.0
5140,2013-08-02 00:00:00.0
2195,2013-08-02 00:00:00.0
5523,2013-08-02 00:00:00.0
4540,2013-08-02 00:00:00.0
656,2013-08-03 00:00:00.0
11805,2013-08-03 00:00:00.0
1840,2013-08-03 00:00:00.0
6480,2013-08-03 00:00:00.0
9799,2013-08-03 00:00:00.0
9503,2013-08-03 00:00:00.0
3115,2013-08-04 00:00:00.0
5626,2013-08-04 00:00:00.0
2290,2013-08-04 00:00:00.0
614,2013-08-04 00:00:00.0
5648,2013-08-05 00:00:00.0
8233,2013-08-05 00:00:00.0
505,2013-08-05 00:00:00.0
10915,2013-08-05 00:00:00.0
7830,2013-08-05 00:00:00.0
2932,2013-08-05 00:00:00.0
6784,2013-08-06 00:00:00.0
6327,2013-08-06 00:00:00.0
11957,2013-08-06 00:00:00.0
10126,2013-08-06 00:00:00.0
829,2013-08-06 00:00:00.0
5448,2013-08-06 00:00:00.0
2718,2013-08-06 00:00:00.0
5590,2013-08-06 00:00:00.0
2320,2013-08-07 00:00:00.0
8831,2013-08-07 00:00:00.0
1488,2013-08-07 00:00:00.0
333,2013-08-07 00:00:00.0
5791,2013-08-07 00:00:00.0
3690,2013-08-08 00:00:00.0
5814,2013-08-08 00:00:00.0
502,2013-08-08 00:00:00.0
5741,2013-08-09 00:00:00.0
8951,2013-08-09 00:00:00.0
2747,2013-08-09 00:00:00.0
3277,2013-08-09 00:00:00.0
10327,2013-08-09 00:00:00.0
6622,2013-08-10 00:00:00.0
9502,2013-08-10 00:00:00.0
4682,2013-08-10 00:00:00.0
12200,2013-08-10 00:00:00.0
11460,2013-08-10 00:00:00.0
11697,2013-08-10 00:00:00.0
8542,2013-08-10 00:00:00.0
1816,2013-08-10 00:00:00.0
10614,2013-08-11 00:00:00.0
11845,2013-08-11 00:00:00.0
478,2013-08-11 00:00:00.0
9773,2013-08-11 00:00:00.0
4539,2013-08-11 00:00:00.0
11883,2013-08-12 00:00:00.0
10607,2013-08-12 00:00:00.0
6764,2013-08-12 00:00:00.0
439,2013-08-12 00:00:00.0
11065,2013-08-12 00:00:00.0
7574,2013-08-12 00:00:00.0
703,2013-08-13 00:00:00.0
6187,2013-08-14 00:00:00.0
2397,2013-08-14 00:00:00.0
1551,2013-08-14 00:00:00.0
6703,2013-08-14 00:00:00.0
5217,2013-08-14 00:00:00.0
6480,2013-08-15 00:00:00.0
5378,2013-08-15 00:00:00.0
8592,2013-08-15 00:00:00.0
1944,2013-08-15 00:00:00.0
8802,2013-08-15 00:00:00.0
2936,2013-08-16 00:00:00.0
11258,2013-08-16 00:00:00.0
4645,2013-08-16 00:00:00.0
1154,2013-08-17 00:00:00.0
11378,2013-08-17 00:00:00.0
4715,2013-08-17 00:00:00.0
10214,2013-08-17 00:00:00.0
12033,2013-08-17 00:00:00.0
10831,2013-08-17 00:00:00.0
3157,2013-08-17 00:00:00.0
1062,2013-08-17 00:00:00.0
702,2013-08-17 00:00:00.0
12167,2013-08-17 00:00:00.0
11034,2013-08-17 00:00:00.0
11914,2013-08-17 00:00:00.0
5030,2013-08-17 00:00:00.0
3250,2013-08-17 00:00:00.0
1738,2013-08-17 00:00:00.0
5115,2013-08-17 00:00:00.0
620,2013-08-18 00:00:00.0
1126,2013-08-18 00:00:00.0
8916,2013-08-18 00:00:00.0
409,2013-08-18 00:00:00.0
5123,2013-08-18 00:00:00.0
12390,2013-08-18 00:00:00.0
12318,2013-08-18 00:00:00.0
820,2013-08-18 00:00:00.0
8687,2013-08-18 00:00:00.0
1905,2013-08-18 00:00:00.0
4089,2013-08-18 00:00:00.0
3604,2013-08-18 00:00:00.0
2296,2013-08-18 00:00:00.0
5609,2013-08-19 00:00:00.0
2621,2013-08-20 00:00:00.0
8410,2013-08-20 00:00:00.0
10334,2013-08-20 00:00:00.0
6814,2013-08-20 00:00:00.0
71,2013-08-20 00:00:00.0
12013,2013-08-20 00:00:00.0
11668,2013-08-20 00:00:00.0
2554,2013-08-20 00:00:00.0
494,2013-08-21 00:00:00.0
6161,2013-08-21 00:00:00.0
11043,2013-08-22 00:00:00.0
11740,2013-08-22 00:00:00.0
4191,2013-08-23 00:00:00.0
9504,2013-08-23 00:00:00.0
298,2013-08-23 00:00:00.0
1066,2013-08-23 00:00:00.0
1022,2013-08-23 00:00:00.0
10209,2013-08-23 00:00:00.0
1890,2013-08-23 00:00:00.0
2736,2013-08-23 00:00:00.0
7489,2013-08-23 00:00:00.0
1436,2013-08-23 00:00:00.0
3499,2013-08-24 00:00:00.0
10160,2013-08-24 00:00:00.0
647,2013-08-24 00:00:00.0
3429,2013-08-24 00:00:00.0
8885,2013-08-24 00:00:00.0
2160,2013-08-24 00:00:00.0
12020,2013-08-24 00:00:00.0
9267,2013-08-24 00:00:00.0
6437,2013-08-24 00:00:00.0
12050,2013-08-24 00:00:00.0
9707,2013-08-24 00:00:00.0
7070,2013-08-24 00:00:00.0
8170,2013-08-24 00:00:00.0
2638,2013-08-25 00:00:00.0
7789,2013-08-25 00:00:00.0
7989,2013-08-25 00:00:00.0
2258,2013-08-25 00:00:00.0
6410,2013-08-25 00:00:00.0
4876,2013-08-25 00:00:00.0
6215,2013-08-25 00:00:00.0
10735,2013-08-25 00:00:00.0
4081,2013-08-25 00:00:00.0
3364,2013-08-26 00:00:00.0
4933,2013-08-26 00:00:00.0
4134,2013-08-26 00:00:00.0
11404,2013-08-26 00:00:00.0
9668,2013-08-26 00:00:00.0
12316,2013-08-26 00:00:00.0
3883,2013-08-26 00:00:00.0
1261,2013-08-27 00:00:00.0
11705,2013-08-27 00:00:00.0
7457,2013-08-28 00:00:00.0
8757,2013-08-28 00:00:00.0
990,2013-08-28 00:00:00.0
251,2013-08-28 00:00:00.0
10043,2013-08-28 00:00:00.0
11689,2013-08-29 00:00:00.0
12071,2013-08-29 00:00:00.0
4458,2013-08-29 00:00:00.0
10558,2013-08-29 00:00:00.0
1160,2013-08-29 00:00:00.0
4825,2013-08-30 00:00:00.0
8111,2013-08-30 00:00:00.0
5563,2013-08-30 00:00:00.0
572,2013-08-30 00:00:00.0
11552,2013-08-31 00:00:00.0
1233,2013-08-31 00:00:00.0
4735,2013-08-31 00:00:00.0
1675,2013-08-31 00:00:00.0
7562,2013-08-31 00:00:00.0
4104,2013-09-02 00:00:00.0
10207,2013-09-02 00:00:00.0
9504,2013-09-02 00:00:00.0
550,2013-09-02 00:00:00.0
7784,2013-09-02 00:00:00.0
1379,2013-09-02 00:00:00.0
8906,2013-09-02 00:00:00.0
1933,2013-09-03 00:00:00.0
1034,2013-09-03 00:00:00.0
7370,2013-09-03 00:00:00.0
5765,2013-09-03 00:00:00.0
5869,2013-09-03 00:00:00.0
8889,2013-09-03 00:00:00.0
3030,2013-09-03 00:00:00.0
2821,2013-09-03 00:00:00.0
8763,2013-09-03 00:00:00.0
10698,2013-09-03 00:00:00.0
10668,2013-09-03 00:00:00.0
1666,2013-09-03 00:00:00.0
11069,2013-09-04 00:00:00.0
1745,2013-09-04 00:00:00.0
4235,2013-09-04 00:00:00.0
5219,2013-09-05 00:00:00.0
5703,2013-09-05 00:00:00.0
70,2013-09-05 00:00:00.0
8562,2013-09-05 00:00:00.0
10906,2013-09-06 00:00:00.0
481,2013-09-06 00:00:00.0
12403,2013-09-06 00:00:00.0
305,2013-09-06 00:00:00.0
10858,2013-09-06 00:00:00.0
7360,2013-09-06 00:00:00.0
235,2013-09-06 00:00:00.0
8934,2013-09-06 00:00:00.0
8866,2013-09-07 00:00:00.0
5905,2013-09-07 00:00:00.0
7967,2013-09-07 00:00:00.0
1400,2013-09-07 00:00:00.0
7830,2013-09-07 00:00:00.0
9600,2013-09-07 00:00:00.0
5380,2013-09-07 00:00:00.0
11572,2013-09-08 00:00:00.0
6177,2013-09-08 00:00:00.0
9343,2013-09-08 00:00:00.0
6774,2013-09-08 00:00:00.0
9429,2013-09-08 00:00:00.0
9843,2013-09-09 00:00:00.0
4438,2013-09-09 00:00:00.0
8353,2013-09-09 00:00:00.0
9904,2013-09-09 00:00:00.0
7339,2013-09-09 00:00:00.0
5296,2013-09-10 00:00:00.0
8643,2013-09-10 00:00:00.0
8645,2013-09-10 00:00:00.0
5109,2013-09-10 00:00:00.0
2693,2013-09-10 00:00:00.0
2704,2013-09-10 00:00:00.0
12066,2013-09-10 00:00:00.0
5220,2013-09-11 00:00:00.0
10404,2013-09-11 00:00:00.0
11084,2013-09-11 00:00:00.0
6056,2013-09-12 00:00:00.0
2890,2013-09-12 00:00:00.0
5293,2013-09-12 00:00:00.0
9187,2013-09-12 00:00:00.0
11659,2013-09-12 00:00:00.0
6923,2013-09-12 00:00:00.0
4103,2013-09-12 00:00:00.0
5054,2013-09-12 00:00:00.0
5595,2013-09-12 00:00:00.0
8920,2013-09-13 00:00:00.0
11883,2013-09-13 00:00:00.0
6833,2013-09-13 00:00:00.0
8535,2013-09-13 00:00:00.0
1558,2013-09-14 00:00:00.0
11835,2013-09-14 00:00:00.0
10734,2013-09-14 00:00:00.0
10351,2013-09-14 00:00:00.0
9187,2013-09-14 00:00:00.0
648,2013-09-14 00:00:00.0
10349,2013-09-14 00:00:00.0
9317,2013-09-14 00:00:00.0
4645,2013-09-15 00:00:00.0
9434,2013-09-16 00:00:00.0
9567,2013-09-16 00:00:00.0
993,2013-09-17 00:00:00.0
5728,2013-09-17 00:00:00.0
9247,2013-09-17 00:00:00.0
1134,2013-09-17 00:00:00.0
5788,2013-09-18 00:00:00.0
4210,2013-09-18 00:00:00.0
1225,2013-09-18 00:00:00.0
1738,2013-09-18 00:00:00.0
2040,2013-09-18 00:00:00.0
10208,2013-09-18 00:00:00.0
6903,2013-09-19 00:00:00.0
110,2013-09-19 00:00:00.0
1693,2013-09-19 00:00:00.0
4971,2013-09-19 00:00:00.0
8639,2013-09-19 00:00:00.0
11702,2013-09-19 00:00:00.0
8582,2013-09-19 00:00:00.0
2515,2013-09-19 00:00:00.0
9384,2013-09-20 00:00:00.0
6576,2013-09-20 00:00:00.0
58,2013-09-20 00:00:00.0
9593,2013-09-20 00:00:00.0
10514,2013-09-20 00:00:00.0
6742,2013-09-21 00:00:00.0
12141,2013-09-21 00:00:00.0
11634,2013-09-21 00:00:00.0
8634,2013-09-21 00:00:00.0
11388,2013-09-21 00:00:00.0
12191,2013-09-21 00:00:00.0
6380,2013-09-22 00:00:00.0
8135,2013-09-22 00:00:00.0
1917,2013-09-22 00:00:00.0
5586,2013-09-23 00:00:00.0
2297,2013-09-23 00:00:00.0
5804,2013-09-23 00:00:00.0
3802,2013-09-24 00:00:00.0
10062,2013-09-24 00:00:00.0
520,2013-09-24 00:00:00.0
7549,2013-09-24 00:00:00.0
5431,2013-09-24 00:00:00.0
9039,2013-09-25 00:00:00.0
7822,2013-09-25 00:00:00.0
8944,2013-09-25 00:00:00.0
9419,2013-09-25 00:00:00.0
8125,2013-09-25 00:00:00.0
2333,2013-09-25 00:00:00.0
11615,2013-09-25 00:00:00.0
11170,2013-09-25 00:00:00.0
1640,2013-09-25 00:00:00.0
6023,2013-09-26 00:00:00.0
6327,2013-09-26 00:00:00.0
10254,2013-09-26 00:00:00.0
3752,2013-09-26 00:00:00.0
4444,2013-09-26 00:00:00.0
2658,2013-09-26 00:00:00.0
6415,2013-09-26 00:00:00.0
1204,2013-09-27 00:00:00.0
2774,2013-09-27 00:00:00.0
587,2013-09-27 00:00:00.0
1875,2013-09-27 00:00:00.0
9478,2013-09-27 00:00:00.0
70,2013-09-27 00:00:00.0
7707,2013-09-27 00:00:00.0
8655,2013-09-27 00:00:00.0
2860,2013-09-27 00:00:00.0
2781,2013-09-28 00:00:00.0
9457,2013-09-28 00:00:00.0
4265,2013-09-28 00:00:00.0
2569,2013-09-28 00:00:00.0
2773,2013-09-28 00:00:00.0
10138,2013-09-28 00:00:00.0
323,2013-09-28 00:00:00.0
1917,2013-09-29 00:00:00.0
5692,2013-09-29 00:00:00.0
10787,2013-09-29 00:00:00.0
9760,2013-09-29 00:00:00.0
7857,2013-09-29 00:00:00.0
8938,2013-09-29 00:00:00.0
10614,2013-09-30 00:00:00.0
6487,2013-09-30 00:00:00.0
8042,2013-09-30 00:00:00.0
8292,2013-09-30 00:00:00.0
1024,2013-09-30 00:00:00.0
2077,2013-09-30 00:00:00.0
12061,2013-10-01 00:00:00.0
2704,2013-10-01 00:00:00.0
11767,2013-10-01 00:00:00.0
3024,2013-10-01 00:00:00.0
9247,2013-10-01 00:00:00.0
3347,2013-10-02 00:00:00.0
2846,2013-10-02 00:00:00.0
7660,2013-10-02 00:00:00.0
10456,2013-10-02 00:00:00.0
7385,2013-10-03 00:00:00.0
4567,2013-10-03 00:00:00.0
7030,2013-10-03 00:00:00.0
12296,2013-10-03 00:00:00.0
8997,2013-10-03 00:00:00.0
11485,2013-10-04 00:00:00.0
505,2013-10-04 00:00:00.0
506,2013-10-04 00:00:00.0
4708,2013-10-04 00:00:00.0
10138,2013-10-04 00:00:00.0
4795,2013-10-04 00:00:00.0
4725,2013-10-04 00:00:00.0
174,2013-10-04 00:00:00.0
7057,2013-10-04 00:00:00.0
7222,2013-10-04 00:00:00.0
2784,2013-10-05 00:00:00.0
8900,2013-10-05 00:00:00.0
8686,2013-10-05 00:00:00.0
8931,2013-10-05 00:00:00.0
7339,2013-10-05 00:00:00.0
9416,2013-10-05 00:00:00.0
3246,2013-10-05 00:00:00.0
5418,2013-10-05 00:00:00.0
3030,2013-10-06 00:00:00.0
9647,2013-10-06 00:00:00.0
12326,2013-10-06 00:00:00.0
6813,2013-10-06 00:00:00.0
4523,2013-10-07 00:00:00.0
1534,2013-10-07 00:00:00.0
1253,2013-10-07 00:00:00.0
1273,2013-10-08 00:00:00.0
9073,2013-10-08 00:00:00.0
6992,2013-10-08 00:00:00.0
6516,2013-10-08 00:00:00.0
6730,2013-10-08 00:00:00.0
10659,2013-10-08 00:00:00.0
7854,2013-10-08 00:00:00.0
4907,2013-10-09 00:00:00.0
10343,2013-10-09 00:00:00.0
11931,2013-10-10 00:00:00.0
4375,2013-10-10 00:00:00.0
4020,2013-10-10 00:00:00.0
7286,2013-10-10 00:00:00.0
6166,2013-10-10 00:00:00.0
11098,2013-10-11 00:00:00.0
11233,2013-10-11 00:00:00.0
646,2013-10-11 00:00:00.0
6212,2013-10-11 00:00:00.0
9555,2013-10-11 00:00:00.0
11455,2013-10-12 00:00:00.0
2824,2013-10-12 00:00:00.0
2297,2013-10-13 00:00:00.0
5660,2013-10-13 00:00:00.0
5603,2013-10-13 00:00:00.0
10165,2013-10-14 00:00:00.0
10255,2013-10-14 00:00:00.0
3941,2013-10-14 00:00:00.0
5666,2013-10-15 00:00:00.0
6162,2013-10-15 00:00:00.0
5719,2013-10-15 00:00:00.0
4323,2013-10-15 00:00:00.0
6226,2013-10-15 00:00:00.0
12033,2013-10-15 00:00:00.0
11635,2013-10-16 00:00:00.0
2318,2013-10-16 00:00:00.0
8198,2013-10-16 00:00:00.0
1004,2013-10-17 00:00:00.0
10174,2013-10-17 00:00:00.0
9713,2013-10-17 00:00:00.0
8186,2013-10-17 00:00:00.0
9565,2013-10-17 00:00:00.0
2404,2013-10-17 00:00:00.0
4700,2013-10-17 00:00:00.0
3760,2013-10-17 00:00:00.0
7377,2013-10-18 00:00:00.0
7292,2013-10-18 00:00:00.0
2523,2013-10-18 00:00:00.0
3192,2013-10-18 00:00:00.0
11010,2013-10-19 00:00:00.0
124,2013-10-19 00:00:00.0
7850,2013-10-19 00:00:00.0
5192,2013-10-19 00:00:00.0
10995,2013-10-19 00:00:00.0
5533,2013-10-20 00:00:00.0
7290,2013-10-20 00:00:00.0
4992,2013-10-20 00:00:00.0
10965,2013-10-20 00:00:00.0
431,2013-10-20 00:00:00.0
1576,2013-10-21 00:00:00.0
11219,2013-10-22 00:00:00.0
8967,2013-10-22 00:00:00.0
10263,2013-10-22 00:00:00.0
1327,2013-10-22 00:00:00.0
5603,2013-10-23 00:00:00.0
5317,2013-10-23 00:00:00.0
11502,2013-10-23 00:00:00.0
6162,2013-10-24 00:00:00.0
8507,2013-10-24 00:00:00.0
7228,2013-10-24 00:00:00.0
12350,2013-10-24 00:00:00.0
1502,2013-10-25 00:00:00.0
3178,2013-10-25 00:00:00.0
676,2013-10-25 00:00:00.0
2693,2013-10-25 00:00:00.0
4045,2013-10-25 00:00:00.0
3347,2013-10-26 00:00:00.0
909,2013-10-27 00:00:00.0
4623,2013-10-27 00:00:00.0
7117,2013-10-27 00:00:00.0
1297,2013-10-27 00:00:00.0
5403,2013-10-27 00:00:00.0
3894,2013-10-28 00:00:00.0
11120,2013-10-28 00:00:00.0
3864,2013-10-28 00:00:00.0
9237,2013-10-29 00:00:00.0
8613,2013-10-29 00:00:00.0
3535,2013-10-30 00:00:00.0
3193,2013-10-30 00:00:00.0
11485,2013-10-30 00:00:00.0
4316,2013-10-31 00:00:00.0
10965,2013-10-31 00:00:00.0
10224,2013-10-31 00:00:00.0
1537,2013-10-31 00:00:00.0
2531,2013-10-31 00:00:00.0
6404,2013-10-31 00:00:00.0
7271,2013-10-31 00:00:00.0
4588,2013-10-31 00:00:00.0
682,2013-11-01 00:00:00.0
6728,2013-11-01 00:00:00.0
9285,2013-11-01 00:00:00.0
12091,2013-11-01 00:00:00.0
6067,2013-11-01 00:00:00.0
10393,2013-11-02 00:00:00.0
4691,2013-11-02 00:00:00.0
8795,2013-11-02 00:00:00.0
3708,2013-11-03 00:00:00.0
7830,2013-11-03 00:00:00.0
1931,2013-11-03 00:00:00.0
11103,2013-11-03 00:00:00.0
2023,2013-11-03 00:00:00.0
12338,2013-11-03 00:00:00.0
4608,2013-11-03 00:00:00.0
8114,2013-11-03 00:00:00.0
434,2013-11-03 00:00:00.0
8926,2013-11-03 00:00:00.0
2731,2013-11-03 00:00:00.0
2930,2013-11-03 00:00:00.0
10801,2013-11-03 00:00:00.0
8597,2013-11-03 00:00:00.0
10801,2013-11-04 00:00:00.0
6973,2013-11-04 00:00:00.0
2627,2013-11-04 00:00:00.0
6592,2013-11-04 00:00:00.0
3197,2013-11-04 00:00:00.0
1824,2013-11-04 00:00:00.0
10242,2013-11-04 00:00:00.0
11481,2013-11-04 00:00:00.0
4154,2013-11-04 00:00:00.0
9119,2013-11-04 00:00:00.0
7401,2013-11-04 00:00:00.0
10979,2013-11-05 00:00:00.0
633,2013-11-05 00:00:00.0
6424,2013-11-05 00:00:00.0
6050,2013-11-05 00:00:00.0
8995,2013-11-05 00:00:00.0
3889,2013-11-05 00:00:00.0
10432,2013-11-05 00:00:00.0
12338,2013-11-06 00:00:00.0
8026,2013-11-06 00:00:00.0
2251,2013-11-06 00:00:00.0
7377,2013-11-06 00:00:00.0
5338,2013-11-06 00:00:00.0
5097,2013-11-07 00:00:00.0
11666,2013-11-07 00:00:00.0
6212,2013-11-08 00:00:00.0
2930,2013-11-08 00:00:00.0
6360,2013-11-08 00:00:00.0
7844,2013-11-08 00:00:00.0
229,2013-11-09 00:00:00.0
8981,2013-11-09 00:00:00.0
3634,2013-11-09 00:00:00.0
9320,2013-11-09 00:00:00.0
12064,2013-11-09 00:00:00.0
2638,2013-11-09 00:00:00.0
5994,2013-11-09 00:00:00.0
6248,2013-11-10 00:00:00.0
7249,2013-11-10 00:00:00.0
11388,2013-11-10 00:00:00.0
6727,2013-11-10 00:00:00.0
9901,2013-11-10 00:00:00.0
2299,2013-11-10 00:00:00.0
2116,2013-11-10 00:00:00.0
10450,2013-11-10 00:00:00.0
2046,2013-11-10 00:00:00.0
11065,2013-11-11 00:00:00.0
10831,2013-11-11 00:00:00.0
8312,2013-11-11 00:00:00.0
4174,2013-11-11 00:00:00.0
11878,2013-11-11 00:00:00.0
715,2013-11-11 00:00:00.0
8153,2013-11-11 00:00:00.0
7496,2013-11-12 00:00:00.0
8781,2013-11-12 00:00:00.0
9214,2013-11-13 00:00:00.0
1740,2013-11-13 00:00:00.0
4596,2013-11-13 00:00:00.0
2157,2013-11-13 00:00:00.0
11122,2013-11-13 00:00:00.0
3455,2013-11-13 00:00:00.0
2578,2013-11-13 00:00:00.0
7549,2013-11-14 00:00:00.0
10051,2013-11-14 00:00:00.0
3114,2013-11-14 00:00:00.0
12013,2013-11-14 00:00:00.0
1477,2013-11-14 00:00:00.0
5855,2013-11-14 00:00:00.0
746,2013-11-14 00:00:00.0
3518,2013-11-14 00:00:00.0
8623,2013-11-14 00:00:00.0
647,2013-11-14 00:00:00.0
10831,2013-11-14 00:00:00.0
436,2013-11-14 00:00:00.0
8508,2013-11-14 00:00:00.0
7977,2013-11-14 00:00:00.0
3126,2013-11-14 00:00:00.0
708,2013-11-15 00:00:00.0
6003,2013-11-15 00:00:00.0
10583,2013-11-15 00:00:00.0
7808,2013-11-15 00:00:00.0
4374,2013-11-17 00:00:00.0
9986,2013-11-17 00:00:00.0
6013,2013-11-17 00:00:00.0
5130,2013-11-17 00:00:00.0
4464,2013-11-18 00:00:00.0
498,2013-11-18 00:00:00.0
3677,2013-11-18 00:00:00.0
8995,2013-11-18 00:00:00.0
10787,2013-11-18 00:00:00.0
10024,2013-11-18 00:00:00.0
9702,2013-11-19 00:00:00.0
711,2013-11-19 00:00:00.0
2397,2013-11-19 00:00:00.0
9483,2013-11-19 00:00:00.0
11959,2013-11-20 00:00:00.0
7279,2013-11-20 00:00:00.0
3074,2013-11-20 00:00:00.0
1478,2013-11-20 00:00:00.0
2707,2013-11-20 00:00:00.0
7148,2013-11-20 00:00:00.0
8245,2013-11-20 00:00:00.0
10668,2013-11-21 00:00:00.0
6312,2013-11-21 00:00:00.0
330,2013-11-22 00:00:00.0
1502,2013-11-22 00:00:00.0
8682,2013-11-22 00:00:00.0
4303,2013-11-22 00:00:00.0
6618,2013-11-22 00:00:00.0
8135,2013-11-22 00:00:00.0
8272,2013-11-22 00:00:00.0
5155,2013-11-22 00:00:00.0
3185,2013-11-22 00:00:00.0
9989,2013-11-23 00:00:00.0
5138,2013-11-23 00:00:00.0
7521,2013-11-23 00:00:00.0
8247,2013-11-23 00:00:00.0
6211,2013-11-23 00:00:00.0
9762,2013-11-23 00:00:00.0
4420,2013-11-23 00:00:00.0
2622,2013-11-23 00:00:00.0
4063,2013-11-23 00:00:00.0
7844,2013-11-23 00:00:00.0
5417,2013-11-23 00:00:00.0
10343,2013-11-23 00:00:00.0
10407,2013-11-24 00:00:00.0
10588,2013-11-24 00:00:00.0
6023,2013-11-24 00:00:00.0
3473,2013-11-24 00:00:00.0
8632,2013-11-24 00:00:00.0
5420,2013-11-24 00:00:00.0
6906,2013-11-24 00:00:00.0
5007,2013-11-25 00:00:00.0
5123,2013-11-25 00:00:00.0
4596,2013-11-25 00:00:00.0
9419,2013-11-26 00:00:00.0
2394,2013-11-26 00:00:00.0
6022,2013-11-26 00:00:00.0
7749,2013-11-26 00:00:00.0
6538,2013-11-26 00:00:00.0
2157,2013-11-26 00:00:00.0
4001,2013-11-26 00:00:00.0
6898,2013-11-27 00:00:00.0
6480,2013-11-27 00:00:00.0
1882,2013-11-27 00:00:00.0
11000,2013-11-27 00:00:00.0
8643,2013-11-28 00:00:00.0
607,2013-11-28 00:00:00.0
6099,2013-11-28 00:00:00.0
2087,2013-11-28 00:00:00.0
5217,2013-11-28 00:00:00.0
1724,2013-11-28 00:00:00.0
8660,2013-11-28 00:00:00.0
7050,2013-11-29 00:00:00.0
12264,2013-11-29 00:00:00.0
11823,2013-11-29 00:00:00.0
6982,2013-11-29 00:00:00.0
7935,2013-11-30 00:00:00.0
4842,2013-11-30 00:00:00.0
8898,2013-11-30 00:00:00.0
6263,2013-11-30 00:00:00.0
11148,2013-11-30 00:00:00.0
6086,2013-11-30 00:00:00.0
682,2013-11-30 00:00:00.0
8605,2013-11-30 00:00:00.0
640,2013-11-30 00:00:00.0
436,2013-11-30 00:00:00.0
12209,2013-11-30 00:00:00.0
10432,2013-11-30 00:00:00.0
1371,2013-11-30 00:00:00.0
4146,2013-11-30 00:00:00.0
5098,2013-11-30 00:00:00.0
5715,2013-11-30 00:00:00.0
10115,2013-11-30 00:00:00.0
1664,2013-12-01 00:00:00.0
11664,2013-12-01 00:00:00.0
1478,2013-12-01 00:00:00.0
8029,2013-12-01 00:00:00.0
10208,2013-12-01 00:00:00.0
12364,2013-12-01 00:00:00.0
5845,2013-12-01 00:00:00.0
10720,2013-12-02 00:00:00.0
3942,2013-12-02 00:00:00.0
2771,2013-12-02 00:00:00.0
3650,2013-12-02 00:00:00.0
5404,2013-12-02 00:00:00.0
3306,2013-12-02 00:00:00.0
10558,2013-12-03 00:00:00.0
7501,2013-12-03 00:00:00.0
2942,2013-12-03 00:00:00.0
1811,2013-12-04 00:00:00.0
8859,2013-12-04 00:00:00.0
1181,2013-12-05 00:00:00.0
6703,2013-12-05 00:00:00.0
10284,2013-12-05 00:00:00.0
4337,2013-12-05 00:00:00.0
3940,2013-12-05 00:00:00.0
2765,2013-12-06 00:00:00.0
11384,2013-12-06 00:00:00.0
79,2013-12-06 00:00:00.0
5753,2013-12-06 00:00:00.0
3781,2013-12-06 00:00:00.0
5166,2013-12-06 00:00:00.0
5420,2013-12-06 00:00:00.0
5811,2013-12-06 00:00:00.0
9785,2013-12-06 00:00:00.0
3464,2013-12-06 00:00:00.0
12033,2013-12-06 00:00:00.0
8153,2013-12-07 00:00:00.0
8096,2013-12-07 00:00:00.0
214,2013-12-07 00:00:00.0
9859,2013-12-07 00:00:00.0
58,2013-12-07 00:00:00.0
9269,2013-12-07 00:00:00.0
4088,2013-12-08 00:00:00.0
8560,2013-12-08 00:00:00.0
1261,2013-12-08 00:00:00.0
7678,2013-12-08 00:00:00.0
8080,2013-12-09 00:00:00.0
6037,2013-12-09 00:00:00.0
10344,2013-12-09 00:00:00.0
11099,2013-12-10 00:00:00.0
9971,2013-12-10 00:00:00.0
2754,2013-12-10 00:00:00.0
10068,2013-12-10 00:00:00.0
8752,2013-12-10 00:00:00.0
5589,2013-12-11 00:00:00.0
3239,2013-12-11 00:00:00.0
11675,2013-12-11 00:00:00.0
6458,2013-12-11 00:00:00.0
9487,2013-12-11 00:00:00.0
5904,2013-12-11 00:00:00.0
11195,2013-12-11 00:00:00.0
11000,2013-12-11 00:00:00.0
1816,2013-12-12 00:00:00.0
3439,2013-12-13 00:00:00.0
10214,2013-12-13 00:00:00.0
9285,2013-12-13 00:00:00.0
8753,2013-12-14 00:00:00.0
4432,2013-12-14 00:00:00.0
409,2013-12-15 00:00:00.0
7633,2013-12-15 00:00:00.0
8091,2013-12-15 00:00:00.0
703,2013-12-15 00:00:00.0
9229,2013-12-16 00:00:00.0
3967,2013-12-16 00:00:00.0
3829,2013-12-17 00:00:00.0
8971,2013-12-17 00:00:00.0
8569,2013-12-17 00:00:00.0
6298,2013-12-17 00:00:00.0
2027,2013-12-18 00:00:00.0
713,2013-12-18 00:00:00.0
9860,2013-12-18 00:00:00.0
6728,2013-12-18 00:00:00.0
2189,2013-12-18 00:00:00.0
5428,2013-12-18 00:00:00.0
8632,2013-12-18 00:00:00.0
2307,2013-12-18 00:00:00.0
5180,2013-12-18 00:00:00.0
7222,2013-12-19 00:00:00.0
9119,2013-12-19 00:00:00.0
6177,2013-12-20 00:00:00.0
3039,2013-12-20 00:00:00.0
11895,2013-12-20 00:00:00.0
10450,2013-12-20 00:00:00.0
10025,2013-12-20 00:00:00.0
10700,2013-12-21 00:00:00.0
7564,2013-12-21 00:00:00.0
4153,2013-12-21 00:00:00.0
2101,2013-12-21 00:00:00.0
1062,2013-12-21 00:00:00.0
6086,2013-12-22 00:00:00.0
11895,2013-12-22 00:00:00.0
3141,2013-12-22 00:00:00.0
10098,2013-12-22 00:00:00.0
431,2013-12-22 00:00:00.0
1448,2013-12-22 00:00:00.0
3513,2013-12-22 00:00:00.0
5849,2013-12-22 00:00:00.0
11337,2013-12-23 00:00:00.0
12231,2013-12-23 00:00:00.0
8096,2013-12-23 00:00:00.0
1117,2013-12-23 00:00:00.0
11703,2013-12-23 00:00:00.0
8404,2013-12-23 00:00:00.0
7971,2013-12-24 00:00:00.0
7403,2013-12-24 00:00:00.0
5038,2013-12-24 00:00:00.0
5417,2013-12-24 00:00:00.0
9092,2013-12-24 00:00:00.0
3436,2013-12-26 00:00:00.0
11962,2013-12-26 00:00:00.0
12065,2013-12-26 00:00:00.0
8295,2013-12-26 00:00:00.0
4263,2013-12-26 00:00:00.0
4029,2013-12-26 00:00:00.0
6269,2013-12-26 00:00:00.0
1821,2013-12-26 00:00:00.0
10899,2013-12-26 00:00:00.0
10344,2013-12-26 00:00:00.0
10965,2013-12-26 00:00:00.0
8764,2013-12-26 00:00:00.0
12308,2013-12-27 00:00:00.0
11221,2013-12-27 00:00:00.0
1716,2013-12-27 00:00:00.0
110,2013-12-27 00:00:00.0
1291,2013-12-27 00:00:00.0
2380,2013-12-27 00:00:00.0
1478,2013-12-28 00:00:00.0
4672,2013-12-28 00:00:00.0
12268,2013-12-28 00:00:00.0
717,2013-12-28 00:00:00.0
4586,2013-12-28 00:00:00.0
9943,2013-12-28 00:00:00.0
5583,2013-12-28 00:00:00.0
10061,2013-12-28 00:00:00.0
1126,2013-12-28 00:00:00.0
1436,2013-12-28 00:00:00.0
11799,2013-12-28 00:00:00.0
6939,2013-12-29 00:00:00.0
1954,2013-12-29 00:00:00.0
11183,2013-12-29 00:00:00.0
11438,2013-12-29 00:00:00.0
11106,2013-12-29 00:00:00.0
4911,2013-12-30 00:00:00.0
5326,2013-12-30 00:00:00.0
12226,2013-12-30 00:00:00.0
10435,2013-12-30 00:00:00.0
2452,2013-12-30 00:00:00.0
6992,2013-12-31 00:00:00.0
3631,2013-12-31 00:00:00.0
350,2013-12-31 00:00:00.0
4315,2013-12-31 00:00:00.0
5138,2013-12-31 00:00:00.0
10062,2014-01-01 00:00:00.0
8216,2014-01-01 00:00:00.0
6903,2014-01-02 00:00:00.0
10858,2014-01-02 00:00:00.0
3045,2014-01-02 00:00:00.0
8971,2014-01-03 00:00:00.0
6388,2014-01-03 00:00:00.0
7339,2014-01-03 00:00:00.0
3600,2014-01-04 00:00:00.0
2221,2014-01-04 00:00:00.0
3520,2014-01-04 00:00:00.0
4177,2014-01-04 00:00:00.0
10046,2014-01-05 00:00:00.0
9064,2014-01-05 00:00:00.0
4988,2014-01-05 00:00:00.0
1444,2014-01-05 00:00:00.0
10857,2014-01-05 00:00:00.0
336,2014-01-06 00:00:00.0
6461,2014-01-06 00:00:00.0
11257,2014-01-06 00:00:00.0
10923,2014-01-07 00:00:00.0
5517,2014-01-07 00:00:00.0
10226,2014-01-07 00:00:00.0
10407,2014-01-07 00:00:00.0
7515,2014-01-07 00:00:00.0
8968,2014-01-07 00:00:00.0
4490,2014-01-07 00:00:00.0
4855,2014-01-07 00:00:00.0
8347,2014-01-08 00:00:00.0
4730,2014-01-08 00:00:00.0
9366,2014-01-09 00:00:00.0
12283,2014-01-09 00:00:00.0
7582,2014-01-09 00:00:00.0
5891,2014-01-09 00:00:00.0
3855,2014-01-09 00:00:00.0
182,2014-01-09 00:00:00.0
1438,2014-01-09 00:00:00.0
7164,2014-01-09 00:00:00.0
7721,2014-01-10 00:00:00.0
6458,2014-01-10 00:00:00.0
1957,2014-01-10 00:00:00.0
2157,2014-01-10 00:00:00.0
4759,2014-01-11 00:00:00.0
2808,2014-01-11 00:00:00.0
10024,2014-01-11 00:00:00.0
1380,2014-01-12 00:00:00.0
11319,2014-01-12 00:00:00.0
12239,2014-01-12 00:00:00.0
274,2014-01-12 00:00:00.0
2534,2014-01-12 00:00:00.0
4681,2014-01-12 00:00:00.0
12239,2014-01-13 00:00:00.0
9690,2014-01-13 00:00:00.0
12174,2014-01-14 00:00:00.0
3593,2014-01-14 00:00:00.0
548,2014-01-14 00:00:00.0
12308,2014-01-14 00:00:00.0
10801,2014-01-15 00:00:00.0
6139,2014-01-15 00:00:00.0
11068,2014-01-15 00:00:00.0
5267,2014-01-15 00:00:00.0
1400,2014-01-15 00:00:00.0
4725,2014-01-15 00:00:00.0
10083,2014-01-15 00:00:00.0
2078,2014-01-15 00:00:00.0
757,2014-01-15 00:00:00.0
6163,2014-01-16 00:00:00.0
11019,2014-01-16 00:00:00.0
358,2014-01-16 00:00:00.0
11075,2014-01-16 00:00:00.0
11452,2014-01-16 00:00:00.0
5576,2014-01-17 00:00:00.0
657,2014-01-17 00:00:00.0
3331,2014-01-17 00:00:00.0
6474,2014-01-18 00:00:00.0
1306,2014-01-18 00:00:00.0
9971,2014-01-18 00:00:00.0
125,2014-01-18 00:00:00.0
5093,2014-01-18 00:00:00.0
3656,2014-01-19 00:00:00.0
4196,2014-01-19 00:00:00.0
320,2014-01-19 00:00:00.0
1971,2014-01-19 00:00:00.0
1381,2014-01-19 00:00:00.0
77,2014-01-19 00:00:00.0
755,2014-01-19 00:00:00.0
3907,2014-01-19 00:00:00.0
11422,2014-01-19 00:00:00.0
1160,2014-01-20 00:00:00.0
5865,2014-01-20 00:00:00.0
2372,2014-01-20 00:00:00.0
9146,2014-01-20 00:00:00.0
1022,2014-01-20 00:00:00.0
7789,2014-01-21 00:00:00.0
3445,2014-01-21 00:00:00.0
7162,2014-01-21 00:00:00.0
11171,2014-01-21 00:00:00.0
12348,2014-01-21 00:00:00.0
2989,2014-01-22 00:00:00.0
6759,2014-01-22 00:00:00.0
2806,2014-01-22 00:00:00.0
5298,2014-01-22 00:00:00.0
3635,2014-01-22 00:00:00.0
3479,2014-01-22 00:00:00.0
4315,2014-01-23 00:00:00.0
7616,2014-01-23 00:00:00.0
3806,2014-01-23 00:00:00.0
5267,2014-01-23 00:00:00.0
3752,2014-01-23 00:00:00.0
551,2014-01-23 00:00:00.0
6490,2014-01-23 00:00:00.0
5845,2014-01-23 00:00:00.0
3115,2014-01-24 00:00:00.0
1954,2014-01-24 00:00:00.0
3455,2014-01-24 00:00:00.0
7670,2014-01-24 00:00:00.0
3942,2014-01-25 00:00:00.0
7738,2014-01-25 00:00:00.0
8059,2014-01-25 00:00:00.0
8648,2014-01-25 00:00:00.0
9191,2014-01-26 00:00:00.0
1144,2014-01-26 00:00:00.0
9405,2014-01-26 00:00:00.0
6012,2014-01-27 00:00:00.0
5388,2014-01-27 00:00:00.0
11407,2014-01-27 00:00:00.0
6146,2014-01-27 00:00:00.0
7850,2014-01-27 00:00:00.0
9402,2014-01-28 00:00:00.0
11407,2014-01-28 00:00:00.0
4117,2014-01-28 00:00:00.0
3526,2014-01-28 00:00:00.0
8135,2014-01-28 00:00:00.0
9404,2014-01-28 00:00:00.0
12264,2014-01-29 00:00:00.0
9984,2014-01-29 00:00:00.0
3631,2014-01-29 00:00:00.0
9386,2014-01-30 00:00:00.0
4154,2014-01-30 00:00:00.0
4067,2014-01-30 00:00:00.0
8175,2014-01-31 00:00:00.0
4472,2014-01-31 00:00:00.0
7597,2014-01-31 00:00:00.0
65,2014-01-31 00:00:00.0
1301,2014-01-31 00:00:00.0
11099,2014-01-31 00:00:00.0
5591,2014-02-01 00:00:00.0
1252,2014-02-01 00:00:00.0
6742,2014-02-01 00:00:00.0
5326,2014-02-01 00:00:00.0
8581,2014-02-01 00:00:00.0
8957,2014-02-01 00:00:00.0
401,2014-02-01 00:00:00.0
11123,2014-02-02 00:00:00.0
1477,2014-02-02 00:00:00.0
1817,2014-02-02 00:00:00.0
5202,2014-02-02 00:00:00.0
6536,2014-02-02 00:00:00.0
3032,2014-02-02 00:00:00.0
5364,2014-02-02 00:00:00.0
2216,2014-02-02 00:00:00.0
4411,2014-02-03 00:00:00.0
1848,2014-02-03 00:00:00.0
2110,2014-02-03 00:00:00.0
9991,2014-02-03 00:00:00.0
5699,2014-02-03 00:00:00.0
2869,2014-02-03 00:00:00.0
3809,2014-02-04 00:00:00.0
2712,2014-02-04 00:00:00.0
5183,2014-02-04 00:00:00.0
8060,2014-02-04 00:00:00.0
627,2014-02-04 00:00:00.0
1313,2014-02-05 00:00:00.0
91,2014-02-05 00:00:00.0
8781,2014-02-05 00:00:00.0
11039,2014-02-05 00:00:00.0
2981,2014-02-05 00:00:00.0
6671,2014-02-05 00:00:00.0
580,2014-02-05 00:00:00.0
1818,2014-02-06 00:00:00.0
9769,2014-02-06 00:00:00.0
2897,2014-02-06 00:00:00.0
478,2014-02-06 00:00:00.0
6067,2014-02-06 00:00:00.0
2278,2014-02-06 00:00:00.0
7716,2014-02-06 00:00:00.0
3753,2014-02-06 00:00:00.0
9419,2014-02-07 00:00:00.0
4908,2014-02-07 00:00:00.0
10190,2014-02-08 00:00:00.0
12271,2014-02-08 00:00:00.0
4808,2014-02-08 00:00:00.0
3584,2014-02-08 00:00:00.0
1637,2014-02-08 00:00:00.0
11483,2014-02-08 00:00:00.0
10906,2014-02-09 00:00:00.0
10587,2014-02-09 00:00:00.0
11170,2014-02-09 00:00:00.0
3844,2014-02-09 00:00:00.0
8481,2014-02-09 00:00:00.0
2210,2014-02-09 00:00:00.0
2857,2014-02-09 00:00:00.0
10098,2014-02-09 00:00:00.0
2860,2014-02-10 00:00:00.0
4588,2014-02-10 00:00:00.0
5417,2014-02-10 00:00:00.0
6835,2014-02-11 00:00:00.0
11148,2014-02-11 00:00:00.0
7714,2014-02-11 00:00:00.0
8686,2014-02-11 00:00:00.0
744,2014-02-11 00:00:00.0
7013,2014-02-12 00:00:00.0
2995,2014-02-12 00:00:00.0
11793,2014-02-12 00:00:00.0
11816,2014-02-12 00:00:00.0
4413,2014-02-12 00:00:00.0
11697,2014-02-13 00:00:00.0
7102,2014-02-13 00:00:00.0
7707,2014-02-14 00:00:00.0
8404,2014-02-14 00:00:00.0
7556,2014-02-14 00:00:00.0
5855,2014-02-14 00:00:00.0
11481,2014-02-14 00:00:00.0
9244,2014-02-14 00:00:00.0
5196,2014-02-14 00:00:00.0
6784,2014-02-14 00:00:00.0
11702,2014-02-15 00:00:00.0
1464,2014-02-15 00:00:00.0
2844,2014-02-15 00:00:00.0
10138,2014-02-15 00:00:00.0
7381,2014-02-15 00:00:00.0
911,2014-02-16 00:00:00.0
2950,2014-02-16 00:00:00.0
5595,2014-02-16 00:00:00.0
1014,2014-02-16 00:00:00.0
8274,2014-02-16 00:00:00.0
9509,2014-02-17 00:00:00.0
6566,2014-02-17 00:00:00.0
3331,2014-02-17 00:00:00.0
10058,2014-02-17 00:00:00.0
4167,2014-02-17 00:00:00.0
8944,2014-02-17 00:00:00.0
6788,2014-02-17 00:00:00.0
937,2014-02-17 00:00:00.0
12199,2014-02-18 00:00:00.0
1070,2014-02-18 00:00:00.0
10098,2014-02-18 00:00:00.0
6536,2014-02-18 00:00:00.0
8785,2014-02-18 00:00:00.0
5688,2014-02-18 00:00:00.0
6487,2014-02-18 00:00:00.0
330,2014-02-18 00:00:00.0
5249,2014-02-19 00:00:00.0
229,2014-02-19 00:00:00.0
12408,2014-02-19 00:00:00.0
6521,2014-02-19 00:00:00.0
4229,2014-02-19 00:00:00.0
1675,2014-02-19 00:00:00.0
340,2014-02-19 00:00:00.0
9678,2014-02-19 00:00:00.0
2002,2014-02-19 00:00:00.0
10160,2014-02-20 00:00:00.0
9384,2014-02-20 00:00:00.0
277,2014-02-20 00:00:00.0
5138,2014-02-21 00:00:00.0
2342,2014-02-21 00:00:00.0
10291,2014-02-21 00:00:00.0
11357,2014-02-21 00:00:00.0
11103,2014-02-21 00:00:00.0
8472,2014-02-21 00:00:00.0
3192,2014-02-21 00:00:00.0
2161,2014-02-22 00:00:00.0
1994,2014-02-22 00:00:00.0
1926,2014-02-23 00:00:00.0
1012,2014-02-23 00:00:00.0
4530,2014-02-23 00:00:00.0
1882,2014-02-23 00:00:00.0
10877,2014-02-23 00:00:00.0
8135,2014-02-23 00:00:00.0
713,2014-02-23 00:00:00.0
8242,2014-02-24 00:00:00.0
9750,2014-02-24 00:00:00.0
8743,2014-02-24 00:00:00.0
1263,2014-02-24 00:00:00.0
1241,2014-02-24 00:00:00.0
4398,2014-02-24 00:00:00.0
3202,2014-02-24 00:00:00.0
6462,2014-02-24 00:00:00.0
10051,2014-02-25 00:00:00.0
6725,2014-02-25 00:00:00.0
1489,2014-02-25 00:00:00.0
2614,2014-02-25 00:00:00.0
8443,2014-02-25 00:00:00.0
4901,2014-02-25 00:00:00.0
3455,2014-02-25 00:00:00.0
7471,2014-02-25 00:00:00.0
10295,2014-02-25 00:00:00.0
6496,2014-02-25 00:00:00.0
6478,2014-02-25 00:00:00.0
9702,2014-02-25 00:00:00.0
3768,2014-02-26 00:00:00.0
1745,2014-02-26 00:00:00.0
9539,2014-02-26 00:00:00.0
4910,2014-02-27 00:00:00.0
11930,2014-02-27 00:00:00.0
6468,2014-02-27 00:00:00.0
9748,2014-02-27 00:00:00.0
1831,2014-02-27 00:00:00.0
11025,2014-02-27 00:00:00.0
7156,2014-02-27 00:00:00.0
5147,2014-02-28 00:00:00.0
1301,2014-02-28 00:00:00.0
9036,2014-02-28 00:00:00.0
7119,2014-02-28 00:00:00.0
7175,2014-02-28 00:00:00.0
3940,2014-02-28 00:00:00.0
1178,2014-02-28 00:00:00.0
5071,2014-02-28 00:00:00.0
6421,2014-02-28 00:00:00.0
1827,2014-02-28 00:00:00.0
10533,2014-02-28 00:00:00.0
8521,2014-02-28 00:00:00.0
568,2014-03-01 00:00:00.0
5241,2014-03-01 00:00:00.0
9317,2014-03-01 00:00:00.0
2211,2014-03-01 00:00:00.0
7839,2014-03-01 00:00:00.0
11954,2014-03-01 00:00:00.0
11397,2014-03-02 00:00:00.0
3781,2014-03-02 00:00:00.0
9529,2014-03-03 00:00:00.0
10648,2014-03-03 00:00:00.0
8038,2014-03-03 00:00:00.0
9642,2014-03-03 00:00:00.0
8224,2014-03-03 00:00:00.0
8038,2014-03-03 00:00:00.0
1211,2014-03-03 00:00:00.0
832,2014-03-03 00:00:00.0
1536,2014-03-03 00:00:00.0
4646,2014-03-03 00:00:00.0
6388,2014-03-03 00:00:00.0
489,2014-03-03 00:00:00.0
11304,2014-03-04 00:00:00.0
9928,2014-03-04 00:00:00.0
4440,2014-03-04 00:00:00.0
10291,2014-03-04 00:00:00.0
10548,2014-03-04 00:00:00.0
1520,2014-03-05 00:00:00.0
11314,2014-03-05 00:00:00.0
11584,2014-03-05 00:00:00.0
8879,2014-03-05 00:00:00.0
1941,2014-03-05 00:00:00.0
5097,2014-03-05 00:00:00.0
11357,2014-03-06 00:00:00.0
2137,2014-03-06 00:00:00.0
4944,2014-03-06 00:00:00.0
6713,2014-03-06 00:00:00.0
5359,2014-03-06 00:00:00.0
7626,2014-03-07 00:00:00.0
369,2014-03-07 00:00:00.0
6098,2014-03-07 00:00:00.0
12206,2014-03-07 00:00:00.0
2523,2014-03-07 00:00:00.0
8609,2014-03-07 00:00:00.0
8930,2014-03-07 00:00:00.0
9402,2014-03-07 00:00:00.0
2070,2014-03-10 00:00:00.0
10787,2014-03-10 00:00:00.0
3518,2014-03-10 00:00:00.0
7356,2014-03-10 00:00:00.0
8655,2014-03-10 00:00:00.0
6877,2014-03-10 00:00:00.0
10169,2014-03-11 00:00:00.0
5809,2014-03-11 00:00:00.0
1387,2014-03-11 00:00:00.0
8931,2014-03-11 00:00:00.0
4667,2014-03-11 00:00:00.0
4470,2014-03-11 00:00:00.0
5800,2014-03-11 00:00:00.0
7122,2014-03-11 00:00:00.0
212,2014-03-11 00:00:00.0
11091,2014-03-12 00:00:00.0
11832,2014-03-12 00:00:00.0
434,2014-03-12 00:00:00.0
4269,2014-03-12 00:00:00.0
9013,2014-03-12 00:00:00.0
5715,2014-03-12 00:00:00.0
3869,2014-03-12 00:00:00.0
2211,2014-03-12 00:00:00.0
920,2014-03-12 00:00:00.0
437,2014-03-13 00:00:00.0
775,2014-03-13 00:00:00.0
95,2014-03-13 00:00:00.0
1544,2014-03-13 00:00:00.0
1882,2014-03-14 00:00:00.0
11732,2014-03-14 00:00:00.0
1380,2014-03-14 00:00:00.0
6922,2014-03-14 00:00:00.0
12128,2014-03-14 00:00:00.0
3752,2014-03-14 00:00:00.0
3310,2014-03-15 00:00:00.0
8324,2014-03-15 00:00:00.0
11039,2014-03-15 00:00:00.0
7078,2014-03-15 00:00:00.0
2275,2014-03-16 00:00:00.0
8573,2014-03-16 00:00:00.0
3114,2014-03-16 00:00:00.0
502,2014-03-16 00:00:00.0
4911,2014-03-16 00:00:00.0
58,2014-03-17 00:00:00.0
11991,2014-03-18 00:00:00.0
5054,2014-03-18 00:00:00.0
4325,2014-03-18 00:00:00.0
2241,2014-03-18 00:00:00.0
5092,2014-03-18 00:00:00.0
5719,2014-03-18 00:00:00.0
9713,2014-03-18 00:00:00.0
8396,2014-03-18 00:00:00.0
8205,2014-03-18 00:00:00.0
2876,2014-03-19 00:00:00.0
5138,2014-03-19 00:00:00.0
2809,2014-03-19 00:00:00.0
731,2014-03-20 00:00:00.0
10174,2014-03-20 00:00:00.0
11132,2014-03-20 00:00:00.0
11077,2014-03-21 00:00:00.0
2261,2014-03-21 00:00:00.0
3768,2014-03-21 00:00:00.0
12131,2014-03-21 00:00:00.0
3331,2014-03-21 00:00:00.0
688,2014-03-22 00:00:00.0
4911,2014-03-22 00:00:00.0
299,2014-03-22 00:00:00.0
829,2014-03-22 00:00:00.0
3085,2014-03-22 00:00:00.0
864,2014-03-22 00:00:00.0
4760,2014-03-22 00:00:00.0
8245,2014-03-22 00:00:00.0
7105,2014-03-22 00:00:00.0
101,2014-03-23 00:00:00.0
4063,2014-03-23 00:00:00.0
12253,2014-03-23 00:00:00.0
5902,2014-03-23 00:00:00.0
12279,2014-03-23 00:00:00.0
1144,2014-03-23 00:00:00.0
7514,2014-03-24 00:00:00.0
4190,2014-03-24 00:00:00.0
1371,2014-03-25 00:00:00.0
2532,2014-03-25 00:00:00.0
10450,2014-03-26 00:00:00.0
1039,2014-03-26 00:00:00.0
7010,2014-03-26 00:00:00.0
4149,2014-03-27 00:00:00.0
11380,2014-03-27 00:00:00.0
5307,2014-03-27 00:00:00.0
5611,2014-03-27 00:00:00.0
1911,2014-03-27 00:00:00.0
6380,2014-03-27 00:00:00.0
7583,2014-03-27 00:00:00.0
10409,2014-03-28 00:00:00.0
6522,2014-03-28 00:00:00.0
2928,2014-03-28 00:00:00.0
8300,2014-03-28 00:00:00.0
3181,2014-03-30 00:00:00.0
2860,2014-03-30 00:00:00.0
1947,2014-03-30 00:00:00.0
3604,2014-03-30 00:00:00.0
9774,2014-03-30 00:00:00.0
550,2014-03-30 00:00:00.0
7624,2014-03-30 00:00:00.0
9930,2014-03-30 00:00:00.0
10072,2014-03-31 00:00:00.0
1208,2014-03-31 00:00:00.0
8158,2014-03-31 00:00:00.0
5810,2014-03-31 00:00:00.0
1380,2014-03-31 00:00:00.0
1024,2014-03-31 00:00:00.0
9237,2014-03-31 00:00:00.0
2603,2014-03-31 00:00:00.0
12197,2014-04-01 00:00:00.0
7494,2014-04-01 00:00:00.0
1828,2014-04-01 00:00:00.0
11019,2014-04-01 00:00:00.0
9651,2014-04-01 00:00:00.0
2876,2014-04-01 00:00:00.0
10715,2014-04-02 00:00:00.0
6659,2014-04-02 00:00:00.0
7178,2014-04-02 00:00:00.0
2844,2014-04-02 00:00:00.0
11690,2014-04-02 00:00:00.0
3249,2014-04-02 00:00:00.0
11122,2014-04-02 00:00:00.0
6696,2014-04-02 00:00:00.0
4602,2014-04-02 00:00:00.0
3708,2014-04-03 00:00:00.0
8660,2014-04-03 00:00:00.0
11380,2014-04-03 00:00:00.0
8906,2014-04-03 00:00:00.0
1831,2014-04-03 00:00:00.0
9635,2014-04-03 00:00:00.0
12110,2014-04-03 00:00:00.0
6176,2014-04-03 00:00:00.0
6494,2014-04-04 00:00:00.0
10089,2014-04-04 00:00:00.0
3992,2014-04-04 00:00:00.0
3531,2014-04-04 00:00:00.0
11665,2014-04-04 00:00:00.0
4303,2014-04-04 00:00:00.0
7950,2014-04-04 00:00:00.0
6139,2014-04-04 00:00:00.0
5756,2014-04-05 00:00:00.0
2416,2014-04-05 00:00:00.0
10506,2014-04-05 00:00:00.0
11527,2014-04-05 00:00:00.0
2921,2014-04-05 00:00:00.0
8397,2014-04-05 00:00:00.0
7050,2014-04-05 00:00:00.0
1043,2014-04-05 00:00:00.0
6521,2014-04-06 00:00:00.0
7323,2014-04-06 00:00:00.0
6804,2014-04-06 00:00:00.0
10247,2014-04-06 00:00:00.0
852,2014-04-07 00:00:00.0
1034,2014-04-07 00:00:00.0
5820,2014-04-08 00:00:00.0
3595,2014-04-08 00:00:00.0
12435,2014-04-08 00:00:00.0
7582,2014-04-08 00:00:00.0
7864,2014-04-08 00:00:00.0
10008,2014-04-08 00:00:00.0
796,2014-04-08 00:00:00.0
1315,2014-04-08 00:00:00.0
6092,2014-04-09 00:00:00.0
4090,2014-04-09 00:00:00.0
3329,2014-04-09 00:00:00.0
10249,2014-04-09 00:00:00.0
5344,2014-04-09 00:00:00.0
7218,2014-04-09 00:00:00.0
2712,2014-04-10 00:00:00.0
9494,2014-04-10 00:00:00.0
4360,2014-04-11 00:00:00.0
6163,2014-04-11 00:00:00.0
3816,2014-04-11 00:00:00.0
9972,2014-04-12 00:00:00.0
11043,2014-04-12 00:00:00.0
7408,2014-04-12 00:00:00.0
2876,2014-04-12 00:00:00.0
975,2014-04-12 00:00:00.0
8964,2014-04-12 00:00:00.0
3047,2014-04-13 00:00:00.0
10420,2014-04-13 00:00:00.0
1211,2014-04-14 00:00:00.0
2078,2014-04-14 00:00:00.0
6086,2014-04-14 00:00:00.0
8330,2014-04-14 00:00:00.0
8622,2014-04-15 00:00:00.0
8718,2014-04-15 00:00:00.0
2812,2014-04-15 00:00:00.0
8981,2014-04-15 00:00:00.0
4438,2014-04-15 00:00:00.0
366,2014-04-16 00:00:00.0
193,2014-04-16 00:00:00.0
2849,2014-04-16 00:00:00.0
5971,2014-04-18 00:00:00.0
1185,2014-04-18 00:00:00.0
3816,2014-04-18 00:00:00.0
2704,2014-04-18 00:00:00.0
8002,2014-04-18 00:00:00.0
11195,2014-04-18 00:00:00.0
8421,2014-04-19 00:00:00.0
5756,2014-04-19 00:00:00.0
5758,2014-04-20 00:00:00.0
1603,2014-04-20 00:00:00.0
2322,2014-04-20 00:00:00.0
5002,2014-04-20 00:00:00.0
3034,2014-04-20 00:00:00.0
8258,2014-04-20 00:00:00.0
8554,2014-04-20 00:00:00.0
2452,2014-04-20 00:00:00.0
1486,2014-04-21 00:00:00.0
4100,2014-04-21 00:00:00.0
8995,2014-04-21 00:00:00.0
5089,2014-04-21 00:00:00.0
8924,2014-04-21 00:00:00.0
8042,2014-04-21 00:00:00.0
5220,2014-04-21 00:00:00.0
9432,2014-04-21 00:00:00.0
2569,2014-04-22 00:00:00.0
6263,2014-04-22 00:00:00.0
12383,2014-04-22 00:00:00.0
1167,2014-04-23 00:00:00.0
3433,2014-04-23 00:00:00.0
7201,2014-04-23 00:00:00.0
5827,2014-04-23 00:00:00.0
4539,2014-04-24 00:00:00.0
1681,2014-04-25 00:00:00.0
2184,2014-04-25 00:00:00.0
1172,2014-04-25 00:00:00.0
757,2014-04-25 00:00:00.0
2984,2014-04-25 00:00:00.0
6807,2014-04-25 00:00:00.0
3235,2014-04-25 00:00:00.0
2240,2014-04-25 00:00:00.0
11431,2014-04-26 00:00:00.0
2413,2014-04-26 00:00:00.0
4738,2014-04-27 00:00:00.0
2214,2014-04-27 00:00:00.0
9326,2014-04-27 00:00:00.0
10687,2014-04-27 00:00:00.0
6930,2014-04-27 00:00:00.0
10268,2014-04-27 00:00:00.0
2673,2014-04-28 00:00:00.0
4156,2014-04-28 00:00:00.0
2897,2014-04-28 00:00:00.0
641,2014-04-28 00:00:00.0
1817,2014-04-28 00:00:00.0
10702,2014-04-29 00:00:00.0
6036,2014-04-29 00:00:00.0
6331,2014-04-29 00:00:00.0
2789,2014-04-29 00:00:00.0
3434,2014-04-29 00:00:00.0
5232,2014-04-29 00:00:00.0
9043,2014-04-30 00:00:00.0
5752,2014-04-30 00:00:00.0
4194,2014-04-30 00:00:00.0
5092,2014-04-30 00:00:00.0
7256,2014-04-30 00:00:00.0
4808,2014-04-30 00:00:00.0
12168,2014-04-30 00:00:00.0
3347,2014-04-30 00:00:00.0
2326,2014-04-30 00:00:00.0
7890,2014-04-30 00:00:00.0
5984,2014-05-01 00:00:00.0
9158,2014-05-01 00:00:00.0
9936,2014-05-02 00:00:00.0
12299,2014-05-02 00:00:00.0
2422,2014-05-02 00:00:00.0
8319,2014-05-02 00:00:00.0
5971,2014-05-02 00:00:00.0
10742,2014-05-03 00:00:00.0
3028,2014-05-03 00:00:00.0
5848,2014-05-03 00:00:00.0
2826,2014-05-04 00:00:00.0
214,2014-05-04 00:00:00.0
2329,2014-05-04 00:00:00.0
6891,2014-05-04 00:00:00.0
2698,2014-05-04 00:00:00.0
9785,2014-05-04 00:00:00.0
7989,2014-05-04 00:00:00.0
9303,2014-05-05 00:00:00.0
4333,2014-05-05 00:00:00.0
7157,2014-05-05 00:00:00.0
10019,2014-05-05 00:00:00.0
12183,2014-05-05 00:00:00.0
7117,2014-05-05 00:00:00.0
9326,2014-05-05 00:00:00.0
4237,2014-05-05 00:00:00.0
4949,2014-05-06 00:00:00.0
511,2014-05-06 00:00:00.0
4039,2014-05-06 00:00:00.0
11309,2014-05-06 00:00:00.0
9256,2014-05-06 00:00:00.0
9404,2014-05-06 00:00:00.0
9073,2014-05-06 00:00:00.0
4210,2014-05-06 00:00:00.0
9190,2014-05-06 00:00:00.0
6480,2014-05-06 00:00:00.0
1237,2014-05-07 00:00:00.0
6390,2014-05-07 00:00:00.0
9086,2014-05-07 00:00:00.0
6898,2014-05-07 00:00:00.0
7521,2014-05-07 00:00:00.0
5259,2014-05-07 00:00:00.0
11852,2014-05-07 00:00:00.0
4694,2014-05-07 00:00:00.0
4559,2014-05-07 00:00:00.0
367,2014-05-07 00:00:00.0
2523,2014-05-07 00:00:00.0
5092,2014-05-08 00:00:00.0
3419,2014-05-09 00:00:00.0
9731,2014-05-09 00:00:00.0
11274,2014-05-09 00:00:00.0
5098,2014-05-09 00:00:00.0
8395,2014-05-09 00:00:00.0
8201,2014-05-10 00:00:00.0
8613,2014-05-10 00:00:00.0
937,2014-05-10 00:00:00.0
12182,2014-05-10 00:00:00.0
1349,2014-05-10 00:00:00.0
11068,2014-05-10 00:00:00.0
197,2014-05-11 00:00:00.0
9201,2014-05-11 00:00:00.0
8597,2014-05-11 00:00:00.0
5359,2014-05-12 00:00:00.0
3479,2014-05-12 00:00:00.0
4554,2014-05-12 00:00:00.0
2027,2014-05-12 00:00:00.0
3735,2014-05-12 00:00:00.0
6251,2014-05-13 00:00:00.0
10351,2014-05-13 00:00:00.0
5874,2014-05-13 00:00:00.0
8973,2014-05-13 00:00:00.0
708,2014-05-13 00:00:00.0
4265,2014-05-13 00:00:00.0
4058,2014-05-13 00:00:00.0
8303,2014-05-14 00:00:00.0
350,2014-05-14 00:00:00.0
7784,2014-05-14 00:00:00.0
11921,2014-05-14 00:00:00.0
8238,2014-05-14 00:00:00.0
1703,2014-05-14 00:00:00.0
270,2014-05-15 00:00:00.0
5534,2014-05-15 00:00:00.0
4681,2014-05-15 00:00:00.0
1387,2014-05-15 00:00:00.0
3104,2014-05-15 00:00:00.0
9989,2014-05-15 00:00:00.0
3802,2014-05-15 00:00:00.0
430,2014-05-16 00:00:00.0
9147,2014-05-16 00:00:00.0
8720,2014-05-16 00:00:00.0
11148,2014-05-16 00:00:00.0
8913,2014-05-16 00:00:00.0
8809,2014-05-16 00:00:00.0
5491,2014-05-17 00:00:00.0
4503,2014-05-17 00:00:00.0
4058,2014-05-17 00:00:00.0
6676,2014-05-17 00:00:00.0
2923,2014-05-17 00:00:00.0
7381,2014-05-18 00:00:00.0
8153,2014-05-18 00:00:00.0
4345,2014-05-18 00:00:00.0
8916,2014-05-18 00:00:00.0
3415,2014-05-18 00:00:00.0
11255,2014-05-18 00:00:00.0
3513,2014-05-19 00:00:00.0
251,2014-05-20 00:00:00.0
6540,2014-05-20 00:00:00.0
3845,2014-05-20 00:00:00.0
5881,2014-05-20 00:00:00.0
11082,2014-05-20 00:00:00.0
1582,2014-05-20 00:00:00.0
10668,2014-05-20 00:00:00.0
7145,2014-05-20 00:00:00.0
3325,2014-05-20 00:00:00.0
7995,2014-05-21 00:00:00.0
8585,2014-05-21 00:00:00.0
5957,2014-05-21 00:00:00.0
7235,2014-05-21 00:00:00.0
2231,2014-05-21 00:00:00.0
2106,2014-05-21 00:00:00.0
1012,2014-05-21 00:00:00.0
11786,2014-05-21 00:00:00.0
6862,2014-05-21 00:00:00.0
8397,2014-05-22 00:00:00.0
682,2014-05-22 00:00:00.0
4735,2014-05-23 00:00:00.0
11251,2014-05-23 00:00:00.0
2151,2014-05-23 00:00:00.0
3692,2014-05-23 00:00:00.0
4822,2014-05-24 00:00:00.0
9377,2014-05-24 00:00:00.0
898,2014-05-24 00:00:00.0
6144,2014-05-24 00:00:00.0
6935,2014-05-24 00:00:00.0
12103,2014-05-24 00:00:00.0
4041,2014-05-24 00:00:00.0
1578,2014-05-24 00:00:00.0
5198,2014-05-24 00:00:00.0
5331,2014-05-24 00:00:00.0
11744,2014-05-24 00:00:00.0
2752,2014-05-25 00:00:00.0
1271,2014-05-25 00:00:00.0
6862,2014-05-25 00:00:00.0
6370,2014-05-25 00:00:00.0
1204,2014-05-26 00:00:00.0
8604,2014-05-26 00:00:00.0
5715,2014-05-26 00:00:00.0
7389,2014-05-26 00:00:00.0
10173,2014-05-26 00:00:00.0
3988,2014-05-26 00:00:00.0
6806,2014-05-26 00:00:00.0
6950,2014-05-26 00:00:00.0
6934,2014-05-27 00:00:00.0
2087,2014-05-27 00:00:00.0
4052,2014-05-28 00:00:00.0
4597,2014-05-28 00:00:00.0
8323,2014-05-28 00:00:00.0
2636,2014-05-28 00:00:00.0
7460,2014-05-28 00:00:00.0
2360,2014-05-28 00:00:00.0
12241,2014-05-28 00:00:00.0
9432,2014-05-29 00:00:00.0
7262,2014-05-29 00:00:00.0
1817,2014-05-29 00:00:00.0
2377,2014-05-30 00:00:00.0
6810,2014-05-30 00:00:00.0
12241,2014-05-30 00:00:00.0
3308,2014-05-30 00:00:00.0
799,2014-05-31 00:00:00.0
9991,2014-05-31 00:00:00.0
8717,2014-05-31 00:00:00.0
4112,2014-05-31 00:00:00.0
98,2014-05-31 00:00:00.0
1873,2014-05-31 00:00:00.0
4198,2014-05-31 00:00:00.0
9225,2014-05-31 00:00:00.0
9446,2014-06-01 00:00:00.0
9284,2014-06-01 00:00:00.0
3518,2014-06-01 00:00:00.0
4081,2014-06-01 00:00:00.0
616,2014-06-01 00:00:00.0
1759,2014-06-01 00:00:00.0
9947,2014-06-01 00:00:00.0
6633,2014-06-02 00:00:00.0
8831,2014-06-02 00:00:00.0
647,2014-06-02 00:00:00.0
8517,2014-06-03 00:00:00.0
8486,2014-06-03 00:00:00.0
10504,2014-06-03 00:00:00.0
777,2014-06-03 00:00:00.0
4933,2014-06-03 00:00:00.0
7852,2014-06-04 00:00:00.0
963,2014-06-04 00:00:00.0
2144,2014-06-04 00:00:00.0
5661,2014-06-05 00:00:00.0
884,2014-06-05 00:00:00.0
8003,2014-06-05 00:00:00.0
12064,2014-06-05 00:00:00.0
10718,2014-06-05 00:00:00.0
6410,2014-06-05 00:00:00.0
7550,2014-06-05 00:00:00.0
7385,2014-06-06 00:00:00.0
5174,2014-06-06 00:00:00.0
5296,2014-06-06 00:00:00.0
12383,2014-06-06 00:00:00.0
3433,2014-06-06 00:00:00.0
6828,2014-06-06 00:00:00.0
10248,2014-06-06 00:00:00.0
8006,2014-06-06 00:00:00.0
8521,2014-06-06 00:00:00.0
6390,2014-06-07 00:00:00.0
2526,2014-06-07 00:00:00.0
6211,2014-06-07 00:00:00.0
9587,2014-06-07 00:00:00.0
5390,2014-06-07 00:00:00.0
11083,2014-06-07 00:00:00.0
11060,2014-06-08 00:00:00.0
7014,2014-06-08 00:00:00.0
7748,2014-06-08 00:00:00.0
1697,2014-06-08 00:00:00.0
8556,2014-06-08 00:00:00.0
5285,2014-06-08 00:00:00.0
1495,2014-06-08 00:00:00.0
5535,2014-06-08 00:00:00.0
6658,2014-06-08 00:00:00.0
3659,2014-06-08 00:00:00.0
12013,2014-06-08 00:00:00.0
4483,2014-06-08 00:00:00.0
3864,2014-06-09 00:00:00.0
9773,2014-06-09 00:00:00.0
5128,2014-06-09 00:00:00.0
1827,2014-06-09 00:00:00.0
6494,2014-06-09 00:00:00.0
11509,2014-06-09 00:00:00.0
12012,2014-06-09 00:00:00.0
8565,2014-06-09 00:00:00.0
4735,2014-06-09 00:00:00.0
3379,2014-06-10 00:00:00.0
3159,2014-06-10 00:00:00.0
12268,2014-06-10 00:00:00.0
11859,2014-06-10 00:00:00.0
5732,2014-06-10 00:00:00.0
1380,2014-06-10 00:00:00.0
5015,2014-06-11 00:00:00.0
8209,2014-06-11 00:00:00.0
5554,2014-06-12 00:00:00.0
8528,2014-06-12 00:00:00.0
2645,2014-06-12 00:00:00.0
11307,2014-06-12 00:00:00.0
2534,2014-06-12 00:00:00.0
6744,2014-06-13 00:00:00.0
2617,2014-06-13 00:00:00.0
3047,2014-06-13 00:00:00.0
7190,2014-06-13 00:00:00.0
10586,2014-06-13 00:00:00.0
10624,2014-06-13 00:00:00.0
4529,2014-06-13 00:00:00.0
11584,2014-06-14 00:00:00.0
5359,2014-06-14 00:00:00.0
1824,2014-06-14 00:00:00.0
10008,2014-06-15 00:00:00.0
11472,2014-06-15 00:00:00.0
8218,2014-06-15 00:00:00.0
7410,2014-06-16 00:00:00.0
8655,2014-06-16 00:00:00.0
9119,2014-06-16 00:00:00.0
3816,2014-06-16 00:00:00.0
6770,2014-06-16 00:00:00.0
2250,2014-06-17 00:00:00.0
7070,2014-06-17 00:00:00.0
3295,2014-06-18 00:00:00.0
2324,2014-06-18 00:00:00.0
6416,2014-06-18 00:00:00.0
9377,2014-06-19 00:00:00.0
10068,2014-06-19 00:00:00.0
7010,2014-06-19 00:00:00.0
10996,2014-06-19 00:00:00.0
1211,2014-06-19 00:00:00.0
3379,2014-06-19 00:00:00.0
1740,2014-06-19 00:00:00.0
1926,2014-06-19 00:00:00.0
2003,2014-06-19 00:00:00.0
8486,2014-06-20 00:00:00.0
197,2014-06-20 00:00:00.0
9342,2014-06-20 00:00:00.0
7068,2014-06-20 00:00:00.0
10928,2014-06-20 00:00:00.0
9287,2014-06-21 00:00:00.0
10598,2014-06-21 00:00:00.0
10263,2014-06-22 00:00:00.0
9737,2014-06-22 00:00:00.0
1492,2014-06-22 00:00:00.0
616,2014-06-22 00:00:00.0
1349,2014-06-22 00:00:00.0
6802,2014-06-23 00:00:00.0
8403,2014-06-23 00:00:00.0
10771,2014-06-23 00:00:00.0
12064,2014-06-23 00:00:00.0
1593,2014-06-24 00:00:00.0
8038,2014-06-24 00:00:00.0
11142,2014-06-24 00:00:00.0
5664,2014-06-25 00:00:00.0
6222,2014-06-25 00:00:00.0
11545,2014-06-25 00:00:00.0
9256,2014-06-25 00:00:00.0
1730,2014-06-25 00:00:00.0
7493,2014-06-25 00:00:00.0
8356,2014-06-25 00:00:00.0
8404,2014-06-25 00:00:00.0
7595,2014-06-25 00:00:00.0
6447,2014-06-25 00:00:00.0
2718,2014-06-26 00:00:00.0
645,2014-06-26 00:00:00.0
8249,2014-06-26 00:00:00.0
4874,2014-06-26 00:00:00.0
2231,2014-06-26 00:00:00.0
5572,2014-06-27 00:00:00.0
8687,2014-06-27 00:00:00.0
12226,2014-06-27 00:00:00.0
2611,2014-06-27 00:00:00.0
11069,2014-06-27 00:00:00.0
10544,2014-06-27 00:00:00.0
10136,2014-06-28 00:00:00.0
1515,2014-06-28 00:00:00.0
3297,2014-06-29 00:00:00.0
2241,2014-06-29 00:00:00.0
9103,2014-06-29 00:00:00.0
884,2014-06-29 00:00:00.0
3781,2014-06-29 00:00:00.0
8887,2014-06-30 00:00:00.0
7989,2014-06-30 00:00:00.0
6568,2014-06-30 00:00:00.0
3021,2014-07-01 00:00:00.0
2003,2014-07-01 00:00:00.0
10675,2014-07-01 00:00:00.0
8342,2014-07-01 00:00:00.0
1155,2014-07-01 00:00:00.0
9273,2014-07-02 00:00:00.0
271,2014-07-02 00:00:00.0
10979,2014-07-02 00:00:00.0
2278,2014-07-02 00:00:00.0
533,2014-07-02 00:00:00.0
6360,2014-07-02 00:00:00.0
8914,2014-07-03 00:00:00.0
6746,2014-07-03 00:00:00.0
3703,2014-07-03 00:00:00.0
668,2014-07-03 00:00:00.0
11337,2014-07-03 00:00:00.0
8056,2014-07-03 00:00:00.0
7365,2014-07-04 00:00:00.0
6934,2014-07-04 00:00:00.0
12253,2014-07-04 00:00:00.0
1381,2014-07-04 00:00:00.0
12318,2014-07-04 00:00:00.0
3104,2014-07-05 00:00:00.0
9921,2014-07-05 00:00:00.0
4911,2014-07-05 00:00:00.0
639,2014-07-05 00:00:00.0
2625,2014-07-05 00:00:00.0
11737,2014-07-05 00:00:00.0
3259,2014-07-05 00:00:00.0
2079,2014-07-06 00:00:00.0
4564,2014-07-06 00:00:00.0
1957,2014-07-06 00:00:00.0
8004,2014-07-06 00:00:00.0
4895,2014-07-06 00:00:00.0
1717,2014-07-07 00:00:00.0
32,2014-07-07 00:00:00.0
5308,2014-07-07 00:00:00.0
11671,2014-07-07 00:00:00.0
1875,2014-07-07 00:00:00.0
4822,2014-07-07 00:00:00.0
9774,2014-07-07 00:00:00.0
10965,2014-07-08 00:00:00.0
1203,2014-07-08 00:00:00.0
4458,2014-07-08 00:00:00.0
9697,2014-07-08 00:00:00.0
4952,2014-07-08 00:00:00.0
10814,2014-07-08 00:00:00.0
10339,2014-07-08 00:00:00.0
3104,2014-07-08 00:00:00.0
1674,2014-07-09 00:00:00.0
3119,2014-07-09 00:00:00.0
10169,2014-07-09 00:00:00.0
9262,2014-07-09 00:00:00.0
1379,2014-07-10 00:00:00.0
10504,2014-07-10 00:00:00.0
3780,2014-07-10 00:00:00.0
10492,2014-07-10 00:00:00.0
6987,2014-07-11 00:00:00.0
12035,2014-07-11 00:00:00.0
765,2014-07-11 00:00:00.0
10497,2014-07-12 00:00:00.0
5985,2014-07-12 00:00:00.0
4467,2014-07-12 00:00:00.0
6636,2014-07-12 00:00:00.0
11705,2014-07-13 00:00:00.0
5576,2014-07-13 00:00:00.0
2177,2014-07-13 00:00:00.0
5720,2014-07-13 00:00:00.0
6428,2014-07-13 00:00:00.0
6836,2014-07-13 00:00:00.0
1468,2014-07-13 00:00:00.0
7385,2014-07-14 00:00:00.0
9685,2014-07-14 00:00:00.0
9678,2014-07-14 00:00:00.0
4657,2014-07-14 00:00:00.0
6003,2014-07-15 00:00:00.0
5155,2014-07-15 00:00:00.0
4520,2014-07-15 00:00:00.0
8883,2014-07-15 00:00:00.0
5534,2014-07-15 00:00:00.0
11677,2014-07-15 00:00:00.0
2404,2014-07-15 00:00:00.0
7177,2014-07-16 00:00:00.0
7389,2014-07-17 00:00:00.0
9340,2014-07-17 00:00:00.0
1111,2014-07-17 00:00:00.0
4572,2014-07-17 00:00:00.0
364,2014-07-17 00:00:00.0
2494,2014-07-17 00:00:00.0
1062,2014-07-17 00:00:00.0
9043,2014-07-18 00:00:00.0
5690,2014-07-18 00:00:00.0
8004,2014-07-18 00:00:00.0
2753,2014-07-18 00:00:00.0
7285,2014-07-18 00:00:00.0
9400,2014-07-18 00:00:00.0
7078,2014-07-18 00:00:00.0
9187,2014-07-18 00:00:00.0
3634,2014-07-18 00:00:00.0
10400,2014-07-18 00:00:00.0
1787,2014-07-18 00:00:00.0
9073,2014-07-18 00:00:00.0
4623,2014-07-19 00:00:00.0
11405,2014-07-19 00:00:00.0
5742,2014-07-19 00:00:00.0
7702,2014-07-19 00:00:00.0
755,2014-07-19 00:00:00.0
347,2014-07-19 00:00:00.0
4608,2014-07-19 00:00:00.0
2144,2014-07-20 00:00:00.0
7920,2014-07-20 00:00:00.0
1078,2014-07-20 00:00:00.0
11120,2014-07-20 00:00:00.0
4575,2014-07-20 00:00:00.0
10642,2014-07-20 00:00:00.0
4956,2014-07-20 00:00:00.0
502,2014-07-20 00:00:00.0
11417,2014-07-20 00:00:00.0
2991,2014-07-20 00:00:00.0
3028,2014-07-20 00:00:00.0
947,2014-07-20 00:00:00.0
77,2014-07-21 00:00:00.0
5590,2014-07-21 00:00:00.0
98,2014-07-21 00:00:00.0
1701,2014-07-21 00:00:00.0
4177,2014-07-21 00:00:00.0
3990,2014-07-21 00:00:00.0
2216,2014-07-21 00:00:00.0
215,2014-07-21 00:00:00.0
8390,2014-07-21 00:00:00.0
925,2014-07-21 00:00:00.0
5591,2014-07-22 00:00:00.0
2703,2014-07-23 00:00:00.0
7865,2014-07-23 00:00:00.0
9987,2014-07-23 00:00:00.0
12131,2014-07-23 00:00:00.0
138,2014-07-24 00:00:00.0
11274,2014-07-24 00:00:00.0
8491,2014-07-24 00:00:00.0
1211,2014-07-24 00:00:00.0
8819,2014-07-24 00:00:00.0
11258,2014-07-24 00:00:00.0
10268,2014-07-24 00:00:00.0
10448,2014-07-24 00:00:00.0
10587,2014-07-24 00:00:00.0
1143,2013-07-25 00:00:00.0
4359,2013-07-26 00:00:00.0
8403,2013-07-30 00:00:00.0
10177,2013-08-01 00:00:00.0
3565,2013-08-02 00:00:00.0
2828,2013-08-03 00:00:00.0
4191,2013-08-03 00:00:00.0
2554,2013-08-03 00:00:00.0
11404,2013-08-03 00:00:00.0
7254,2013-08-03 00:00:00.0
3236,2013-08-04 00:00:00.0
884,2013-08-04 00:00:00.0
10554,2013-08-07 00:00:00.0
12239,2013-08-08 00:00:00.0
518,2013-08-08 00:00:00.0
7103,2013-08-10 00:00:00.0
5808,2013-08-10 00:00:00.0
11060,2013-08-10 00:00:00.0
6770,2013-08-10 00:00:00.0
7850,2013-08-12 00:00:00.0
9332,2013-08-12 00:00:00.0
1489,2013-08-13 00:00:00.0
3945,2013-08-18 00:00:00.0
3990,2013-08-18 00:00:00.0
789,2013-08-19 00:00:00.0
9454,2013-08-19 00:00:00.0
4561,2013-08-19 00:00:00.0
6694,2013-08-20 00:00:00.0
10448,2013-08-25 00:00:00.0
8097,2013-08-25 00:00:00.0
12226,2013-08-25 00:00:00.0
11609,2013-08-26 00:00:00.0
3690,2013-08-26 00:00:00.0
2311,2013-08-26 00:00:00.0
1933,2013-08-27 00:00:00.0
7940,2013-08-28 00:00:00.0
8209,2013-08-31 00:00:00.0
11043,2013-09-01 00:00:00.0
2212,2013-09-01 00:00:00.0
9472,2013-09-01 00:00:00.0
10558,2013-09-01 00:00:00.0
5138,2013-09-02 00:00:00.0
5021,2013-09-02 00:00:00.0
3656,2013-09-06 00:00:00.0
3065,2013-09-08 00:00:00.0
10312,2013-09-08 00:00:00.0
12065,2013-09-10 00:00:00.0
6331,2013-09-11 00:00:00.0
3829,2013-09-11 00:00:00.0
6130,2013-09-12 00:00:00.0
550,2013-09-12 00:00:00.0
11222,2013-09-12 00:00:00.0
4813,2013-09-12 00:00:00.0
10521,2013-09-13 00:00:00.0
8336,2013-09-13 00:00:00.0
7652,2013-09-14 00:00:00.0
3593,2013-09-15 00:00:00.0
11307,2013-09-16 00:00:00.0
11962,2013-09-16 00:00:00.0
2296,2013-09-16 00:00:00.0
9359,2013-09-18 00:00:00.0
242,2013-09-18 00:00:00.0
4265,2013-09-19 00:00:00.0
1790,2013-09-21 00:00:00.0
8167,2013-09-22 00:00:00.0
4188,2013-09-23 00:00:00.0
3250,2013-09-24 00:00:00.0
5138,2013-09-25 00:00:00.0
4855,2013-09-25 00:00:00.0
5725,2013-09-25 00:00:00.0
3011,2013-09-26 00:00:00.0
1582,2013-09-26 00:00:00.0
10344,2013-09-27 00:00:00.0
3999,2013-09-28 00:00:00.0
5225,2013-09-29 00:00:00.0
1816,2013-09-30 00:00:00.0
6624,2013-09-30 00:00:00.0
12195,2013-09-30 00:00:00.0
8964,2013-10-01 00:00:00.0
2233,2013-10-02 00:00:00.0
7024,2013-10-02 00:00:00.0
7551,2013-10-03 00:00:00.0
12390,2013-10-03 00:00:00.0
2362,2013-10-04 00:00:00.0
3455,2013-10-04 00:00:00.0
11627,2013-10-06 00:00:00.0
11066,2013-10-06 00:00:00.0
9041,2013-10-10 00:00:00.0
2149,2013-10-11 00:00:00.0
2445,2013-10-12 00:00:00.0
9292,2013-10-12 00:00:00.0
10121,2013-10-13 00:00:00.0
9932,2013-10-14 00:00:00.0
3761,2013-10-14 00:00:00.0
9365,2013-10-18 00:00:00.0
6329,2013-10-18 00:00:00.0
6785,2013-10-18 00:00:00.0
662,2013-10-20 00:00:00.0
6544,2013-10-23 00:00:00.0
9267,2013-10-23 00:00:00.0
9833,2013-10-24 00:00:00.0
6622,2013-10-25 00:00:00.0
9204,2013-10-25 00:00:00.0
8246,2013-10-26 00:00:00.0
10157,2013-10-28 00:00:00.0
1957,2013-10-30 00:00:00.0
5254,2013-11-01 00:00:00.0
1381,2013-11-02 00:00:00.0
11765,2013-11-02 00:00:00.0
1836,2013-11-03 00:00:00.0
11251,2013-11-03 00:00:00.0
5845,2013-11-04 00:00:00.0
11289,2013-11-05 00:00:00.0
5182,2013-11-08 00:00:00.0
878,2013-11-09 00:00:00.0
10481,2013-11-10 00:00:00.0
7739,2013-11-10 00:00:00.0
213,2013-11-10 00:00:00.0
4470,2013-11-17 00:00:00.0
11710,2013-11-18 00:00:00.0
8033,2013-11-19 00:00:00.0
1926,2013-11-19 00:00:00.0
7050,2013-11-21 00:00:00.0
9096,2013-11-21 00:00:00.0
7024,2013-11-21 00:00:00.0
9970,2013-11-21 00:00:00.0
286,2013-11-21 00:00:00.0
12372,2013-11-22 00:00:00.0
8037,2013-11-22 00:00:00.0
11141,2013-11-24 00:00:00.0
9825,2013-11-25 00:00:00.0
8171,2013-11-25 00:00:00.0
522,2013-11-27 00:00:00.0
5719,2013-11-27 00:00:00.0
1136,2013-11-28 00:00:00.0
2115,2013-11-29 00:00:00.0
8807,2013-12-03 00:00:00.0
3188,2013-12-06 00:00:00.0
647,2013-12-07 00:00:00.0
5815,2013-12-08 00:00:00.0
1875,2013-12-08 00:00:00.0
8167,2013-12-12 00:00:00.0
4238,2013-12-12 00:00:00.0
2078,2013-12-13 00:00:00.0
3464,2013-12-13 00:00:00.0
9188,2013-12-13 00:00:00.0
8870,2013-12-14 00:00:00.0
3434,2013-12-14 00:00:00.0
2432,2013-12-18 00:00:00.0
126,2013-12-18 00:00:00.0
2493,2013-12-20 00:00:00.0
1946,2013-12-21 00:00:00.0
744,2013-12-22 00:00:00.0
8800,2013-12-24 00:00:00.0
347,2013-12-25 00:00:00.0
6144,2013-12-25 00:00:00.0
7830,2013-12-26 00:00:00.0
4754,2013-12-27 00:00:00.0
3689,2013-12-27 00:00:00.0
8609,2013-12-29 00:00:00.0
10062,2013-12-31 00:00:00.0
11702,2014-01-04 00:00:00.0
8940,2014-01-04 00:00:00.0
11634,2014-01-04 00:00:00.0
5849,2014-01-08 00:00:00.0
6050,2014-01-08 00:00:00.0
2550,2014-01-08 00:00:00.0
11682,2014-01-10 00:00:00.0
331,2014-01-10 00:00:00.0
12169,2014-01-16 00:00:00.0
4190,2014-01-16 00:00:00.0
3262,2014-01-16 00:00:00.0
4444,2014-01-16 00:00:00.0
6740,2014-01-17 00:00:00.0
11692,2014-01-19 00:00:00.0
9534,2014-01-20 00:00:00.0
9860,2014-01-21 00:00:00.0
4146,2014-01-21 00:00:00.0
775,2014-01-21 00:00:00.0
12276,2014-01-22 00:00:00.0
5898,2014-01-23 00:00:00.0
11292,2014-01-23 00:00:00.0
4708,2014-01-24 00:00:00.0
12112,2014-01-24 00:00:00.0
1571,2014-01-25 00:00:00.0
6092,2014-01-27 00:00:00.0
8312,2014-01-27 00:00:00.0
3744,2014-01-27 00:00:00.0
1545,2014-01-28 00:00:00.0
8156,2014-01-28 00:00:00.0
3852,2014-01-29 00:00:00.0
7271,2014-01-29 00:00:00.0
8192,2014-01-31 00:00:00.0
2856,2014-02-01 00:00:00.0
2256,2014-02-01 00:00:00.0
1406,2014-02-01 00:00:00.0
872,2014-02-01 00:00:00.0
2296,2014-02-01 00:00:00.0
3064,2014-02-02 00:00:00.0
4470,2014-02-05 00:00:00.0
5720,2014-02-06 00:00:00.0
10700,2014-02-06 00:00:00.0
1673,2014-02-08 00:00:00.0
11692,2014-02-08 00:00:00.0
4969,2014-02-08 00:00:00.0
9999,2014-02-09 00:00:00.0
4484,2014-02-09 00:00:00.0
10351,2014-02-09 00:00:00.0
10284,2014-02-09 00:00:00.0
2834,2014-02-10 00:00:00.0
8766,2014-02-10 00:00:00.0
6086,2014-02-10 00:00:00.0
2436,2014-02-11 00:00:00.0
9273,2014-02-12 00:00:00.0
1635,2014-02-13 00:00:00.0
7068,2014-02-13 00:00:00.0
7835,2014-02-13 00:00:00.0
7171,2014-02-15 00:00:00.0
10136,2014-02-15 00:00:00.0
1620,2014-02-15 00:00:00.0
12221,2014-02-17 00:00:00.0
10928,2014-02-19 00:00:00.0
1008,2014-02-21 00:00:00.0
177,2014-02-22 00:00:00.0
5238,2014-02-23 00:00:00.0
12383,2014-02-23 00:00:00.0
631,2014-02-24 00:00:00.0
8297,2014-02-27 00:00:00.0
327,2014-02-27 00:00:00.0
295,2014-03-02 00:00:00.0
11930,2014-03-02 00:00:00.0
9911,2014-03-03 00:00:00.0
10432,2014-03-04 00:00:00.0
4317,2014-03-04 00:00:00.0
8967,2014-03-05 00:00:00.0
4559,2014-03-07 00:00:00.0
10532,2014-03-07 00:00:00.0
3323,2014-03-07 00:00:00.0
295,2014-03-08 00:00:00.0
810,2014-03-11 00:00:00.0
4302,2014-03-13 00:00:00.0
1844,2014-03-13 00:00:00.0
8920,2014-03-14 00:00:00.0
1043,2014-03-14 00:00:00.0
10205,2014-03-17 00:00:00.0
668,2014-03-18 00:00:00.0
1549,2014-03-18 00:00:00.0
8312,2014-03-21 00:00:00.0
5198,2014-03-23 00:00:00.0
1070,2014-03-25 00:00:00.0
4726,2014-03-26 00:00:00.0
5881,2014-03-27 00:00:00.0
6604,2014-03-28 00:00:00.0
8527,2014-03-28 00:00:00.0
5661,2014-04-05 00:00:00.0
9432,2014-04-05 00:00:00.0
7265,2014-04-06 00:00:00.0
100,2014-04-06 00:00:00.0
950,2014-04-07 00:00:00.0
5667,2014-04-07 00:00:00.0
5715,2014-04-07 00:00:00.0
8515,2014-04-08 00:00:00.0
4716,2014-04-09 00:00:00.0
3085,2014-04-09 00:00:00.0
2501,2014-04-10 00:00:00.0
9086,2014-04-10 00:00:00.0
373,2014-04-10 00:00:00.0
2660,2014-04-11 00:00:00.0
3623,2014-04-12 00:00:00.0
4329,2014-04-13 00:00:00.0
11138,2014-04-14 00:00:00.0
12169,2014-04-15 00:00:00.0
10532,2014-04-15 00:00:00.0
10642,2014-04-15 00:00:00.0
1576,2014-04-15 00:00:00.0
4412,2014-04-16 00:00:00.0
12016,2014-04-16 00:00:00.0
6922,2014-04-16 00:00:00.0
7097,2014-04-17 00:00:00.0
1104,2014-04-17 00:00:00.0
1562,2014-04-19 00:00:00.0
10695,2014-04-20 00:00:00.0
10058,2014-04-21 00:00:00.0
7838,2014-04-21 00:00:00.0
12328,2014-04-21 00:00:00.0
9864,2014-04-21 00:00:00.0
8802,2014-04-21 00:00:00.0
1460,2014-04-22 00:00:00.0
9606,2014-04-23 00:00:00.0
9432,2014-04-24 00:00:00.0
1910,2014-04-25 00:00:00.0
3701,2014-04-26 00:00:00.0
9731,2014-04-26 00:00:00.0
4608,2014-04-27 00:00:00.0
10517,2014-04-29 00:00:00.0
7762,2014-05-02 00:00:00.0
4425,2014-05-02 00:00:00.0
11730,2014-05-03 00:00:00.0
8622,2014-05-03 00:00:00.0
1724,2014-05-03 00:00:00.0
5782,2014-05-04 00:00:00.0
12239,2014-05-05 00:00:00.0
645,2014-05-06 00:00:00.0
6506,2014-05-09 00:00:00.0
10715,2014-05-09 00:00:00.0
11219,2014-05-09 00:00:00.0
8556,2014-05-10 00:00:00.0
11832,2014-05-10 00:00:00.0
11625,2014-05-10 00:00:00.0
10051,2014-05-10 00:00:00.0
3760,2014-05-10 00:00:00.0
1310,2014-05-11 00:00:00.0
11713,2014-05-12 00:00:00.0
6034,2014-05-12 00:00:00.0
10777,2014-05-13 00:00:00.0
1225,2014-05-13 00:00:00.0
1895,2014-05-15 00:00:00.0
4682,2014-05-15 00:00:00.0
4700,2014-05-15 00:00:00.0
3940,2014-05-16 00:00:00.0
3731,2014-05-16 00:00:00.0
2291,2014-05-16 00:00:00.0
8981,2014-05-16 00:00:00.0
6676,2014-05-17 00:00:00.0
4828,2014-05-17 00:00:00.0
3443,2014-05-21 00:00:00.0
1344,2014-05-22 00:00:00.0
9737,2014-05-22 00:00:00.0
1920,2014-05-24 00:00:00.0
920,2014-05-25 00:00:00.0
3115,2014-05-25 00:00:00.0
10136,2014-05-29 00:00:00.0
5909,2014-05-31 00:00:00.0
10224,2014-06-01 00:00:00.0
5068,2014-06-06 00:00:00.0
3000,2014-06-07 00:00:00.0
2762,2014-06-08 00:00:00.0
8976,2014-06-09 00:00:00.0
11805,2014-06-09 00:00:00.0
10105,2014-06-10 00:00:00.0
2250,2014-06-11 00:00:00.0
2940,2014-06-11 00:00:00.0
8153,2014-06-12 00:00:00.0
6924,2014-06-12 00:00:00.0
6079,2014-06-12 00:00:00.0
6726,2014-06-14 00:00:00.0
7374,2014-06-14 00:00:00.0
6538,2014-06-14 00:00:00.0
530,2014-06-16 00:00:00.0
2697,2014-06-18 00:00:00.0
8887,2014-06-19 00:00:00.0
2642,2014-06-21 00:00:00.0
1039,2014-06-23 00:00:00.0
7890,2014-06-23 00:00:00.0
3777,2014-06-23 00:00:00.0
6806,2014-06-23 00:00:00.0
1946,2014-06-24 00:00:00.0
11219,2014-06-25 00:00:00.0
4301,2014-06-25 00:00:00.0
9901,2014-06-26 00:00:00.0
6010,2014-06-27 00:00:00.0
11921,2014-06-28 00:00:00.0
5180,2014-07-02 00:00:00.0
10906,2014-07-03 00:00:00.0
969,2014-07-04 00:00:00.0
5326,2014-07-05 00:00:00.0
6981,2014-07-06 00:00:00.0
191,2014-07-06 00:00:00.0
5590,2014-07-06 00:00:00.0
1379,2014-07-06 00:00:00.0
10059,2014-07-06 00:00:00.0
10129,2014-07-07 00:00:00.0
10453,2014-07-07 00:00:00.0
8611,2014-07-09 00:00:00.0
5524,2014-07-10 00:00:00.0
7177,2014-07-11 00:00:00.0
2636,2014-07-11 00:00:00.0
5584,2014-07-13 00:00:00.0
10973,2014-07-13 00:00:00.0
8390,2014-07-14 00:00:00.0
12094,2014-07-15 00:00:00.0
8295,2014-07-16 00:00:00.0
11979,2014-07-17 00:00:00.0
4746,2014-07-19 00:00:00.0
11589,2014-07-20 00:00:00.0
9546,2014-07-22 00:00:00.0
9741,2014-07-23 00:00:00.0
7630,2014-07-23 00:00:00.0
10707,2014-07-24 00:00:00.0
4278,2013-07-29 00:00:00.0
11558,2013-08-02 00:00:00.0
6874,2013-08-13 00:00:00.0
7050,2013-08-22 00:00:00.0
1464,2013-08-23 00:00:00.0
8125,2013-09-05 00:00:00.0
9720,2013-09-10 00:00:00.0
10344,2013-09-18 00:00:00.0
7084,2013-10-02 00:00:00.0
4270,2013-10-06 00:00:00.0
7262,2013-10-09 00:00:00.0
4682,2013-10-12 00:00:00.0
384,2013-10-19 00:00:00.0
4464,2013-11-03 00:00:00.0
2151,2013-11-03 00:00:00.0
2974,2013-11-11 00:00:00.0
820,2013-11-22 00:00:00.0
7789,2013-11-27 00:00:00.0
8339,2013-12-03 00:00:00.0
8898,2013-12-12 00:00:00.0
5596,2013-12-14 00:00:00.0
10722,2013-12-21 00:00:00.0
3584,2013-12-21 00:00:00.0
8682,2013-12-25 00:00:00.0
2602,2014-01-01 00:00:00.0
4992,2014-01-05 00:00:00.0
1199,2014-01-11 00:00:00.0
5504,2014-01-14 00:00:00.0
70,2014-01-24 00:00:00.0
5540,2014-02-01 00:00:00.0
4634,2014-02-26 00:00:00.0
12075,2014-02-28 00:00:00.0
2736,2014-03-03 00:00:00.0
12322,2014-03-04 00:00:00.0
5021,2014-03-21 00:00:00.0
494,2014-04-09 00:00:00.0
5736,2014-04-15 00:00:00.0
11391,2014-04-17 00:00:00.0
3324,2014-04-20 00:00:00.0
12064,2014-05-12 00:00:00.0
260,2014-05-21 00:00:00.0
4715,2014-06-17 00:00:00.0
1837,2014-06-20 00:00:00.0
11615,2014-06-21 00:00:00.0
2448,2014-06-23 00:00:00.0
10412,2014-06-27 00:00:00.0
4736,2014-07-10 00:00:00.0
3430,2014-07-17 00:00:00.0
3372,2014-07-18 00:00:00.0
11408,2014-03-23 00:00:00.0
4229,2014-06-12 00:00:00.0
