69,2013-07-25T00:00:00.000+05:30,2821,SUSPECTED_FRAUD
117,2013-07-26T00:00:00.000+05:30,58,SUSPECTED_FRAUD
246,2013-07-26T00:00:00.000+05:30,9616,SUSPECTED_FRAUD
320,2013-07-26T00:00:00.000+05:30,10698,SUSPECTED_FRAUD
329,2013-07-26T00:00:00.000+05:30,1944,SUSPECTED_FRAUD
411,2013-07-27T00:00:00.000+05:30,11164,SUSPECTED_FRAUD
423,2013-07-27T00:00:00.000+05:30,9632,SUSPECTED_FRAUD
453,2013-07-27T00:00:00.000+05:30,381,SUSPECTED_FRAUD
548,2013-07-28T00:00:00.000+05:30,6889,SUSPECTED_FRAUD
580,2013-07-28T00:00:00.000+05:30,8677,SUSPECTED_FRAUD
587,2013-07-28T00:00:00.000+05:30,6008,SUSPECTED_FRAUD
818,2013-07-29T00:00:00.000+05:30,8459,SUSPECTED_FRAUD
830,2013-07-29T00:00:00.000+05:30,9103,SUSPECTED_FRAUD
909,2013-07-30T00:00:00.000+05:30,8670,SUSPECTED_FRAUD
932,2013-07-30T00:00:00.000+05:30,7231,SUSPECTED_FRAUD
940,2013-07-30T00:00:00.000+05:30,5098,SUSPECTED_FRAUD
963,2013-07-30T00:00:00.000+05:30,10558,SUSPECTED_FRAUD
982,2013-07-30T00:00:00.000+05:30,2873,SUSPECTED_FRAUD
993,2013-07-30T00:00:00.000+05:30,5122,SUSPECTED_FRAUD
1002,2013-07-30T00:00:00.000+05:30,5170,SUSPECTED_FRAUD
1063,2013-07-30T00:00:00.000+05:30,4868,SUSPECTED_FRAUD
1069,2013-07-30T00:00:00.000+05:30,4683,SUSPECTED_FRAUD
1074,2013-07-30T00:00:00.000+05:30,3900,SUSPECTED_FRAUD
1083,2013-07-31T00:00:00.000+05:30,3957,SUSPECTED_FRAUD
1100,2013-07-31T00:00:00.000+05:30,2850,SUSPECTED_FRAUD
1117,2013-07-31T00:00:00.000+05:30,11352,SUSPECTED_FRAUD
1144,2013-07-31T00:00:00.000+05:30,61,SUSPECTED_FRAUD
1201,2013-07-31T00:00:00.000+05:30,6343,SUSPECTED_FRAUD
1207,2013-07-31T00:00:00.000+05:30,54,SUSPECTED_FRAUD
1336,2013-08-01T00:00:00.000+05:30,5627,SUSPECTED_FRAUD
1398,2013-08-01T00:00:00.000+05:30,1523,SUSPECTED_FRAUD
1412,2013-08-01T00:00:00.000+05:30,3656,SUSPECTED_FRAUD
1415,2013-08-01T00:00:00.000+05:30,109,SUSPECTED_FRAUD
1492,2013-08-01T00:00:00.000+05:30,6847,SUSPECTED_FRAUD
1495,2013-08-01T00:00:00.000+05:30,847,SUSPECTED_FRAUD
1509,2013-08-01T00:00:00.000+05:30,11060,SUSPECTED_FRAUD
1538,2013-08-02T00:00:00.000+05:30,4172,SUSPECTED_FRAUD
1558,2013-08-02T00:00:00.000+05:30,5661,SUSPECTED_FRAUD
1597,2013-08-02T00:00:00.000+05:30,11967,SUSPECTED_FRAUD
1635,2013-08-02T00:00:00.000+05:30,6602,SUSPECTED_FRAUD
1638,2013-08-02T00:00:00.000+05:30,10880,SUSPECTED_FRAUD
1639,2013-08-02T00:00:00.000+05:30,6571,SUSPECTED_FRAUD
1646,2013-08-02T00:00:00.000+05:30,6362,SUSPECTED_FRAUD
1685,2013-08-02T00:00:00.000+05:30,6357,SUSPECTED_FRAUD
1747,2013-08-03T00:00:00.000+05:30,9464,SUSPECTED_FRAUD
1756,2013-08-03T00:00:00.000+05:30,6875,SUSPECTED_FRAUD
1762,2013-08-03T00:00:00.000+05:30,2727,SUSPECTED_FRAUD
1916,2013-08-04T00:00:00.000+05:30,6599,SUSPECTED_FRAUD
1991,2013-08-04T00:00:00.000+05:30,242,SUSPECTED_FRAUD
2052,2013-08-05T00:00:00.000+05:30,2794,SUSPECTED_FRAUD
2060,2013-08-05T00:00:00.000+05:30,6448,SUSPECTED_FRAUD
2321,2013-08-06T00:00:00.000+05:30,11029,SUSPECTED_FRAUD
2325,2013-08-06T00:00:00.000+05:30,2071,SUSPECTED_FRAUD
2332,2013-08-06T00:00:00.000+05:30,9145,SUSPECTED_FRAUD
2416,2013-08-07T00:00:00.000+05:30,11450,SUSPECTED_FRAUD
2423,2013-08-07T00:00:00.000+05:30,3638,SUSPECTED_FRAUD
2502,2013-08-07T00:00:00.000+05:30,5674,SUSPECTED_FRAUD
2520,2013-08-07T00:00:00.000+05:30,12276,SUSPECTED_FRAUD
2528,2013-08-07T00:00:00.000+05:30,2225,SUSPECTED_FRAUD
2535,2013-08-07T00:00:00.000+05:30,6839,SUSPECTED_FRAUD
2541,2013-08-07T00:00:00.000+05:30,3864,SUSPECTED_FRAUD
2550,2013-08-07T00:00:00.000+05:30,10312,SUSPECTED_FRAUD
2628,2013-08-08T00:00:00.000+05:30,1828,SUSPECTED_FRAUD
2680,2013-08-08T00:00:00.000+05:30,8781,SUSPECTED_FRAUD
2721,2013-08-09T00:00:00.000+05:30,5655,SUSPECTED_FRAUD
2740,2013-08-09T00:00:00.000+05:30,7200,SUSPECTED_FRAUD
2823,2013-08-10T00:00:00.000+05:30,11676,SUSPECTED_FRAUD
2828,2013-08-10T00:00:00.000+05:30,4952,SUSPECTED_FRAUD
2911,2013-08-10T00:00:00.000+05:30,2817,SUSPECTED_FRAUD
2945,2013-08-10T00:00:00.000+05:30,4861,SUSPECTED_FRAUD
2974,2013-08-10T00:00:00.000+05:30,9909,SUSPECTED_FRAUD
2984,2013-08-10T00:00:00.000+05:30,7219,SUSPECTED_FRAUD
2985,2013-08-10T00:00:00.000+05:30,11451,SUSPECTED_FRAUD
2990,2013-08-10T00:00:00.000+05:30,10382,SUSPECTED_FRAUD
3028,2013-08-11T00:00:00.000+05:30,8689,SUSPECTED_FRAUD
3116,2013-08-11T00:00:00.000+05:30,2786,SUSPECTED_FRAUD
3159,2013-08-12T00:00:00.000+05:30,6536,SUSPECTED_FRAUD
3201,2013-08-12T00:00:00.000+05:30,1374,SUSPECTED_FRAUD
3250,2013-08-12T00:00:00.000+05:30,9027,SUSPECTED_FRAUD
3268,2013-08-12T00:00:00.000+05:30,11299,SUSPECTED_FRAUD
3297,2013-08-12T00:00:00.000+05:30,7031,SUSPECTED_FRAUD
3304,2013-08-12T00:00:00.000+05:30,613,SUSPECTED_FRAUD
3342,2013-08-12T00:00:00.000+05:30,6412,SUSPECTED_FRAUD
3364,2013-08-12T00:00:00.000+05:30,10711,SUSPECTED_FRAUD
3491,2013-08-14T00:00:00.000+05:30,9543,SUSPECTED_FRAUD
3586,2013-08-15T00:00:00.000+05:30,2256,SUSPECTED_FRAUD
3625,2013-08-15T00:00:00.000+05:30,2813,SUSPECTED_FRAUD
3645,2013-08-15T00:00:00.000+05:30,2914,SUSPECTED_FRAUD
3753,2013-08-15T00:00:00.000+05:30,2888,SUSPECTED_FRAUD
3757,2013-08-15T00:00:00.000+05:30,4736,SUSPECTED_FRAUD
3925,2013-08-17T00:00:00.000+05:30,7200,SUSPECTED_FRAUD
3954,2013-08-17T00:00:00.000+05:30,10543,SUSPECTED_FRAUD
3968,2013-08-17T00:00:00.000+05:30,5933,SUSPECTED_FRAUD
4000,2013-08-17T00:00:00.000+05:30,6809,SUSPECTED_FRAUD
4006,2013-08-17T00:00:00.000+05:30,12338,SUSPECTED_FRAUD
4067,2013-08-17T00:00:00.000+05:30,11697,SUSPECTED_FRAUD
4071,2013-08-17T00:00:00.000+05:30,11245,SUSPECTED_FRAUD
4159,2013-08-18T00:00:00.000+05:30,2777,SUSPECTED_FRAUD
4167,2013-08-18T00:00:00.000+05:30,6617,SUSPECTED_FRAUD
4250,2013-08-19T00:00:00.000+05:30,749,SUSPECTED_FRAUD
4253,2013-08-19T00:00:00.000+05:30,11644,SUSPECTED_FRAUD
4255,2013-08-19T00:00:00.000+05:30,6370,SUSPECTED_FRAUD
4292,2013-08-19T00:00:00.000+05:30,797,SUSPECTED_FRAUD
4304,2013-08-19T00:00:00.000+05:30,10770,SUSPECTED_FRAUD
4497,2013-08-21T00:00:00.000+05:30,3849,SUSPECTED_FRAUD
4558,2013-08-22T00:00:00.000+05:30,10116,SUSPECTED_FRAUD
4610,2013-08-22T00:00:00.000+05:30,7185,SUSPECTED_FRAUD
4654,2013-08-22T00:00:00.000+05:30,5832,SUSPECTED_FRAUD
4744,2013-08-23T00:00:00.000+05:30,9414,SUSPECTED_FRAUD
4868,2013-08-23T00:00:00.000+05:30,11309,SUSPECTED_FRAUD
4998,2013-08-24T00:00:00.000+05:30,8335,SUSPECTED_FRAUD
5110,2013-08-25T00:00:00.000+05:30,2355,SUSPECTED_FRAUD
5126,2013-08-25T00:00:00.000+05:30,2833,SUSPECTED_FRAUD
5135,2013-08-25T00:00:00.000+05:30,10791,SUSPECTED_FRAUD
5155,2013-08-25T00:00:00.000+05:30,11479,SUSPECTED_FRAUD
5160,2013-08-25T00:00:00.000+05:30,3420,SUSPECTED_FRAUD
5174,2013-08-25T00:00:00.000+05:30,4729,SUSPECTED_FRAUD
5185,2013-08-25T00:00:00.000+05:30,11343,SUSPECTED_FRAUD
5189,2013-08-25T00:00:00.000+05:30,1524,SUSPECTED_FRAUD
5193,2013-08-25T00:00:00.000+05:30,9496,SUSPECTED_FRAUD
5197,2013-08-25T00:00:00.000+05:30,10850,SUSPECTED_FRAUD
5205,2013-08-25T00:00:00.000+05:30,11781,SUSPECTED_FRAUD
5255,2013-08-25T00:00:00.000+05:30,5993,SUSPECTED_FRAUD
5323,2013-08-26T00:00:00.000+05:30,9241,SUSPECTED_FRAUD
5325,2013-08-26T00:00:00.000+05:30,5852,SUSPECTED_FRAUD
5519,2013-08-27T00:00:00.000+05:30,10154,SUSPECTED_FRAUD
5525,2013-08-27T00:00:00.000+05:30,9875,SUSPECTED_FRAUD
5579,2013-08-28T00:00:00.000+05:30,7196,SUSPECTED_FRAUD
5663,2013-08-29T00:00:00.000+05:30,9011,SUSPECTED_FRAUD
5673,2013-08-29T00:00:00.000+05:30,643,SUSPECTED_FRAUD
5707,2013-08-29T00:00:00.000+05:30,4167,SUSPECTED_FRAUD
5797,2013-08-29T00:00:00.000+05:30,1075,SUSPECTED_FRAUD
5843,2013-08-29T00:00:00.000+05:30,3716,SUSPECTED_FRAUD
5919,2013-08-30T00:00:00.000+05:30,6306,SUSPECTED_FRAUD
5927,2013-08-30T00:00:00.000+05:30,3175,SUSPECTED_FRAUD
5934,2013-08-30T00:00:00.000+05:30,11673,SUSPECTED_FRAUD
5981,2013-08-31T00:00:00.000+05:30,6349,SUSPECTED_FRAUD
6000,2013-08-31T00:00:00.000+05:30,850,SUSPECTED_FRAUD
6068,2013-09-01T00:00:00.000+05:30,9518,SUSPECTED_FRAUD
6101,2013-09-01T00:00:00.000+05:30,4385,SUSPECTED_FRAUD
6112,2013-09-01T00:00:00.000+05:30,8370,SUSPECTED_FRAUD
6152,2013-09-02T00:00:00.000+05:30,10813,SUSPECTED_FRAUD
6176,2013-09-02T00:00:00.000+05:30,3329,SUSPECTED_FRAUD
6311,2013-09-02T00:00:00.000+05:30,5911,SUSPECTED_FRAUD
6329,2013-09-03T00:00:00.000+05:30,11798,SUSPECTED_FRAUD
6396,2013-09-03T00:00:00.000+05:30,11894,SUSPECTED_FRAUD
6403,2013-09-03T00:00:00.000+05:30,6441,SUSPECTED_FRAUD
6416,2013-09-03T00:00:00.000+05:30,4149,SUSPECTED_FRAUD
6426,2013-09-03T00:00:00.000+05:30,4389,SUSPECTED_FRAUD
6521,2013-09-04T00:00:00.000+05:30,23,SUSPECTED_FRAUD
6522,2013-09-04T00:00:00.000+05:30,2538,SUSPECTED_FRAUD
6581,2013-09-05T00:00:00.000+05:30,11961,SUSPECTED_FRAUD
6713,2013-09-05T00:00:00.000+05:30,2382,SUSPECTED_FRAUD
6758,2013-09-05T00:00:00.000+05:30,7014,SUSPECTED_FRAUD
6842,2013-09-06T00:00:00.000+05:30,8999,SUSPECTED_FRAUD
6860,2013-09-06T00:00:00.000+05:30,6026,SUSPECTED_FRAUD
6867,2013-09-06T00:00:00.000+05:30,762,SUSPECTED_FRAUD
6920,2013-09-06T00:00:00.000+05:30,4048,SUSPECTED_FRAUD
6965,2013-09-06T00:00:00.000+05:30,6316,SUSPECTED_FRAUD
6977,2013-09-06T00:00:00.000+05:30,2764,SUSPECTED_FRAUD
7034,2013-09-06T00:00:00.000+05:30,383,SUSPECTED_FRAUD
7048,2013-09-07T00:00:00.000+05:30,10409,SUSPECTED_FRAUD
7105,2013-09-07T00:00:00.000+05:30,6097,SUSPECTED_FRAUD
7158,2013-09-07T00:00:00.000+05:30,6071,SUSPECTED_FRAUD
7179,2013-09-07T00:00:00.000+05:30,7915,SUSPECTED_FRAUD
7252,2013-09-08T00:00:00.000+05:30,8246,SUSPECTED_FRAUD
7287,2013-09-08T00:00:00.000+05:30,11225,SUSPECTED_FRAUD
7343,2013-09-08T00:00:00.000+05:30,4822,SUSPECTED_FRAUD
7351,2013-09-08T00:00:00.000+05:30,7952,SUSPECTED_FRAUD
7409,2013-09-09T00:00:00.000+05:30,8217,SUSPECTED_FRAUD
7413,2013-09-09T00:00:00.000+05:30,5921,SUSPECTED_FRAUD
7481,2013-09-09T00:00:00.000+05:30,2650,SUSPECTED_FRAUD
7534,2013-09-09T00:00:00.000+05:30,10741,SUSPECTED_FRAUD
7671,2013-09-10T00:00:00.000+05:30,5197,SUSPECTED_FRAUD
7726,2013-09-10T00:00:00.000+05:30,6930,SUSPECTED_FRAUD
7739,2013-09-10T00:00:00.000+05:30,3480,SUSPECTED_FRAUD
8015,2013-09-12T00:00:00.000+05:30,10968,SUSPECTED_FRAUD
8077,2013-09-13T00:00:00.000+05:30,10914,SUSPECTED_FRAUD
8200,2013-09-14T00:00:00.000+05:30,4742,SUSPECTED_FRAUD
8202,2013-09-14T00:00:00.000+05:30,4102,SUSPECTED_FRAUD
8207,2013-09-14T00:00:00.000+05:30,9765,SUSPECTED_FRAUD
8235,2013-09-14T00:00:00.000+05:30,5774,SUSPECTED_FRAUD
8295,2013-09-14T00:00:00.000+05:30,11046,SUSPECTED_FRAUD
8302,2013-09-14T00:00:00.000+05:30,6915,SUSPECTED_FRAUD
8368,2013-09-14T00:00:00.000+05:30,3768,SUSPECTED_FRAUD
8396,2013-09-15T00:00:00.000+05:30,12271,SUSPECTED_FRAUD
8463,2013-09-15T00:00:00.000+05:30,6216,SUSPECTED_FRAUD
8530,2013-09-16T00:00:00.000+05:30,2042,SUSPECTED_FRAUD
8604,2013-09-17T00:00:00.000+05:30,2537,SUSPECTED_FRAUD
8671,2013-09-18T00:00:00.000+05:30,4420,SUSPECTED_FRAUD
8683,2013-09-18T00:00:00.000+05:30,8187,SUSPECTED_FRAUD
8704,2013-09-18T00:00:00.000+05:30,5983,SUSPECTED_FRAUD
8721,2013-09-18T00:00:00.000+05:30,7227,SUSPECTED_FRAUD
8741,2013-09-18T00:00:00.000+05:30,8065,SUSPECTED_FRAUD
8750,2013-09-18T00:00:00.000+05:30,11542,SUSPECTED_FRAUD
8820,2013-09-18T00:00:00.000+05:30,3231,SUSPECTED_FRAUD
8850,2013-09-18T00:00:00.000+05:30,5748,SUSPECTED_FRAUD
8899,2013-09-19T00:00:00.000+05:30,9431,SUSPECTED_FRAUD
8964,2013-09-19T00:00:00.000+05:30,10571,SUSPECTED_FRAUD
9063,2013-09-19T00:00:00.000+05:30,5274,SUSPECTED_FRAUD
9096,2013-09-20T00:00:00.000+05:30,366,SUSPECTED_FRAUD
9109,2013-09-20T00:00:00.000+05:30,12002,SUSPECTED_FRAUD
9113,2013-09-20T00:00:00.000+05:30,7591,SUSPECTED_FRAUD
9131,2013-09-20T00:00:00.000+05:30,1125,SUSPECTED_FRAUD
9222,2013-09-21T00:00:00.000+05:30,8060,SUSPECTED_FRAUD
9258,2013-09-21T00:00:00.000+05:30,4342,SUSPECTED_FRAUD
9283,2013-09-21T00:00:00.000+05:30,9353,SUSPECTED_FRAUD
9378,2013-09-22T00:00:00.000+05:30,12340,SUSPECTED_FRAUD
9390,2013-09-22T00:00:00.000+05:30,5602,SUSPECTED_FRAUD
9424,2013-09-22T00:00:00.000+05:30,10250,SUSPECTED_FRAUD
9430,2013-09-22T00:00:00.000+05:30,526,SUSPECTED_FRAUD
9433,2013-09-22T00:00:00.000+05:30,5813,SUSPECTED_FRAUD
9463,2013-09-22T00:00:00.000+05:30,12335,SUSPECTED_FRAUD
9476,2013-09-22T00:00:00.000+05:30,11692,SUSPECTED_FRAUD
9525,2013-09-23T00:00:00.000+05:30,9894,SUSPECTED_FRAUD
9534,2013-09-23T00:00:00.000+05:30,12139,SUSPECTED_FRAUD
9605,2013-09-23T00:00:00.000+05:30,9384,SUSPECTED_FRAUD
9760,2013-09-24T00:00:00.000+05:30,4829,SUSPECTED_FRAUD
9768,2013-09-24T00:00:00.000+05:30,7333,SUSPECTED_FRAUD
9782,2013-09-24T00:00:00.000+05:30,4133,SUSPECTED_FRAUD
9795,2013-09-24T00:00:00.000+05:30,3087,SUSPECTED_FRAUD
9807,2013-09-24T00:00:00.000+05:30,5573,SUSPECTED_FRAUD
9906,2013-09-25T00:00:00.000+05:30,10301,SUSPECTED_FRAUD
9925,2013-09-25T00:00:00.000+05:30,2773,SUSPECTED_FRAUD
9988,2013-09-25T00:00:00.000+05:30,11739,SUSPECTED_FRAUD
10014,2013-09-25T00:00:00.000+05:30,10864,SUSPECTED_FRAUD
10036,2013-09-25T00:00:00.000+05:30,9362,SUSPECTED_FRAUD
10049,2013-09-25T00:00:00.000+05:30,11789,SUSPECTED_FRAUD
10056,2013-09-25T00:00:00.000+05:30,8906,SUSPECTED_FRAUD
10077,2013-09-25T00:00:00.000+05:30,2232,SUSPECTED_FRAUD
10107,2013-09-25T00:00:00.000+05:30,12012,SUSPECTED_FRAUD
10116,2013-09-26T00:00:00.000+05:30,1180,SUSPECTED_FRAUD
10146,2013-09-26T00:00:00.000+05:30,5085,SUSPECTED_FRAUD
10204,2013-09-26T00:00:00.000+05:30,10602,SUSPECTED_FRAUD
10215,2013-09-26T00:00:00.000+05:30,5020,SUSPECTED_FRAUD
10232,2013-09-26T00:00:00.000+05:30,10917,SUSPECTED_FRAUD
10276,2013-09-26T00:00:00.000+05:30,7887,SUSPECTED_FRAUD
10277,2013-09-26T00:00:00.000+05:30,11470,SUSPECTED_FRAUD
10278,2013-09-26T00:00:00.000+05:30,10071,SUSPECTED_FRAUD
10306,2013-09-26T00:00:00.000+05:30,4828,SUSPECTED_FRAUD
10333,2013-09-27T00:00:00.000+05:30,11112,SUSPECTED_FRAUD
10403,2013-09-27T00:00:00.000+05:30,8812,SUSPECTED_FRAUD
10407,2013-09-27T00:00:00.000+05:30,10992,SUSPECTED_FRAUD
10429,2013-09-27T00:00:00.000+05:30,11606,SUSPECTED_FRAUD
10455,2013-09-27T00:00:00.000+05:30,12376,SUSPECTED_FRAUD
10484,2013-09-27T00:00:00.000+05:30,4909,SUSPECTED_FRAUD
10559,2013-09-28T00:00:00.000+05:30,5640,SUSPECTED_FRAUD
10562,2013-09-28T00:00:00.000+05:30,5525,SUSPECTED_FRAUD
10622,2013-09-28T00:00:00.000+05:30,8789,SUSPECTED_FRAUD
10640,2013-09-28T00:00:00.000+05:30,2328,SUSPECTED_FRAUD
10773,2013-09-29T00:00:00.000+05:30,7805,SUSPECTED_FRAUD
10801,2013-09-29T00:00:00.000+05:30,12348,SUSPECTED_FRAUD
10836,2013-09-29T00:00:00.000+05:30,6022,SUSPECTED_FRAUD
10842,2013-09-30T00:00:00.000+05:30,6810,SUSPECTED_FRAUD
10917,2013-09-30T00:00:00.000+05:30,3962,SUSPECTED_FRAUD
10948,2013-09-30T00:00:00.000+05:30,5202,SUSPECTED_FRAUD
10973,2013-09-30T00:00:00.000+05:30,1522,SUSPECTED_FRAUD
10986,2013-09-30T00:00:00.000+05:30,12278,SUSPECTED_FRAUD
10993,2013-09-30T00:00:00.000+05:30,11693,SUSPECTED_FRAUD
10998,2013-09-30T00:00:00.000+05:30,3389,SUSPECTED_FRAUD
11023,2013-09-30T00:00:00.000+05:30,1457,SUSPECTED_FRAUD
11119,2013-10-02T00:00:00.000+05:30,10353,SUSPECTED_FRAUD
11140,2013-10-02T00:00:00.000+05:30,4486,SUSPECTED_FRAUD
11148,2013-10-02T00:00:00.000+05:30,8115,SUSPECTED_FRAUD
11184,2013-10-02T00:00:00.000+05:30,2683,SUSPECTED_FRAUD
11218,2013-10-02T00:00:00.000+05:30,8626,SUSPECTED_FRAUD
11250,2013-10-02T00:00:00.000+05:30,1613,SUSPECTED_FRAUD
11308,2013-10-02T00:00:00.000+05:30,12233,SUSPECTED_FRAUD
11331,2013-10-03T00:00:00.000+05:30,11637,SUSPECTED_FRAUD
11342,2013-10-03T00:00:00.000+05:30,5780,SUSPECTED_FRAUD
11405,2013-10-03T00:00:00.000+05:30,2263,SUSPECTED_FRAUD
11449,2013-10-04T00:00:00.000+05:30,7152,SUSPECTED_FRAUD
11489,2013-10-04T00:00:00.000+05:30,4829,SUSPECTED_FRAUD
11545,2013-10-04T00:00:00.000+05:30,10935,SUSPECTED_FRAUD
11593,2013-10-04T00:00:00.000+05:30,1254,SUSPECTED_FRAUD
11673,2013-10-04T00:00:00.000+05:30,3713,SUSPECTED_FRAUD
11693,2013-10-05T00:00:00.000+05:30,6918,SUSPECTED_FRAUD
11704,2013-10-05T00:00:00.000+05:30,8594,SUSPECTED_FRAUD
11852,2013-10-05T00:00:00.000+05:30,12192,SUSPECTED_FRAUD
11871,2013-10-05T00:00:00.000+05:30,12092,SUSPECTED_FRAUD
11887,2013-10-06T00:00:00.000+05:30,3147,SUSPECTED_FRAUD
11916,2013-10-06T00:00:00.000+05:30,10898,SUSPECTED_FRAUD
11962,2013-10-06T00:00:00.000+05:30,1011,SUSPECTED_FRAUD
11977,2013-10-06T00:00:00.000+05:30,3569,SUSPECTED_FRAUD
11988,2013-10-06T00:00:00.000+05:30,6480,SUSPECTED_FRAUD
11994,2013-10-06T00:00:00.000+05:30,6494,SUSPECTED_FRAUD
12036,2013-10-06T00:00:00.000+05:30,11527,SUSPECTED_FRAUD
12046,2013-10-06T00:00:00.000+05:30,11584,SUSPECTED_FRAUD
12247,2013-10-08T00:00:00.000+05:30,2264,SUSPECTED_FRAUD
12310,2013-10-08T00:00:00.000+05:30,4230,SUSPECTED_FRAUD
12372,2013-10-08T00:00:00.000+05:30,6665,SUSPECTED_FRAUD
12418,2013-10-09T00:00:00.000+05:30,1903,SUSPECTED_FRAUD
12534,2013-10-10T00:00:00.000+05:30,2384,SUSPECTED_FRAUD
12647,2013-10-11T00:00:00.000+05:30,9650,SUSPECTED_FRAUD
12794,2013-10-11T00:00:00.000+05:30,12107,SUSPECTED_FRAUD
12796,2013-10-11T00:00:00.000+05:30,7690,SUSPECTED_FRAUD
12873,2013-10-12T00:00:00.000+05:30,4173,SUSPECTED_FRAUD
13075,2013-10-13T00:00:00.000+05:30,12350,SUSPECTED_FRAUD
13250,2013-10-14T00:00:00.000+05:30,4885,SUSPECTED_FRAUD
13280,2013-10-14T00:00:00.000+05:30,1995,SUSPECTED_FRAUD
13284,2013-10-14T00:00:00.000+05:30,11308,SUSPECTED_FRAUD
13394,2013-10-15T00:00:00.000+05:30,1165,SUSPECTED_FRAUD
13398,2013-10-15T00:00:00.000+05:30,8134,SUSPECTED_FRAUD
13521,2013-10-16T00:00:00.000+05:30,3916,SUSPECTED_FRAUD
13581,2013-10-17T00:00:00.000+05:30,6778,SUSPECTED_FRAUD
13647,2013-10-17T00:00:00.000+05:30,3832,SUSPECTED_FRAUD
13650,2013-10-17T00:00:00.000+05:30,11117,SUSPECTED_FRAUD
13730,2013-10-18T00:00:00.000+05:30,10303,SUSPECTED_FRAUD
13735,2013-10-18T00:00:00.000+05:30,561,SUSPECTED_FRAUD
13755,2013-10-18T00:00:00.000+05:30,11448,SUSPECTED_FRAUD
13784,2013-10-19T00:00:00.000+05:30,8144,SUSPECTED_FRAUD
13859,2013-10-19T00:00:00.000+05:30,1107,SUSPECTED_FRAUD
13968,2013-10-20T00:00:00.000+05:30,11360,SUSPECTED_FRAUD
14001,2013-10-20T00:00:00.000+05:30,2734,SUSPECTED_FRAUD
14024,2013-10-20T00:00:00.000+05:30,884,SUSPECTED_FRAUD
14053,2013-10-20T00:00:00.000+05:30,10438,SUSPECTED_FRAUD
14068,2013-10-21T00:00:00.000+05:30,6869,SUSPECTED_FRAUD
14106,2013-10-21T00:00:00.000+05:30,4597,SUSPECTED_FRAUD
14147,2013-10-22T00:00:00.000+05:30,6916,SUSPECTED_FRAUD
14159,2013-10-22T00:00:00.000+05:30,809,SUSPECTED_FRAUD
14210,2013-10-22T00:00:00.000+05:30,11654,SUSPECTED_FRAUD
14247,2013-10-23T00:00:00.000+05:30,2093,SUSPECTED_FRAUD
14263,2013-10-23T00:00:00.000+05:30,3996,SUSPECTED_FRAUD
14291,2013-10-23T00:00:00.000+05:30,2604,SUSPECTED_FRAUD
14317,2013-10-23T00:00:00.000+05:30,7281,SUSPECTED_FRAUD
14339,2013-10-23T00:00:00.000+05:30,746,SUSPECTED_FRAUD
14372,2013-10-23T00:00:00.000+05:30,4160,SUSPECTED_FRAUD
14448,2013-10-24T00:00:00.000+05:30,3574,SUSPECTED_FRAUD
14490,2013-10-24T00:00:00.000+05:30,11851,SUSPECTED_FRAUD
14550,2013-10-24T00:00:00.000+05:30,5689,SUSPECTED_FRAUD
14561,2013-10-25T00:00:00.000+05:30,5280,SUSPECTED_FRAUD
14610,2013-10-25T00:00:00.000+05:30,5257,SUSPECTED_FRAUD
14675,2013-10-25T00:00:00.000+05:30,11403,SUSPECTED_FRAUD
14726,2013-10-26T00:00:00.000+05:30,8702,SUSPECTED_FRAUD
14804,2013-10-27T00:00:00.000+05:30,7611,SUSPECTED_FRAUD
14836,2013-10-27T00:00:00.000+05:30,7666,SUSPECTED_FRAUD
15017,2013-10-28T00:00:00.000+05:30,9967,SUSPECTED_FRAUD
15046,2013-10-28T00:00:00.000+05:30,9477,SUSPECTED_FRAUD
15079,2013-10-28T00:00:00.000+05:30,5313,SUSPECTED_FRAUD
15081,2013-10-28T00:00:00.000+05:30,7499,SUSPECTED_FRAUD
15089,2013-10-28T00:00:00.000+05:30,10089,SUSPECTED_FRAUD
15100,2013-10-28T00:00:00.000+05:30,4067,SUSPECTED_FRAUD
15121,2013-10-29T00:00:00.000+05:30,6686,SUSPECTED_FRAUD
15153,2013-10-29T00:00:00.000+05:30,9392,SUSPECTED_FRAUD
15200,2013-10-29T00:00:00.000+05:30,10824,SUSPECTED_FRAUD
15217,2013-10-30T00:00:00.000+05:30,1543,SUSPECTED_FRAUD
15268,2013-10-30T00:00:00.000+05:30,4581,SUSPECTED_FRAUD
15278,2013-10-30T00:00:00.000+05:30,3934,SUSPECTED_FRAUD
15352,2013-10-31T00:00:00.000+05:30,7630,SUSPECTED_FRAUD
15454,2013-10-31T00:00:00.000+05:30,1698,SUSPECTED_FRAUD
15543,2013-11-01T00:00:00.000+05:30,6559,SUSPECTED_FRAUD
15640,2013-11-01T00:00:00.000+05:30,6977,SUSPECTED_FRAUD
15679,2013-11-01T00:00:00.000+05:30,1507,SUSPECTED_FRAUD
15722,2013-11-02T00:00:00.000+05:30,12224,SUSPECTED_FRAUD
15732,2013-11-02T00:00:00.000+05:30,2881,SUSPECTED_FRAUD
15754,2013-11-02T00:00:00.000+05:30,6250,SUSPECTED_FRAUD
15773,2013-11-02T00:00:00.000+05:30,1780,SUSPECTED_FRAUD
15810,2013-11-03T00:00:00.000+05:30,49,SUSPECTED_FRAUD
15923,2013-11-03T00:00:00.000+05:30,10499,SUSPECTED_FRAUD
15925,2013-11-03T00:00:00.000+05:30,5813,SUSPECTED_FRAUD
15969,2013-11-03T00:00:00.000+05:30,6146,SUSPECTED_FRAUD
16075,2013-11-03T00:00:00.000+05:30,7051,SUSPECTED_FRAUD
16120,2013-11-04T00:00:00.000+05:30,3755,SUSPECTED_FRAUD
16193,2013-11-04T00:00:00.000+05:30,9571,SUSPECTED_FRAUD
16248,2013-11-04T00:00:00.000+05:30,11233,SUSPECTED_FRAUD
16264,2013-11-04T00:00:00.000+05:30,5529,SUSPECTED_FRAUD
16266,2013-11-04T00:00:00.000+05:30,10307,SUSPECTED_FRAUD
16289,2013-11-04T00:00:00.000+05:30,7415,SUSPECTED_FRAUD
16308,2013-11-04T00:00:00.000+05:30,670,SUSPECTED_FRAUD
16392,2013-11-05T00:00:00.000+05:30,2940,SUSPECTED_FRAUD
16459,2013-11-05T00:00:00.000+05:30,8102,SUSPECTED_FRAUD
16463,2013-11-05T00:00:00.000+05:30,4941,SUSPECTED_FRAUD
16498,2013-11-05T00:00:00.000+05:30,8272,SUSPECTED_FRAUD
16500,2013-11-05T00:00:00.000+05:30,3780,SUSPECTED_FRAUD
16532,2013-11-05T00:00:00.000+05:30,731,SUSPECTED_FRAUD
16553,2013-11-05T00:00:00.000+05:30,4509,SUSPECTED_FRAUD
16580,2013-11-06T00:00:00.000+05:30,8695,SUSPECTED_FRAUD
16630,2013-11-06T00:00:00.000+05:30,8201,SUSPECTED_FRAUD
16651,2013-11-06T00:00:00.000+05:30,4961,SUSPECTED_FRAUD
16656,2013-11-06T00:00:00.000+05:30,3957,SUSPECTED_FRAUD
16716,2013-11-06T00:00:00.000+05:30,10869,SUSPECTED_FRAUD
16748,2013-11-06T00:00:00.000+05:30,660,SUSPECTED_FRAUD
16809,2013-11-07T00:00:00.000+05:30,1317,SUSPECTED_FRAUD
16811,2013-11-07T00:00:00.000+05:30,6906,SUSPECTED_FRAUD
16814,2013-11-07T00:00:00.000+05:30,8808,SUSPECTED_FRAUD
16819,2013-11-07T00:00:00.000+05:30,409,SUSPECTED_FRAUD
16826,2013-11-07T00:00:00.000+05:30,6101,SUSPECTED_FRAUD
16842,2013-11-07T00:00:00.000+05:30,3420,SUSPECTED_FRAUD
16846,2013-11-07T00:00:00.000+05:30,4822,SUSPECTED_FRAUD
16947,2013-11-07T00:00:00.000+05:30,7515,SUSPECTED_FRAUD
16959,2013-11-07T00:00:00.000+05:30,1714,SUSPECTED_FRAUD
16993,2013-11-08T00:00:00.000+05:30,10565,SUSPECTED_FRAUD
17035,2013-11-08T00:00:00.000+05:30,221,SUSPECTED_FRAUD
17104,2013-11-08T00:00:00.000+05:30,2513,SUSPECTED_FRAUD
17174,2013-11-09T00:00:00.000+05:30,8430,SUSPECTED_FRAUD
17197,2013-11-09T00:00:00.000+05:30,1540,SUSPECTED_FRAUD
17230,2013-11-09T00:00:00.000+05:30,12077,SUSPECTED_FRAUD
17245,2013-11-09T00:00:00.000+05:30,6260,SUSPECTED_FRAUD
17436,2013-11-10T00:00:00.000+05:30,235,SUSPECTED_FRAUD
17478,2013-11-11T00:00:00.000+05:30,9305,SUSPECTED_FRAUD
17512,2013-11-11T00:00:00.000+05:30,5351,SUSPECTED_FRAUD
17518,2013-11-11T00:00:00.000+05:30,3086,SUSPECTED_FRAUD
17591,2013-11-11T00:00:00.000+05:30,376,SUSPECTED_FRAUD
17638,2013-11-11T00:00:00.000+05:30,5938,SUSPECTED_FRAUD
17704,2013-11-12T00:00:00.000+05:30,9576,SUSPECTED_FRAUD
17753,2013-11-12T00:00:00.000+05:30,2544,SUSPECTED_FRAUD
17791,2013-11-12T00:00:00.000+05:30,7393,SUSPECTED_FRAUD
17802,2013-11-12T00:00:00.000+05:30,11672,SUSPECTED_FRAUD
17804,2013-11-12T00:00:00.000+05:30,2227,SUSPECTED_FRAUD
17806,2013-11-12T00:00:00.000+05:30,6994,SUSPECTED_FRAUD
17839,2013-11-12T00:00:00.000+05:30,6145,SUSPECTED_FRAUD
17859,2013-11-12T00:00:00.000+05:30,3795,SUSPECTED_FRAUD
17899,2013-11-13T00:00:00.000+05:30,430,SUSPECTED_FRAUD
17985,2013-11-13T00:00:00.000+05:30,3529,SUSPECTED_FRAUD
18015,2013-11-13T00:00:00.000+05:30,9578,SUSPECTED_FRAUD
18210,2013-11-14T00:00:00.000+05:30,9892,SUSPECTED_FRAUD
18243,2013-11-14T00:00:00.000+05:30,3324,SUSPECTED_FRAUD
18264,2013-11-14T00:00:00.000+05:30,2114,SUSPECTED_FRAUD
18462,2013-11-16T00:00:00.000+05:30,9898,SUSPECTED_FRAUD
18463,2013-11-16T00:00:00.000+05:30,345,SUSPECTED_FRAUD
18520,2013-11-17T00:00:00.000+05:30,3223,SUSPECTED_FRAUD
18521,2013-11-17T00:00:00.000+05:30,8252,SUSPECTED_FRAUD
18562,2013-11-17T00:00:00.000+05:30,8570,SUSPECTED_FRAUD
18583,2013-11-17T00:00:00.000+05:30,2784,SUSPECTED_FRAUD
18605,2013-11-17T00:00:00.000+05:30,48,SUSPECTED_FRAUD
18617,2013-11-17T00:00:00.000+05:30,4044,SUSPECTED_FRAUD
18655,2013-11-18T00:00:00.000+05:30,11517,SUSPECTED_FRAUD
18704,2013-11-18T00:00:00.000+05:30,4645,SUSPECTED_FRAUD
18712,2013-11-18T00:00:00.000+05:30,11923,SUSPECTED_FRAUD
18723,2013-11-18T00:00:00.000+05:30,8539,SUSPECTED_FRAUD
18740,2013-11-18T00:00:00.000+05:30,11888,SUSPECTED_FRAUD
18786,2013-11-18T00:00:00.000+05:30,7021,SUSPECTED_FRAUD
18913,2013-11-19T00:00:00.000+05:30,1234,SUSPECTED_FRAUD
18914,2013-11-19T00:00:00.000+05:30,6118,SUSPECTED_FRAUD
19054,2013-11-20T00:00:00.000+05:30,1020,SUSPECTED_FRAUD
19212,2013-11-21T00:00:00.000+05:30,376,SUSPECTED_FRAUD
19218,2013-11-21T00:00:00.000+05:30,11443,SUSPECTED_FRAUD
19238,2013-11-22T00:00:00.000+05:30,7555,SUSPECTED_FRAUD
19297,2013-11-22T00:00:00.000+05:30,2160,SUSPECTED_FRAUD
19327,2013-11-22T00:00:00.000+05:30,9426,SUSPECTED_FRAUD
19366,2013-11-22T00:00:00.000+05:30,5413,SUSPECTED_FRAUD
19434,2013-11-22T00:00:00.000+05:30,9819,SUSPECTED_FRAUD
19464,2013-11-23T00:00:00.000+05:30,1673,SUSPECTED_FRAUD
19495,2013-11-23T00:00:00.000+05:30,3446,SUSPECTED_FRAUD
19540,2013-11-23T00:00:00.000+05:30,703,SUSPECTED_FRAUD
19556,2013-11-23T00:00:00.000+05:30,7133,SUSPECTED_FRAUD
19630,2013-11-23T00:00:00.000+05:30,10490,SUSPECTED_FRAUD
19664,2013-11-23T00:00:00.000+05:30,231,SUSPECTED_FRAUD
19668,2013-11-24T00:00:00.000+05:30,12094,SUSPECTED_FRAUD
19734,2013-11-24T00:00:00.000+05:30,9409,SUSPECTED_FRAUD
19813,2013-11-24T00:00:00.000+05:30,5200,SUSPECTED_FRAUD
19835,2013-11-24T00:00:00.000+05:30,11250,SUSPECTED_FRAUD
19863,2013-11-24T00:00:00.000+05:30,7842,SUSPECTED_FRAUD
19872,2013-11-24T00:00:00.000+05:30,7462,SUSPECTED_FRAUD
19886,2013-11-24T00:00:00.000+05:30,12007,SUSPECTED_FRAUD
19931,2013-11-25T00:00:00.000+05:30,5220,SUSPECTED_FRAUD
20002,2013-11-25T00:00:00.000+05:30,5572,SUSPECTED_FRAUD
20101,2013-11-27T00:00:00.000+05:30,10739,SUSPECTED_FRAUD
20104,2013-11-27T00:00:00.000+05:30,10546,SUSPECTED_FRAUD
20154,2013-11-27T00:00:00.000+05:30,11626,SUSPECTED_FRAUD
20238,2013-11-28T00:00:00.000+05:30,11633,SUSPECTED_FRAUD
20277,2013-11-28T00:00:00.000+05:30,9259,SUSPECTED_FRAUD
20289,2013-11-28T00:00:00.000+05:30,1115,SUSPECTED_FRAUD
20308,2013-11-28T00:00:00.000+05:30,5860,SUSPECTED_FRAUD
20331,2013-11-28T00:00:00.000+05:30,4917,SUSPECTED_FRAUD
20367,2013-11-28T00:00:00.000+05:30,8773,SUSPECTED_FRAUD
20432,2013-11-28T00:00:00.000+05:30,11667,SUSPECTED_FRAUD
20434,2013-11-28T00:00:00.000+05:30,10005,SUSPECTED_FRAUD
20452,2013-11-29T00:00:00.000+05:30,3755,SUSPECTED_FRAUD
20458,2013-11-29T00:00:00.000+05:30,11222,SUSPECTED_FRAUD
20473,2013-11-29T00:00:00.000+05:30,5114,SUSPECTED_FRAUD
20507,2013-11-29T00:00:00.000+05:30,1306,SUSPECTED_FRAUD
20521,2013-11-29T00:00:00.000+05:30,5768,SUSPECTED_FRAUD
20753,2013-11-30T00:00:00.000+05:30,5831,SUSPECTED_FRAUD
20774,2013-11-30T00:00:00.000+05:30,2395,SUSPECTED_FRAUD
20888,2013-11-30T00:00:00.000+05:30,6302,SUSPECTED_FRAUD
20891,2013-11-30T00:00:00.000+05:30,11119,SUSPECTED_FRAUD
20902,2013-11-30T00:00:00.000+05:30,6015,SUSPECTED_FRAUD
20908,2013-11-30T00:00:00.000+05:30,10657,SUSPECTED_FRAUD
20949,2013-12-01T00:00:00.000+05:30,8874,SUSPECTED_FRAUD
20968,2013-12-01T00:00:00.000+05:30,1002,SUSPECTED_FRAUD
20996,2013-12-01T00:00:00.000+05:30,8119,SUSPECTED_FRAUD
21002,2013-12-01T00:00:00.000+05:30,8318,SUSPECTED_FRAUD
21023,2013-12-01T00:00:00.000+05:30,8666,SUSPECTED_FRAUD
21041,2013-12-01T00:00:00.000+05:30,10162,SUSPECTED_FRAUD
21131,2013-12-02T00:00:00.000+05:30,2048,SUSPECTED_FRAUD
21150,2013-12-02T00:00:00.000+05:30,10975,SUSPECTED_FRAUD
21190,2013-12-02T00:00:00.000+05:30,10225,SUSPECTED_FRAUD
21227,2013-12-03T00:00:00.000+05:30,567,SUSPECTED_FRAUD
21261,2013-12-03T00:00:00.000+05:30,10708,SUSPECTED_FRAUD
21304,2013-12-03T00:00:00.000+05:30,7075,SUSPECTED_FRAUD
21318,2013-12-03T00:00:00.000+05:30,11987,SUSPECTED_FRAUD
21359,2013-12-03T00:00:00.000+05:30,5797,SUSPECTED_FRAUD
21375,2013-12-03T00:00:00.000+05:30,3889,SUSPECTED_FRAUD
21403,2013-12-04T00:00:00.000+05:30,10022,SUSPECTED_FRAUD
21417,2013-12-04T00:00:00.000+05:30,5840,SUSPECTED_FRAUD
21484,2013-12-04T00:00:00.000+05:30,9674,SUSPECTED_FRAUD
21493,2013-12-04T00:00:00.000+05:30,7696,SUSPECTED_FRAUD
21527,2013-12-04T00:00:00.000+05:30,10869,SUSPECTED_FRAUD
21536,2013-12-05T00:00:00.000+05:30,10784,SUSPECTED_FRAUD
21538,2013-12-05T00:00:00.000+05:30,6964,SUSPECTED_FRAUD
21540,2013-12-05T00:00:00.000+05:30,3171,SUSPECTED_FRAUD
21644,2013-12-05T00:00:00.000+05:30,6490,SUSPECTED_FRAUD
21762,2013-12-06T00:00:00.000+05:30,8387,SUSPECTED_FRAUD
21775,2013-12-06T00:00:00.000+05:30,11358,SUSPECTED_FRAUD
21970,2013-12-06T00:00:00.000+05:30,12428,SUSPECTED_FRAUD
21994,2013-12-06T00:00:00.000+05:30,3651,SUSPECTED_FRAUD
22034,2013-12-07T00:00:00.000+05:30,6938,SUSPECTED_FRAUD
22051,2013-12-07T00:00:00.000+05:30,6165,SUSPECTED_FRAUD
22188,2013-12-07T00:00:00.000+05:30,12237,SUSPECTED_FRAUD
22266,2013-12-08T00:00:00.000+05:30,5755,SUSPECTED_FRAUD
22321,2013-12-08T00:00:00.000+05:30,1807,SUSPECTED_FRAUD
22575,2013-12-11T00:00:00.000+05:30,8487,SUSPECTED_FRAUD
22596,2013-12-11T00:00:00.000+05:30,5946,SUSPECTED_FRAUD
22650,2013-12-11T00:00:00.000+05:30,3236,SUSPECTED_FRAUD
22677,2013-12-11T00:00:00.000+05:30,7595,SUSPECTED_FRAUD
22700,2013-12-11T00:00:00.000+05:30,3858,SUSPECTED_FRAUD
22729,2013-12-11T00:00:00.000+05:30,11826,SUSPECTED_FRAUD
22788,2013-12-11T00:00:00.000+05:30,4137,SUSPECTED_FRAUD
22809,2013-12-12T00:00:00.000+05:30,7703,SUSPECTED_FRAUD
22840,2013-12-12T00:00:00.000+05:30,6223,SUSPECTED_FRAUD
22910,2013-12-12T00:00:00.000+05:30,9881,SUSPECTED_FRAUD
22919,2013-12-13T00:00:00.000+05:30,6845,SUSPECTED_FRAUD
22925,2013-12-13T00:00:00.000+05:30,9560,SUSPECTED_FRAUD
22932,2013-12-13T00:00:00.000+05:30,9086,SUSPECTED_FRAUD
23035,2013-12-14T00:00:00.000+05:30,5136,SUSPECTED_FRAUD
23078,2013-12-15T00:00:00.000+05:30,11662,SUSPECTED_FRAUD
23102,2013-12-15T00:00:00.000+05:30,12306,SUSPECTED_FRAUD
23225,2013-12-15T00:00:00.000+05:30,1473,SUSPECTED_FRAUD
23302,2013-12-16T00:00:00.000+05:30,1748,SUSPECTED_FRAUD
23336,2013-12-16T00:00:00.000+05:30,6757,SUSPECTED_FRAUD
23406,2013-12-17T00:00:00.000+05:30,2676,SUSPECTED_FRAUD
23448,2013-12-18T00:00:00.000+05:30,5329,SUSPECTED_FRAUD
23517,2013-12-18T00:00:00.000+05:30,5854,SUSPECTED_FRAUD
23597,2013-12-18T00:00:00.000+05:30,4396,SUSPECTED_FRAUD
23605,2013-12-18T00:00:00.000+05:30,2983,SUSPECTED_FRAUD
23626,2013-12-18T00:00:00.000+05:30,6666,SUSPECTED_FRAUD
23628,2013-12-18T00:00:00.000+05:30,12259,SUSPECTED_FRAUD
23650,2013-12-19T00:00:00.000+05:30,7049,SUSPECTED_FRAUD
23684,2013-12-19T00:00:00.000+05:30,10269,SUSPECTED_FRAUD
23929,2013-12-20T00:00:00.000+05:30,11560,SUSPECTED_FRAUD
23989,2013-12-21T00:00:00.000+05:30,9114,SUSPECTED_FRAUD
24082,2013-12-21T00:00:00.000+05:30,1236,SUSPECTED_FRAUD
24145,2013-12-22T00:00:00.000+05:30,878,SUSPECTED_FRAUD
24306,2013-12-22T00:00:00.000+05:30,285,SUSPECTED_FRAUD
24373,2013-12-23T00:00:00.000+05:30,7170,SUSPECTED_FRAUD
24385,2013-12-23T00:00:00.000+05:30,2496,SUSPECTED_FRAUD
24493,2013-12-24T00:00:00.000+05:30,5146,SUSPECTED_FRAUD
24588,2013-12-24T00:00:00.000+05:30,3545,SUSPECTED_FRAUD
24637,2013-12-25T00:00:00.000+05:30,4369,SUSPECTED_FRAUD
24650,2013-12-25T00:00:00.000+05:30,7270,SUSPECTED_FRAUD
24653,2013-12-25T00:00:00.000+05:30,2703,SUSPECTED_FRAUD
24687,2013-12-25T00:00:00.000+05:30,8821,SUSPECTED_FRAUD
24739,2013-12-25T00:00:00.000+05:30,1639,SUSPECTED_FRAUD
24842,2013-12-26T00:00:00.000+05:30,4742,SUSPECTED_FRAUD
24880,2013-12-26T00:00:00.000+05:30,11983,SUSPECTED_FRAUD
24945,2013-12-26T00:00:00.000+05:30,3844,SUSPECTED_FRAUD
24979,2013-12-26T00:00:00.000+05:30,3285,SUSPECTED_FRAUD
24981,2013-12-26T00:00:00.000+05:30,5581,SUSPECTED_FRAUD
25006,2013-12-26T00:00:00.000+05:30,4425,SUSPECTED_FRAUD
25013,2013-12-26T00:00:00.000+05:30,9398,SUSPECTED_FRAUD
25057,2013-12-27T00:00:00.000+05:30,9847,SUSPECTED_FRAUD
25058,2013-12-27T00:00:00.000+05:30,9793,SUSPECTED_FRAUD
25195,2013-12-28T00:00:00.000+05:30,6755,SUSPECTED_FRAUD
25203,2013-12-28T00:00:00.000+05:30,12013,SUSPECTED_FRAUD
25240,2013-12-28T00:00:00.000+05:30,5610,SUSPECTED_FRAUD
25281,2013-12-28T00:00:00.000+05:30,6591,SUSPECTED_FRAUD
25311,2013-12-28T00:00:00.000+05:30,6953,SUSPECTED_FRAUD
25393,2013-12-29T00:00:00.000+05:30,7858,SUSPECTED_FRAUD
25441,2013-12-29T00:00:00.000+05:30,4419,SUSPECTED_FRAUD
25608,2013-12-30T00:00:00.000+05:30,10838,SUSPECTED_FRAUD
25639,2013-12-31T00:00:00.000+05:30,9886,SUSPECTED_FRAUD
25652,2013-12-31T00:00:00.000+05:30,1434,SUSPECTED_FRAUD
25655,2013-12-31T00:00:00.000+05:30,10688,SUSPECTED_FRAUD
25683,2013-12-31T00:00:00.000+05:30,9010,SUSPECTED_FRAUD
25705,2013-12-31T00:00:00.000+05:30,5382,SUSPECTED_FRAUD
25725,2013-12-31T00:00:00.000+05:30,12129,SUSPECTED_FRAUD
25745,2013-12-31T00:00:00.000+05:30,9834,SUSPECTED_FRAUD
25820,2013-12-31T00:00:00.000+05:30,9405,SUSPECTED_FRAUD
25971,2014-01-01T00:00:00.000+05:30,5342,SUSPECTED_FRAUD
25995,2014-01-02T00:00:00.000+05:30,6308,SUSPECTED_FRAUD
26014,2014-01-02T00:00:00.000+05:30,10006,SUSPECTED_FRAUD
26019,2014-01-02T00:00:00.000+05:30,2590,SUSPECTED_FRAUD
26033,2014-01-02T00:00:00.000+05:30,5251,SUSPECTED_FRAUD
26082,2014-01-03T00:00:00.000+05:30,841,SUSPECTED_FRAUD
26118,2014-01-03T00:00:00.000+05:30,6251,SUSPECTED_FRAUD
26167,2014-01-03T00:00:00.000+05:30,6420,SUSPECTED_FRAUD
26188,2014-01-03T00:00:00.000+05:30,2476,SUSPECTED_FRAUD
26242,2014-01-03T00:00:00.000+05:30,5773,SUSPECTED_FRAUD
26250,2014-01-03T00:00:00.000+05:30,4696,SUSPECTED_FRAUD
26293,2014-01-03T00:00:00.000+05:30,11957,SUSPECTED_FRAUD
26298,2014-01-04T00:00:00.000+05:30,8707,SUSPECTED_FRAUD
26370,2014-01-04T00:00:00.000+05:30,1075,SUSPECTED_FRAUD
26440,2014-01-05T00:00:00.000+05:30,7706,SUSPECTED_FRAUD
26480,2014-01-05T00:00:00.000+05:30,9749,SUSPECTED_FRAUD
26521,2014-01-05T00:00:00.000+05:30,3786,SUSPECTED_FRAUD
26658,2014-01-06T00:00:00.000+05:30,6899,SUSPECTED_FRAUD
26780,2014-01-07T00:00:00.000+05:30,467,SUSPECTED_FRAUD
26873,2014-01-07T00:00:00.000+05:30,3402,SUSPECTED_FRAUD
26918,2014-01-08T00:00:00.000+05:30,2241,SUSPECTED_FRAUD
26934,2014-01-08T00:00:00.000+05:30,3830,SUSPECTED_FRAUD
27026,2014-01-09T00:00:00.000+05:30,11659,SUSPECTED_FRAUD
27068,2014-01-09T00:00:00.000+05:30,9010,SUSPECTED_FRAUD
27076,2014-01-09T00:00:00.000+05:30,12096,SUSPECTED_FRAUD
27228,2014-01-10T00:00:00.000+05:30,2918,SUSPECTED_FRAUD
27251,2014-01-10T00:00:00.000+05:30,3592,SUSPECTED_FRAUD
27271,2014-01-10T00:00:00.000+05:30,7428,SUSPECTED_FRAUD
27322,2014-01-10T00:00:00.000+05:30,4797,SUSPECTED_FRAUD
27334,2014-01-10T00:00:00.000+05:30,9792,SUSPECTED_FRAUD
27398,2014-01-11T00:00:00.000+05:30,3197,SUSPECTED_FRAUD
27469,2014-01-11T00:00:00.000+05:30,2078,SUSPECTED_FRAUD
27522,2014-01-11T00:00:00.000+05:30,5917,SUSPECTED_FRAUD
27535,2014-01-11T00:00:00.000+05:30,5053,SUSPECTED_FRAUD
27590,2014-01-12T00:00:00.000+05:30,10156,SUSPECTED_FRAUD
27597,2014-01-12T00:00:00.000+05:30,11942,SUSPECTED_FRAUD
27618,2014-01-12T00:00:00.000+05:30,6968,SUSPECTED_FRAUD
27651,2014-01-12T00:00:00.000+05:30,398,SUSPECTED_FRAUD
27653,2014-01-12T00:00:00.000+05:30,4867,SUSPECTED_FRAUD
27672,2014-01-12T00:00:00.000+05:30,3776,SUSPECTED_FRAUD
27686,2014-01-12T00:00:00.000+05:30,3839,SUSPECTED_FRAUD
27711,2014-01-12T00:00:00.000+05:30,11953,SUSPECTED_FRAUD
27717,2014-01-12T00:00:00.000+05:30,6138,SUSPECTED_FRAUD
27726,2014-01-12T00:00:00.000+05:30,5088,SUSPECTED_FRAUD
27758,2014-01-12T00:00:00.000+05:30,8525,SUSPECTED_FRAUD
27802,2014-01-13T00:00:00.000+05:30,10932,SUSPECTED_FRAUD
27818,2014-01-13T00:00:00.000+05:30,11216,SUSPECTED_FRAUD
27877,2014-01-13T00:00:00.000+05:30,24,SUSPECTED_FRAUD
27895,2014-01-13T00:00:00.000+05:30,7027,SUSPECTED_FRAUD
27899,2014-01-13T00:00:00.000+05:30,9068,SUSPECTED_FRAUD
27952,2014-01-14T00:00:00.000+05:30,9404,SUSPECTED_FRAUD
28087,2014-01-14T00:00:00.000+05:30,2431,SUSPECTED_FRAUD
28265,2014-01-15T00:00:00.000+05:30,31,SUSPECTED_FRAUD
28278,2014-01-15T00:00:00.000+05:30,8327,SUSPECTED_FRAUD
28297,2014-01-15T00:00:00.000+05:30,11550,SUSPECTED_FRAUD
28311,2014-01-15T00:00:00.000+05:30,6362,SUSPECTED_FRAUD
28352,2014-01-16T00:00:00.000+05:30,482,SUSPECTED_FRAUD
28382,2014-01-16T00:00:00.000+05:30,6637,SUSPECTED_FRAUD
28384,2014-01-16T00:00:00.000+05:30,11569,SUSPECTED_FRAUD
28481,2014-01-16T00:00:00.000+05:30,12028,SUSPECTED_FRAUD
28547,2014-01-17T00:00:00.000+05:30,8672,SUSPECTED_FRAUD
28677,2014-01-18T00:00:00.000+05:30,4775,SUSPECTED_FRAUD
28724,2014-01-18T00:00:00.000+05:30,5819,SUSPECTED_FRAUD
28734,2014-01-18T00:00:00.000+05:30,11501,SUSPECTED_FRAUD
28747,2014-01-18T00:00:00.000+05:30,7157,SUSPECTED_FRAUD
28811,2014-01-19T00:00:00.000+05:30,11154,SUSPECTED_FRAUD
28834,2014-01-19T00:00:00.000+05:30,1174,SUSPECTED_FRAUD
28875,2014-01-19T00:00:00.000+05:30,9231,SUSPECTED_FRAUD
28946,2014-01-20T00:00:00.000+05:30,8940,SUSPECTED_FRAUD
28961,2014-01-20T00:00:00.000+05:30,4650,SUSPECTED_FRAUD
28963,2014-01-20T00:00:00.000+05:30,11242,SUSPECTED_FRAUD
28988,2014-01-20T00:00:00.000+05:30,2153,SUSPECTED_FRAUD
29042,2014-01-20T00:00:00.000+05:30,8564,SUSPECTED_FRAUD
29055,2014-01-20T00:00:00.000+05:30,9576,SUSPECTED_FRAUD
29131,2014-01-21T00:00:00.000+05:30,8652,SUSPECTED_FRAUD
29365,2014-01-22T00:00:00.000+05:30,9348,SUSPECTED_FRAUD
29431,2014-01-22T00:00:00.000+05:30,4806,SUSPECTED_FRAUD
29438,2014-01-22T00:00:00.000+05:30,5583,SUSPECTED_FRAUD
29499,2014-01-23T00:00:00.000+05:30,539,SUSPECTED_FRAUD
29580,2014-01-23T00:00:00.000+05:30,7969,SUSPECTED_FRAUD
29598,2014-01-23T00:00:00.000+05:30,3235,SUSPECTED_FRAUD
29630,2014-01-23T00:00:00.000+05:30,3003,SUSPECTED_FRAUD
29648,2014-01-24T00:00:00.000+05:30,449,SUSPECTED_FRAUD
29655,2014-01-24T00:00:00.000+05:30,6737,SUSPECTED_FRAUD
29696,2014-01-24T00:00:00.000+05:30,5217,SUSPECTED_FRAUD
29760,2014-01-25T00:00:00.000+05:30,11107,SUSPECTED_FRAUD
29821,2014-01-25T00:00:00.000+05:30,12318,SUSPECTED_FRAUD
29851,2014-01-26T00:00:00.000+05:30,8171,SUSPECTED_FRAUD
29915,2014-01-26T00:00:00.000+05:30,6863,SUSPECTED_FRAUD
29989,2014-01-27T00:00:00.000+05:30,6755,SUSPECTED_FRAUD
30037,2014-01-27T00:00:00.000+05:30,10475,SUSPECTED_FRAUD
30066,2014-01-27T00:00:00.000+05:30,579,SUSPECTED_FRAUD
30081,2014-01-28T00:00:00.000+05:30,4458,SUSPECTED_FRAUD
30207,2014-01-28T00:00:00.000+05:30,209,SUSPECTED_FRAUD
30245,2014-01-28T00:00:00.000+05:30,8698,SUSPECTED_FRAUD
30248,2014-01-29T00:00:00.000+05:30,2515,SUSPECTED_FRAUD
30269,2014-01-29T00:00:00.000+05:30,11017,SUSPECTED_FRAUD
30328,2014-01-29T00:00:00.000+05:30,4622,SUSPECTED_FRAUD
30482,2014-01-30T00:00:00.000+05:30,9819,SUSPECTED_FRAUD
30515,2014-01-30T00:00:00.000+05:30,11997,SUSPECTED_FRAUD
30557,2014-01-30T00:00:00.000+05:30,1588,SUSPECTED_FRAUD
30570,2014-01-30T00:00:00.000+05:30,346,SUSPECTED_FRAUD
30587,2014-01-31T00:00:00.000+05:30,549,SUSPECTED_FRAUD
30674,2014-01-31T00:00:00.000+05:30,2179,SUSPECTED_FRAUD
30681,2014-01-31T00:00:00.000+05:30,11146,SUSPECTED_FRAUD
30728,2014-01-31T00:00:00.000+05:30,7948,SUSPECTED_FRAUD
30867,2014-02-01T00:00:00.000+05:30,9953,SUSPECTED_FRAUD
30874,2014-02-01T00:00:00.000+05:30,11244,SUSPECTED_FRAUD
30880,2014-02-01T00:00:00.000+05:30,7595,SUSPECTED_FRAUD
30907,2014-02-01T00:00:00.000+05:30,8106,SUSPECTED_FRAUD
30924,2014-02-01T00:00:00.000+05:30,10548,SUSPECTED_FRAUD
30971,2014-02-01T00:00:00.000+05:30,11968,SUSPECTED_FRAUD
30973,2014-02-01T00:00:00.000+05:30,5636,SUSPECTED_FRAUD
31030,2014-02-02T00:00:00.000+05:30,4683,SUSPECTED_FRAUD
31061,2014-02-02T00:00:00.000+05:30,2021,SUSPECTED_FRAUD
31244,2014-02-03T00:00:00.000+05:30,11849,SUSPECTED_FRAUD
31290,2014-02-03T00:00:00.000+05:30,2147,SUSPECTED_FRAUD
31336,2014-02-03T00:00:00.000+05:30,9554,SUSPECTED_FRAUD
31350,2014-02-03T00:00:00.000+05:30,6542,SUSPECTED_FRAUD
31364,2014-02-03T00:00:00.000+05:30,1636,SUSPECTED_FRAUD
31433,2014-02-04T00:00:00.000+05:30,11484,SUSPECTED_FRAUD
31457,2014-02-04T00:00:00.000+05:30,6882,SUSPECTED_FRAUD
31520,2014-02-05T00:00:00.000+05:30,1380,SUSPECTED_FRAUD
31552,2014-02-05T00:00:00.000+05:30,10855,SUSPECTED_FRAUD
31564,2014-02-05T00:00:00.000+05:30,6319,SUSPECTED_FRAUD
31687,2014-02-06T00:00:00.000+05:30,9320,SUSPECTED_FRAUD
31713,2014-02-06T00:00:00.000+05:30,11245,SUSPECTED_FRAUD
31797,2014-02-07T00:00:00.000+05:30,6162,SUSPECTED_FRAUD
31819,2014-02-07T00:00:00.000+05:30,7410,SUSPECTED_FRAUD
31838,2014-02-07T00:00:00.000+05:30,3021,SUSPECTED_FRAUD
31843,2014-02-07T00:00:00.000+05:30,4678,SUSPECTED_FRAUD
31846,2014-02-07T00:00:00.000+05:30,9609,SUSPECTED_FRAUD
31871,2014-02-07T00:00:00.000+05:30,4297,SUSPECTED_FRAUD
31874,2014-02-07T00:00:00.000+05:30,2158,SUSPECTED_FRAUD
31920,2014-02-07T00:00:00.000+05:30,1273,SUSPECTED_FRAUD
32118,2014-02-09T00:00:00.000+05:30,2744,SUSPECTED_FRAUD
32242,2014-02-09T00:00:00.000+05:30,8631,SUSPECTED_FRAUD
32278,2014-02-09T00:00:00.000+05:30,9136,SUSPECTED_FRAUD
32302,2014-02-09T00:00:00.000+05:30,5413,SUSPECTED_FRAUD
32325,2014-02-10T00:00:00.000+05:30,10483,SUSPECTED_FRAUD
32370,2014-02-10T00:00:00.000+05:30,5204,SUSPECTED_FRAUD
32377,2014-02-10T00:00:00.000+05:30,5736,SUSPECTED_FRAUD
32447,2014-02-10T00:00:00.000+05:30,7255,SUSPECTED_FRAUD
32482,2014-02-10T00:00:00.000+05:30,1824,SUSPECTED_FRAUD
32496,2014-02-10T00:00:00.000+05:30,1090,SUSPECTED_FRAUD
32557,2014-02-11T00:00:00.000+05:30,2190,SUSPECTED_FRAUD
32574,2014-02-11T00:00:00.000+05:30,1475,SUSPECTED_FRAUD
32594,2014-02-11T00:00:00.000+05:30,4045,SUSPECTED_FRAUD
32617,2014-02-11T00:00:00.000+05:30,3800,SUSPECTED_FRAUD
32618,2014-02-11T00:00:00.000+05:30,8055,SUSPECTED_FRAUD
32653,2014-02-11T00:00:00.000+05:30,5313,SUSPECTED_FRAUD
32830,2014-02-12T00:00:00.000+05:30,6368,SUSPECTED_FRAUD
32846,2014-02-13T00:00:00.000+05:30,2062,SUSPECTED_FRAUD
32906,2014-02-13T00:00:00.000+05:30,10652,SUSPECTED_FRAUD
32954,2014-02-13T00:00:00.000+05:30,2268,SUSPECTED_FRAUD
33026,2014-02-14T00:00:00.000+05:30,10974,SUSPECTED_FRAUD
33029,2014-02-14T00:00:00.000+05:30,10854,SUSPECTED_FRAUD
33054,2014-02-14T00:00:00.000+05:30,7191,SUSPECTED_FRAUD
33120,2014-02-14T00:00:00.000+05:30,2631,SUSPECTED_FRAUD
33121,2014-02-14T00:00:00.000+05:30,10667,SUSPECTED_FRAUD
33131,2014-02-14T00:00:00.000+05:30,10453,SUSPECTED_FRAUD
33219,2014-02-15T00:00:00.000+05:30,8232,SUSPECTED_FRAUD
33244,2014-02-15T00:00:00.000+05:30,3321,SUSPECTED_FRAUD
33290,2014-02-15T00:00:00.000+05:30,83,SUSPECTED_FRAUD
33347,2014-02-16T00:00:00.000+05:30,12317,SUSPECTED_FRAUD
33374,2014-02-16T00:00:00.000+05:30,11912,SUSPECTED_FRAUD
33376,2014-02-16T00:00:00.000+05:30,2451,SUSPECTED_FRAUD
33452,2014-02-16T00:00:00.000+05:30,10308,SUSPECTED_FRAUD
33486,2014-02-16T00:00:00.000+05:30,538,SUSPECTED_FRAUD
33518,2014-02-16T00:00:00.000+05:30,761,SUSPECTED_FRAUD
33529,2014-02-16T00:00:00.000+05:30,5051,SUSPECTED_FRAUD
33607,2014-02-17T00:00:00.000+05:30,122,SUSPECTED_FRAUD
33619,2014-02-17T00:00:00.000+05:30,5001,SUSPECTED_FRAUD
33630,2014-02-17T00:00:00.000+05:30,83,SUSPECTED_FRAUD
33730,2014-02-18T00:00:00.000+05:30,10305,SUSPECTED_FRAUD
33824,2014-02-18T00:00:00.000+05:30,1509,SUSPECTED_FRAUD
33889,2014-02-18T00:00:00.000+05:30,8799,SUSPECTED_FRAUD
33926,2014-02-19T00:00:00.000+05:30,11643,SUSPECTED_FRAUD
33929,2014-02-19T00:00:00.000+05:30,9661,SUSPECTED_FRAUD
33931,2014-02-19T00:00:00.000+05:30,460,SUSPECTED_FRAUD
34010,2014-02-19T00:00:00.000+05:30,4215,SUSPECTED_FRAUD
34097,2014-02-19T00:00:00.000+05:30,4675,SUSPECTED_FRAUD
34103,2014-02-19T00:00:00.000+05:30,2053,SUSPECTED_FRAUD
34182,2014-02-20T00:00:00.000+05:30,9402,SUSPECTED_FRAUD
34194,2014-02-20T00:00:00.000+05:30,5195,SUSPECTED_FRAUD
34210,2014-02-20T00:00:00.000+05:30,1350,SUSPECTED_FRAUD
34249,2014-02-20T00:00:00.000+05:30,1979,SUSPECTED_FRAUD
34304,2014-02-21T00:00:00.000+05:30,1387,SUSPECTED_FRAUD
34354,2014-02-21T00:00:00.000+05:30,11460,SUSPECTED_FRAUD
34372,2014-02-21T00:00:00.000+05:30,1736,SUSPECTED_FRAUD
34387,2014-02-21T00:00:00.000+05:30,5897,SUSPECTED_FRAUD
34391,2014-02-21T00:00:00.000+05:30,3667,SUSPECTED_FRAUD
34417,2014-02-21T00:00:00.000+05:30,8471,SUSPECTED_FRAUD
34461,2014-02-22T00:00:00.000+05:30,2220,SUSPECTED_FRAUD
34491,2014-02-22T00:00:00.000+05:30,3145,SUSPECTED_FRAUD
34506,2014-02-22T00:00:00.000+05:30,9174,SUSPECTED_FRAUD
34567,2014-02-23T00:00:00.000+05:30,7314,SUSPECTED_FRAUD
34656,2014-02-23T00:00:00.000+05:30,89,SUSPECTED_FRAUD
34688,2014-02-24T00:00:00.000+05:30,8033,SUSPECTED_FRAUD
34690,2014-02-24T00:00:00.000+05:30,5086,SUSPECTED_FRAUD
34707,2014-02-24T00:00:00.000+05:30,64,SUSPECTED_FRAUD
34745,2014-02-24T00:00:00.000+05:30,5659,SUSPECTED_FRAUD
34777,2014-02-24T00:00:00.000+05:30,4933,SUSPECTED_FRAUD
34814,2014-02-24T00:00:00.000+05:30,2571,SUSPECTED_FRAUD
34821,2014-02-24T00:00:00.000+05:30,2303,SUSPECTED_FRAUD
34876,2014-02-25T00:00:00.000+05:30,5075,SUSPECTED_FRAUD
34925,2014-02-25T00:00:00.000+05:30,12249,SUSPECTED_FRAUD
34953,2014-02-25T00:00:00.000+05:30,8679,SUSPECTED_FRAUD
35083,2014-02-26T00:00:00.000+05:30,2518,SUSPECTED_FRAUD
35144,2014-02-26T00:00:00.000+05:30,8917,SUSPECTED_FRAUD
35154,2014-02-26T00:00:00.000+05:30,11387,SUSPECTED_FRAUD
35182,2014-02-27T00:00:00.000+05:30,6985,SUSPECTED_FRAUD
35288,2014-02-27T00:00:00.000+05:30,5817,SUSPECTED_FRAUD
35340,2014-02-28T00:00:00.000+05:30,1369,SUSPECTED_FRAUD
35642,2014-03-01T00:00:00.000+05:30,2605,SUSPECTED_FRAUD
35699,2014-03-01T00:00:00.000+05:30,1908,SUSPECTED_FRAUD
35746,2014-03-01T00:00:00.000+05:30,1804,SUSPECTED_FRAUD
35754,2014-03-01T00:00:00.000+05:30,5907,SUSPECTED_FRAUD
35764,2014-03-01T00:00:00.000+05:30,10304,SUSPECTED_FRAUD
35800,2014-03-02T00:00:00.000+05:30,5965,SUSPECTED_FRAUD
35823,2014-03-02T00:00:00.000+05:30,5674,SUSPECTED_FRAUD
35853,2014-03-02T00:00:00.000+05:30,9701,SUSPECTED_FRAUD
35855,2014-03-02T00:00:00.000+05:30,7290,SUSPECTED_FRAUD
35878,2014-03-03T00:00:00.000+05:30,3329,SUSPECTED_FRAUD
36013,2014-03-03T00:00:00.000+05:30,266,SUSPECTED_FRAUD
36014,2014-03-03T00:00:00.000+05:30,85,SUSPECTED_FRAUD
36023,2014-03-03T00:00:00.000+05:30,7110,SUSPECTED_FRAUD
36155,2014-03-04T00:00:00.000+05:30,996,SUSPECTED_FRAUD
36202,2014-03-04T00:00:00.000+05:30,4683,SUSPECTED_FRAUD
36222,2014-03-04T00:00:00.000+05:30,552,SUSPECTED_FRAUD
36279,2014-03-04T00:00:00.000+05:30,4718,SUSPECTED_FRAUD
36294,2014-03-04T00:00:00.000+05:30,5010,SUSPECTED_FRAUD
36344,2014-03-05T00:00:00.000+05:30,11197,SUSPECTED_FRAUD
36433,2014-03-05T00:00:00.000+05:30,2314,SUSPECTED_FRAUD
36437,2014-03-05T00:00:00.000+05:30,2123,SUSPECTED_FRAUD
36497,2014-03-06T00:00:00.000+05:30,6364,SUSPECTED_FRAUD
36584,2014-03-06T00:00:00.000+05:30,11430,SUSPECTED_FRAUD
36596,2014-03-06T00:00:00.000+05:30,10888,SUSPECTED_FRAUD
36618,2014-03-06T00:00:00.000+05:30,7657,SUSPECTED_FRAUD
36653,2014-03-06T00:00:00.000+05:30,6143,SUSPECTED_FRAUD
36685,2014-03-07T00:00:00.000+05:30,8650,SUSPECTED_FRAUD
36695,2014-03-07T00:00:00.000+05:30,10211,SUSPECTED_FRAUD
36761,2014-03-07T00:00:00.000+05:30,6518,SUSPECTED_FRAUD
36790,2014-03-07T00:00:00.000+05:30,352,SUSPECTED_FRAUD
36800,2014-03-07T00:00:00.000+05:30,2708,SUSPECTED_FRAUD
36811,2014-03-07T00:00:00.000+05:30,335,SUSPECTED_FRAUD
36905,2014-03-10T00:00:00.000+05:30,1243,SUSPECTED_FRAUD
37013,2014-03-10T00:00:00.000+05:30,6081,SUSPECTED_FRAUD
37048,2014-03-10T00:00:00.000+05:30,4209,SUSPECTED_FRAUD
37092,2014-03-10T00:00:00.000+05:30,5918,SUSPECTED_FRAUD
37202,2014-03-11T00:00:00.000+05:30,2662,SUSPECTED_FRAUD
37234,2014-03-11T00:00:00.000+05:30,7925,SUSPECTED_FRAUD
37258,2014-03-11T00:00:00.000+05:30,10281,SUSPECTED_FRAUD
37261,2014-03-11T00:00:00.000+05:30,5853,SUSPECTED_FRAUD
37417,2014-03-12T00:00:00.000+05:30,1877,SUSPECTED_FRAUD
37493,2014-03-12T00:00:00.000+05:30,11743,SUSPECTED_FRAUD
37496,2014-03-12T00:00:00.000+05:30,10029,SUSPECTED_FRAUD
37511,2014-03-12T00:00:00.000+05:30,1766,SUSPECTED_FRAUD
37577,2014-03-13T00:00:00.000+05:30,2046,SUSPECTED_FRAUD
37637,2014-03-14T00:00:00.000+05:30,2983,SUSPECTED_FRAUD
37640,2014-03-14T00:00:00.000+05:30,9799,SUSPECTED_FRAUD
37642,2014-03-14T00:00:00.000+05:30,12136,SUSPECTED_FRAUD
37650,2014-03-14T00:00:00.000+05:30,2446,SUSPECTED_FRAUD
37658,2014-03-14T00:00:00.000+05:30,6342,SUSPECTED_FRAUD
37735,2014-03-14T00:00:00.000+05:30,9387,SUSPECTED_FRAUD
37750,2014-03-14T00:00:00.000+05:30,7929,SUSPECTED_FRAUD
37755,2014-03-14T00:00:00.000+05:30,10120,SUSPECTED_FRAUD
37792,2014-03-14T00:00:00.000+05:30,726,SUSPECTED_FRAUD
37845,2014-03-15T00:00:00.000+05:30,3222,SUSPECTED_FRAUD
37848,2014-03-15T00:00:00.000+05:30,7894,SUSPECTED_FRAUD
37921,2014-03-15T00:00:00.000+05:30,639,SUSPECTED_FRAUD
37960,2014-03-15T00:00:00.000+05:30,6143,SUSPECTED_FRAUD
37970,2014-03-15T00:00:00.000+05:30,3515,SUSPECTED_FRAUD
38032,2014-03-16T00:00:00.000+05:30,3015,SUSPECTED_FRAUD
38035,2014-03-16T00:00:00.000+05:30,8456,SUSPECTED_FRAUD
38066,2014-03-16T00:00:00.000+05:30,9231,SUSPECTED_FRAUD
38105,2014-03-16T00:00:00.000+05:30,5834,SUSPECTED_FRAUD
38160,2014-03-16T00:00:00.000+05:30,5367,SUSPECTED_FRAUD
38195,2014-03-17T00:00:00.000+05:30,6338,SUSPECTED_FRAUD
38238,2014-03-17T00:00:00.000+05:30,1746,SUSPECTED_FRAUD
38305,2014-03-18T00:00:00.000+05:30,6305,SUSPECTED_FRAUD
38329,2014-03-18T00:00:00.000+05:30,10352,SUSPECTED_FRAUD
38337,2014-03-18T00:00:00.000+05:30,6433,SUSPECTED_FRAUD
38378,2014-03-18T00:00:00.000+05:30,12385,SUSPECTED_FRAUD
38389,2014-03-18T00:00:00.000+05:30,2645,SUSPECTED_FRAUD
38405,2014-03-18T00:00:00.000+05:30,5271,SUSPECTED_FRAUD
38452,2014-03-18T00:00:00.000+05:30,4979,SUSPECTED_FRAUD
38477,2014-03-19T00:00:00.000+05:30,12021,SUSPECTED_FRAUD
38501,2014-03-19T00:00:00.000+05:30,5417,SUSPECTED_FRAUD
38515,2014-03-19T00:00:00.000+05:30,11584,SUSPECTED_FRAUD
38530,2014-03-19T00:00:00.000+05:30,871,SUSPECTED_FRAUD
38538,2014-03-19T00:00:00.000+05:30,2433,SUSPECTED_FRAUD
38544,2014-03-19T00:00:00.000+05:30,10190,SUSPECTED_FRAUD
38598,2014-03-20T00:00:00.000+05:30,11018,SUSPECTED_FRAUD
38643,2014-03-20T00:00:00.000+05:30,11482,SUSPECTED_FRAUD
38702,2014-03-20T00:00:00.000+05:30,7527,SUSPECTED_FRAUD
38727,2014-03-21T00:00:00.000+05:30,8332,SUSPECTED_FRAUD
38745,2014-03-21T00:00:00.000+05:30,8617,SUSPECTED_FRAUD
38799,2014-03-21T00:00:00.000+05:30,4148,SUSPECTED_FRAUD
38821,2014-03-21T00:00:00.000+05:30,5695,SUSPECTED_FRAUD
38884,2014-03-22T00:00:00.000+05:30,9294,SUSPECTED_FRAUD
38948,2014-03-22T00:00:00.000+05:30,8185,SUSPECTED_FRAUD
39018,2014-03-22T00:00:00.000+05:30,9414,SUSPECTED_FRAUD
39023,2014-03-22T00:00:00.000+05:30,9069,SUSPECTED_FRAUD
39036,2014-03-22T00:00:00.000+05:30,7007,SUSPECTED_FRAUD
39069,2014-03-23T00:00:00.000+05:30,12396,SUSPECTED_FRAUD
39103,2014-03-23T00:00:00.000+05:30,7590,SUSPECTED_FRAUD
39104,2014-03-23T00:00:00.000+05:30,11804,SUSPECTED_FRAUD
39140,2014-03-23T00:00:00.000+05:30,11115,SUSPECTED_FRAUD
39147,2014-03-23T00:00:00.000+05:30,3569,SUSPECTED_FRAUD
39158,2014-03-23T00:00:00.000+05:30,11008,SUSPECTED_FRAUD
39160,2014-03-23T00:00:00.000+05:30,11053,SUSPECTED_FRAUD
39207,2014-03-23T00:00:00.000+05:30,488,SUSPECTED_FRAUD
39271,2014-03-24T00:00:00.000+05:30,3528,SUSPECTED_FRAUD
39342,2014-03-25T00:00:00.000+05:30,11417,SUSPECTED_FRAUD
39427,2014-03-26T00:00:00.000+05:30,9197,SUSPECTED_FRAUD
39453,2014-03-26T00:00:00.000+05:30,8753,SUSPECTED_FRAUD
39540,2014-03-26T00:00:00.000+05:30,11616,SUSPECTED_FRAUD
39605,2014-03-26T00:00:00.000+05:30,99,SUSPECTED_FRAUD
39644,2014-03-27T00:00:00.000+05:30,7284,SUSPECTED_FRAUD
39795,2014-03-28T00:00:00.000+05:30,3596,SUSPECTED_FRAUD
39803,2014-03-28T00:00:00.000+05:30,7768,SUSPECTED_FRAUD
39842,2014-03-28T00:00:00.000+05:30,9101,SUSPECTED_FRAUD
39884,2014-03-28T00:00:00.000+05:30,599,SUSPECTED_FRAUD
39913,2014-03-29T00:00:00.000+05:30,11316,SUSPECTED_FRAUD
40009,2014-03-30T00:00:00.000+05:30,6931,SUSPECTED_FRAUD
40162,2014-03-30T00:00:00.000+05:30,8892,SUSPECTED_FRAUD
40185,2014-03-30T00:00:00.000+05:30,10146,SUSPECTED_FRAUD
40198,2014-03-30T00:00:00.000+05:30,533,SUSPECTED_FRAUD
40362,2014-03-31T00:00:00.000+05:30,7115,SUSPECTED_FRAUD
40406,2014-03-31T00:00:00.000+05:30,7825,SUSPECTED_FRAUD
40412,2014-03-31T00:00:00.000+05:30,10643,SUSPECTED_FRAUD
40415,2014-03-31T00:00:00.000+05:30,8015,SUSPECTED_FRAUD
40460,2014-03-31T00:00:00.000+05:30,8596,SUSPECTED_FRAUD
40495,2014-04-01T00:00:00.000+05:30,2784,SUSPECTED_FRAUD
40532,2014-04-01T00:00:00.000+05:30,68,SUSPECTED_FRAUD
40537,2014-04-01T00:00:00.000+05:30,2005,SUSPECTED_FRAUD
40541,2014-04-01T00:00:00.000+05:30,8198,SUSPECTED_FRAUD
40565,2014-04-01T00:00:00.000+05:30,5950,SUSPECTED_FRAUD
40583,2014-04-01T00:00:00.000+05:30,3999,SUSPECTED_FRAUD
40589,2014-04-01T00:00:00.000+05:30,1458,SUSPECTED_FRAUD
40732,2014-04-02T00:00:00.000+05:30,8012,SUSPECTED_FRAUD
40796,2014-04-02T00:00:00.000+05:30,2091,SUSPECTED_FRAUD
40855,2014-04-02T00:00:00.000+05:30,4334,SUSPECTED_FRAUD
40859,2014-04-02T00:00:00.000+05:30,9528,SUSPECTED_FRAUD
40912,2014-04-03T00:00:00.000+05:30,465,SUSPECTED_FRAUD
41026,2014-04-03T00:00:00.000+05:30,742,SUSPECTED_FRAUD
41059,2014-04-03T00:00:00.000+05:30,421,SUSPECTED_FRAUD
41168,2014-04-04T00:00:00.000+05:30,9193,SUSPECTED_FRAUD
41231,2014-04-04T00:00:00.000+05:30,3165,SUSPECTED_FRAUD
41255,2014-04-04T00:00:00.000+05:30,4968,SUSPECTED_FRAUD
41308,2014-04-05T00:00:00.000+05:30,3569,SUSPECTED_FRAUD
41400,2014-04-05T00:00:00.000+05:30,1430,SUSPECTED_FRAUD
41409,2014-04-05T00:00:00.000+05:30,12185,SUSPECTED_FRAUD
41561,2014-04-07T00:00:00.000+05:30,12201,SUSPECTED_FRAUD
41569,2014-04-08T00:00:00.000+05:30,8841,SUSPECTED_FRAUD
41579,2014-04-08T00:00:00.000+05:30,3878,SUSPECTED_FRAUD
41590,2014-04-08T00:00:00.000+05:30,125,SUSPECTED_FRAUD
41623,2014-04-08T00:00:00.000+05:30,12253,SUSPECTED_FRAUD
41631,2014-04-08T00:00:00.000+05:30,2396,SUSPECTED_FRAUD
41684,2014-04-08T00:00:00.000+05:30,9733,SUSPECTED_FRAUD
41831,2014-04-09T00:00:00.000+05:30,16,SUSPECTED_FRAUD
41855,2014-04-09T00:00:00.000+05:30,9999,SUSPECTED_FRAUD
41866,2014-04-09T00:00:00.000+05:30,3800,SUSPECTED_FRAUD
41868,2014-04-09T00:00:00.000+05:30,11959,SUSPECTED_FRAUD
41972,2014-04-09T00:00:00.000+05:30,2504,SUSPECTED_FRAUD
42001,2014-04-10T00:00:00.000+05:30,2330,SUSPECTED_FRAUD
42064,2014-04-10T00:00:00.000+05:30,9539,SUSPECTED_FRAUD
42163,2014-04-10T00:00:00.000+05:30,5666,SUSPECTED_FRAUD
42208,2014-04-10T00:00:00.000+05:30,12151,SUSPECTED_FRAUD
42209,2014-04-10T00:00:00.000+05:30,12262,SUSPECTED_FRAUD
42216,2014-04-11T00:00:00.000+05:30,9598,SUSPECTED_FRAUD
42255,2014-04-11T00:00:00.000+05:30,8113,SUSPECTED_FRAUD
42300,2014-04-11T00:00:00.000+05:30,7931,SUSPECTED_FRAUD
42377,2014-04-12T00:00:00.000+05:30,2748,SUSPECTED_FRAUD
42414,2014-04-12T00:00:00.000+05:30,7800,SUSPECTED_FRAUD
42452,2014-04-12T00:00:00.000+05:30,5899,SUSPECTED_FRAUD
42502,2014-04-12T00:00:00.000+05:30,4675,SUSPECTED_FRAUD
42509,2014-04-12T00:00:00.000+05:30,3237,SUSPECTED_FRAUD
42632,2014-04-14T00:00:00.000+05:30,9196,SUSPECTED_FRAUD
42657,2014-04-14T00:00:00.000+05:30,8949,SUSPECTED_FRAUD
42782,2014-04-15T00:00:00.000+05:30,1420,SUSPECTED_FRAUD
42831,2014-04-16T00:00:00.000+05:30,5778,SUSPECTED_FRAUD
42887,2014-04-16T00:00:00.000+05:30,8805,SUSPECTED_FRAUD
42959,2014-04-17T00:00:00.000+05:30,8036,SUSPECTED_FRAUD
43063,2014-04-18T00:00:00.000+05:30,11556,SUSPECTED_FRAUD
43126,2014-04-18T00:00:00.000+05:30,8374,SUSPECTED_FRAUD
43163,2014-04-18T00:00:00.000+05:30,3985,SUSPECTED_FRAUD
43182,2014-04-18T00:00:00.000+05:30,11061,SUSPECTED_FRAUD
43243,2014-04-19T00:00:00.000+05:30,5657,SUSPECTED_FRAUD
43256,2014-04-19T00:00:00.000+05:30,6887,SUSPECTED_FRAUD
43307,2014-04-19T00:00:00.000+05:30,10150,SUSPECTED_FRAUD
43310,2014-04-19T00:00:00.000+05:30,3603,SUSPECTED_FRAUD
43345,2014-04-20T00:00:00.000+05:30,4315,SUSPECTED_FRAUD
43482,2014-04-21T00:00:00.000+05:30,7779,SUSPECTED_FRAUD
43494,2014-04-21T00:00:00.000+05:30,9205,SUSPECTED_FRAUD
43538,2014-04-21T00:00:00.000+05:30,8535,SUSPECTED_FRAUD
43551,2014-04-21T00:00:00.000+05:30,1191,SUSPECTED_FRAUD
43715,2014-04-22T00:00:00.000+05:30,4188,SUSPECTED_FRAUD
43722,2014-04-22T00:00:00.000+05:30,662,SUSPECTED_FRAUD
43729,2014-04-22T00:00:00.000+05:30,11494,SUSPECTED_FRAUD
43774,2014-04-22T00:00:00.000+05:30,9502,SUSPECTED_FRAUD
43874,2014-04-23T00:00:00.000+05:30,783,SUSPECTED_FRAUD
43881,2014-04-23T00:00:00.000+05:30,98,SUSPECTED_FRAUD
43890,2014-04-23T00:00:00.000+05:30,9182,SUSPECTED_FRAUD
43971,2014-04-23T00:00:00.000+05:30,5614,SUSPECTED_FRAUD
43975,2014-04-23T00:00:00.000+05:30,7842,SUSPECTED_FRAUD
44067,2014-04-24T00:00:00.000+05:30,5604,SUSPECTED_FRAUD
44153,2014-04-25T00:00:00.000+05:30,8423,SUSPECTED_FRAUD
44256,2014-04-25T00:00:00.000+05:30,12256,SUSPECTED_FRAUD
44265,2014-04-25T00:00:00.000+05:30,7331,SUSPECTED_FRAUD
44341,2014-04-26T00:00:00.000+05:30,6499,SUSPECTED_FRAUD
44377,2014-04-26T00:00:00.000+05:30,8740,SUSPECTED_FRAUD
44432,2014-04-26T00:00:00.000+05:30,8994,SUSPECTED_FRAUD
44452,2014-04-26T00:00:00.000+05:30,1250,SUSPECTED_FRAUD
44458,2014-04-26T00:00:00.000+05:30,618,SUSPECTED_FRAUD
44463,2014-04-26T00:00:00.000+05:30,9714,SUSPECTED_FRAUD
44552,2014-04-27T00:00:00.000+05:30,10722,SUSPECTED_FRAUD
44571,2014-04-27T00:00:00.000+05:30,10459,SUSPECTED_FRAUD
44715,2014-04-27T00:00:00.000+05:30,8984,SUSPECTED_FRAUD
44821,2014-04-28T00:00:00.000+05:30,6265,SUSPECTED_FRAUD
44944,2014-04-29T00:00:00.000+05:30,12070,SUSPECTED_FRAUD
45018,2014-04-29T00:00:00.000+05:30,5493,SUSPECTED_FRAUD
45034,2014-04-29T00:00:00.000+05:30,8651,SUSPECTED_FRAUD
45041,2014-04-29T00:00:00.000+05:30,10558,SUSPECTED_FRAUD
45084,2014-04-30T00:00:00.000+05:30,10552,SUSPECTED_FRAUD
45161,2014-04-30T00:00:00.000+05:30,3315,SUSPECTED_FRAUD
45170,2014-05-01T00:00:00.000+05:30,2400,SUSPECTED_FRAUD
45181,2014-05-01T00:00:00.000+05:30,5492,SUSPECTED_FRAUD
45302,2014-05-02T00:00:00.000+05:30,1749,SUSPECTED_FRAUD
45323,2014-05-02T00:00:00.000+05:30,1558,SUSPECTED_FRAUD
45348,2014-05-02T00:00:00.000+05:30,9944,SUSPECTED_FRAUD
45392,2014-05-02T00:00:00.000+05:30,11715,SUSPECTED_FRAUD
45420,2014-05-02T00:00:00.000+05:30,10911,SUSPECTED_FRAUD
45463,2014-05-03T00:00:00.000+05:30,268,SUSPECTED_FRAUD
45467,2014-05-03T00:00:00.000+05:30,11881,SUSPECTED_FRAUD
45527,2014-05-03T00:00:00.000+05:30,8225,SUSPECTED_FRAUD
45543,2014-05-03T00:00:00.000+05:30,7271,SUSPECTED_FRAUD
45555,2014-05-03T00:00:00.000+05:30,7439,SUSPECTED_FRAUD
45654,2014-05-04T00:00:00.000+05:30,7457,SUSPECTED_FRAUD
45665,2014-05-04T00:00:00.000+05:30,3038,SUSPECTED_FRAUD
45687,2014-05-04T00:00:00.000+05:30,1374,SUSPECTED_FRAUD
45722,2014-05-04T00:00:00.000+05:30,8702,SUSPECTED_FRAUD
45758,2014-05-05T00:00:00.000+05:30,8050,SUSPECTED_FRAUD
45907,2014-05-06T00:00:00.000+05:30,2266,SUSPECTED_FRAUD
45931,2014-05-06T00:00:00.000+05:30,4969,SUSPECTED_FRAUD
45962,2014-05-06T00:00:00.000+05:30,2562,SUSPECTED_FRAUD
45977,2014-05-06T00:00:00.000+05:30,4987,SUSPECTED_FRAUD
45979,2014-05-06T00:00:00.000+05:30,4432,SUSPECTED_FRAUD
45983,2014-05-06T00:00:00.000+05:30,3220,SUSPECTED_FRAUD
45987,2014-05-06T00:00:00.000+05:30,9419,SUSPECTED_FRAUD
45999,2014-05-06T00:00:00.000+05:30,10775,SUSPECTED_FRAUD
46124,2014-05-07T00:00:00.000+05:30,1823,SUSPECTED_FRAUD
46184,2014-05-07T00:00:00.000+05:30,6637,SUSPECTED_FRAUD
46382,2014-05-09T00:00:00.000+05:30,4310,SUSPECTED_FRAUD
46473,2014-05-09T00:00:00.000+05:30,9839,SUSPECTED_FRAUD
46490,2014-05-09T00:00:00.000+05:30,10906,SUSPECTED_FRAUD
46556,2014-05-09T00:00:00.000+05:30,10374,SUSPECTED_FRAUD
46559,2014-05-09T00:00:00.000+05:30,8204,SUSPECTED_FRAUD
46572,2014-05-09T00:00:00.000+05:30,10036,SUSPECTED_FRAUD
46647,2014-05-10T00:00:00.000+05:30,9278,SUSPECTED_FRAUD
46655,2014-05-10T00:00:00.000+05:30,6973,SUSPECTED_FRAUD
46662,2014-05-10T00:00:00.000+05:30,9783,SUSPECTED_FRAUD
46681,2014-05-10T00:00:00.000+05:30,3114,SUSPECTED_FRAUD
46688,2014-05-10T00:00:00.000+05:30,1613,SUSPECTED_FRAUD
46778,2014-05-11T00:00:00.000+05:30,7848,SUSPECTED_FRAUD
46787,2014-05-11T00:00:00.000+05:30,7341,SUSPECTED_FRAUD
46798,2014-05-11T00:00:00.000+05:30,528,SUSPECTED_FRAUD
46824,2014-05-11T00:00:00.000+05:30,10887,SUSPECTED_FRAUD
46861,2014-05-11T00:00:00.000+05:30,6490,SUSPECTED_FRAUD
46868,2014-05-11T00:00:00.000+05:30,11377,SUSPECTED_FRAUD
46925,2014-05-11T00:00:00.000+05:30,4347,SUSPECTED_FRAUD
46939,2014-05-12T00:00:00.000+05:30,11915,SUSPECTED_FRAUD
46943,2014-05-12T00:00:00.000+05:30,1757,SUSPECTED_FRAUD
46987,2014-05-12T00:00:00.000+05:30,6065,SUSPECTED_FRAUD
47099,2014-05-12T00:00:00.000+05:30,12413,SUSPECTED_FRAUD
47226,2014-05-13T00:00:00.000+05:30,6786,SUSPECTED_FRAUD
47238,2014-05-13T00:00:00.000+05:30,10214,SUSPECTED_FRAUD
47306,2014-05-13T00:00:00.000+05:30,2984,SUSPECTED_FRAUD
47454,2014-05-14T00:00:00.000+05:30,12429,SUSPECTED_FRAUD
47476,2014-05-15T00:00:00.000+05:30,4203,SUSPECTED_FRAUD
47493,2014-05-15T00:00:00.000+05:30,4612,SUSPECTED_FRAUD
47515,2014-05-15T00:00:00.000+05:30,8452,SUSPECTED_FRAUD
47520,2014-05-15T00:00:00.000+05:30,5146,SUSPECTED_FRAUD
47642,2014-05-16T00:00:00.000+05:30,1464,SUSPECTED_FRAUD
47730,2014-05-16T00:00:00.000+05:30,6818,SUSPECTED_FRAUD
47767,2014-05-16T00:00:00.000+05:30,1953,SUSPECTED_FRAUD
47813,2014-05-16T00:00:00.000+05:30,8382,SUSPECTED_FRAUD
47820,2014-05-17T00:00:00.000+05:30,6090,SUSPECTED_FRAUD
47840,2014-05-17T00:00:00.000+05:30,2728,SUSPECTED_FRAUD
47886,2014-05-17T00:00:00.000+05:30,4517,SUSPECTED_FRAUD
47914,2014-05-17T00:00:00.000+05:30,11956,SUSPECTED_FRAUD
47921,2014-05-17T00:00:00.000+05:30,7260,SUSPECTED_FRAUD
47922,2014-05-17T00:00:00.000+05:30,1128,SUSPECTED_FRAUD
47952,2014-05-18T00:00:00.000+05:30,7515,SUSPECTED_FRAUD
48132,2014-05-19T00:00:00.000+05:30,11288,SUSPECTED_FRAUD
48154,2014-05-19T00:00:00.000+05:30,3808,SUSPECTED_FRAUD
48163,2014-05-19T00:00:00.000+05:30,4329,SUSPECTED_FRAUD
48246,2014-05-20T00:00:00.000+05:30,7585,SUSPECTED_FRAUD
48255,2014-05-20T00:00:00.000+05:30,5681,SUSPECTED_FRAUD
48279,2014-05-20T00:00:00.000+05:30,4514,SUSPECTED_FRAUD
48286,2014-05-20T00:00:00.000+05:30,1661,SUSPECTED_FRAUD
48348,2014-05-20T00:00:00.000+05:30,6138,SUSPECTED_FRAUD
48370,2014-05-21T00:00:00.000+05:30,9449,SUSPECTED_FRAUD
48399,2014-05-21T00:00:00.000+05:30,5286,SUSPECTED_FRAUD
48440,2014-05-21T00:00:00.000+05:30,6253,SUSPECTED_FRAUD
48458,2014-05-21T00:00:00.000+05:30,11422,SUSPECTED_FRAUD
48464,2014-05-21T00:00:00.000+05:30,11893,SUSPECTED_FRAUD
48486,2014-05-21T00:00:00.000+05:30,3613,SUSPECTED_FRAUD
48588,2014-05-22T00:00:00.000+05:30,4230,SUSPECTED_FRAUD
48682,2014-05-23T00:00:00.000+05:30,5674,SUSPECTED_FRAUD
48702,2014-05-23T00:00:00.000+05:30,11351,SUSPECTED_FRAUD
48724,2014-05-24T00:00:00.000+05:30,6750,SUSPECTED_FRAUD
48729,2014-05-24T00:00:00.000+05:30,11704,SUSPECTED_FRAUD
48741,2014-05-24T00:00:00.000+05:30,4254,SUSPECTED_FRAUD
48809,2014-05-24T00:00:00.000+05:30,12155,SUSPECTED_FRAUD
48850,2014-05-24T00:00:00.000+05:30,9093,SUSPECTED_FRAUD
48853,2014-05-24T00:00:00.000+05:30,9419,SUSPECTED_FRAUD
48860,2014-05-24T00:00:00.000+05:30,7113,SUSPECTED_FRAUD
48900,2014-05-25T00:00:00.000+05:30,9246,SUSPECTED_FRAUD
48904,2014-05-25T00:00:00.000+05:30,12113,SUSPECTED_FRAUD
48948,2014-05-25T00:00:00.000+05:30,11874,SUSPECTED_FRAUD
49002,2014-05-26T00:00:00.000+05:30,5487,SUSPECTED_FRAUD
49040,2014-05-26T00:00:00.000+05:30,8532,SUSPECTED_FRAUD
49075,2014-05-26T00:00:00.000+05:30,2805,SUSPECTED_FRAUD
49152,2014-05-27T00:00:00.000+05:30,9778,SUSPECTED_FRAUD
49209,2014-05-28T00:00:00.000+05:30,6040,SUSPECTED_FRAUD
49218,2014-05-28T00:00:00.000+05:30,7683,SUSPECTED_FRAUD
49258,2014-05-28T00:00:00.000+05:30,6418,SUSPECTED_FRAUD
49337,2014-05-28T00:00:00.000+05:30,9263,SUSPECTED_FRAUD
49349,2014-05-28T00:00:00.000+05:30,6731,SUSPECTED_FRAUD
49408,2014-05-29T00:00:00.000+05:30,185,SUSPECTED_FRAUD
49410,2014-05-29T00:00:00.000+05:30,3005,SUSPECTED_FRAUD
49458,2014-05-29T00:00:00.000+05:30,11185,SUSPECTED_FRAUD
49540,2014-05-30T00:00:00.000+05:30,3583,SUSPECTED_FRAUD
49582,2014-05-30T00:00:00.000+05:30,8747,SUSPECTED_FRAUD
49683,2014-05-31T00:00:00.000+05:30,7979,SUSPECTED_FRAUD
49720,2014-05-31T00:00:00.000+05:30,3371,SUSPECTED_FRAUD
49749,2014-06-01T00:00:00.000+05:30,7473,SUSPECTED_FRAUD
49793,2014-06-01T00:00:00.000+05:30,3506,SUSPECTED_FRAUD
49810,2014-06-01T00:00:00.000+05:30,8526,SUSPECTED_FRAUD
49842,2014-06-01T00:00:00.000+05:30,6193,SUSPECTED_FRAUD
49915,2014-06-02T00:00:00.000+05:30,1256,SUSPECTED_FRAUD
49918,2014-06-02T00:00:00.000+05:30,8001,SUSPECTED_FRAUD
49963,2014-06-02T00:00:00.000+05:30,9096,SUSPECTED_FRAUD
50037,2014-06-02T00:00:00.000+05:30,6060,SUSPECTED_FRAUD
50048,2014-06-02T00:00:00.000+05:30,2988,SUSPECTED_FRAUD
50089,2014-06-03T00:00:00.000+05:30,1857,SUSPECTED_FRAUD
50119,2014-06-03T00:00:00.000+05:30,1484,SUSPECTED_FRAUD
50210,2014-06-04T00:00:00.000+05:30,8613,SUSPECTED_FRAUD
50280,2014-06-05T00:00:00.000+05:30,5891,SUSPECTED_FRAUD
50389,2014-06-06T00:00:00.000+05:30,3108,SUSPECTED_FRAUD
50484,2014-06-06T00:00:00.000+05:30,7128,SUSPECTED_FRAUD
50500,2014-06-06T00:00:00.000+05:30,3756,SUSPECTED_FRAUD
50538,2014-06-07T00:00:00.000+05:30,9332,SUSPECTED_FRAUD
50642,2014-06-07T00:00:00.000+05:30,4507,SUSPECTED_FRAUD
50659,2014-06-07T00:00:00.000+05:30,8015,SUSPECTED_FRAUD
50724,2014-06-08T00:00:00.000+05:30,11441,SUSPECTED_FRAUD
50730,2014-06-08T00:00:00.000+05:30,6002,SUSPECTED_FRAUD
50740,2014-06-08T00:00:00.000+05:30,4709,SUSPECTED_FRAUD
50783,2014-06-08T00:00:00.000+05:30,11021,SUSPECTED_FRAUD
50803,2014-06-08T00:00:00.000+05:30,1923,SUSPECTED_FRAUD
50852,2014-06-08T00:00:00.000+05:30,5774,SUSPECTED_FRAUD
50854,2014-06-08T00:00:00.000+05:30,10635,SUSPECTED_FRAUD
50897,2014-06-09T00:00:00.000+05:30,2649,SUSPECTED_FRAUD
50955,2014-06-09T00:00:00.000+05:30,6266,SUSPECTED_FRAUD
50966,2014-06-09T00:00:00.000+05:30,578,SUSPECTED_FRAUD
51107,2014-06-10T00:00:00.000+05:30,11316,SUSPECTED_FRAUD
51120,2014-06-10T00:00:00.000+05:30,8130,SUSPECTED_FRAUD
51125,2014-06-10T00:00:00.000+05:30,12284,SUSPECTED_FRAUD
51178,2014-06-10T00:00:00.000+05:30,8880,SUSPECTED_FRAUD
51215,2014-06-11T00:00:00.000+05:30,1282,SUSPECTED_FRAUD
51248,2014-06-11T00:00:00.000+05:30,2540,SUSPECTED_FRAUD
51416,2014-06-13T00:00:00.000+05:30,5624,SUSPECTED_FRAUD
51517,2014-06-13T00:00:00.000+05:30,9030,SUSPECTED_FRAUD
51520,2014-06-13T00:00:00.000+05:30,4226,SUSPECTED_FRAUD
51609,2014-06-13T00:00:00.000+05:30,2272,SUSPECTED_FRAUD
51629,2014-06-13T00:00:00.000+05:30,1436,SUSPECTED_FRAUD
51643,2014-06-14T00:00:00.000+05:30,4968,SUSPECTED_FRAUD
51655,2014-06-14T00:00:00.000+05:30,7241,SUSPECTED_FRAUD
51691,2014-06-14T00:00:00.000+05:30,2762,SUSPECTED_FRAUD
51742,2014-06-14T00:00:00.000+05:30,2917,SUSPECTED_FRAUD
51744,2014-06-14T00:00:00.000+05:30,6141,SUSPECTED_FRAUD
51747,2014-06-14T00:00:00.000+05:30,9019,SUSPECTED_FRAUD
51763,2014-06-14T00:00:00.000+05:30,9737,SUSPECTED_FRAUD
51811,2014-06-14T00:00:00.000+05:30,5659,SUSPECTED_FRAUD
51884,2014-06-15T00:00:00.000+05:30,1844,SUSPECTED_FRAUD
51895,2014-06-15T00:00:00.000+05:30,2389,SUSPECTED_FRAUD
51952,2014-06-16T00:00:00.000+05:30,2170,SUSPECTED_FRAUD
52124,2014-06-16T00:00:00.000+05:30,1625,SUSPECTED_FRAUD
52230,2014-06-17T00:00:00.000+05:30,9963,SUSPECTED_FRAUD
52260,2014-06-17T00:00:00.000+05:30,5822,SUSPECTED_FRAUD
52321,2014-06-18T00:00:00.000+05:30,4249,SUSPECTED_FRAUD
52337,2014-06-18T00:00:00.000+05:30,7549,SUSPECTED_FRAUD
52455,2014-06-19T00:00:00.000+05:30,7469,SUSPECTED_FRAUD
52483,2014-06-19T00:00:00.000+05:30,3453,SUSPECTED_FRAUD
52490,2014-06-19T00:00:00.000+05:30,1754,SUSPECTED_FRAUD
52533,2014-06-19T00:00:00.000+05:30,9002,SUSPECTED_FRAUD
52567,2014-06-19T00:00:00.000+05:30,7210,SUSPECTED_FRAUD
52619,2014-06-19T00:00:00.000+05:30,5948,SUSPECTED_FRAUD
52684,2014-06-20T00:00:00.000+05:30,12317,SUSPECTED_FRAUD
52715,2014-06-20T00:00:00.000+05:30,11610,SUSPECTED_FRAUD
52719,2014-06-20T00:00:00.000+05:30,3398,SUSPECTED_FRAUD
52772,2014-06-21T00:00:00.000+05:30,27,SUSPECTED_FRAUD
52778,2014-06-21T00:00:00.000+05:30,8889,SUSPECTED_FRAUD
52811,2014-06-22T00:00:00.000+05:30,9648,SUSPECTED_FRAUD
52821,2014-06-22T00:00:00.000+05:30,6018,SUSPECTED_FRAUD
52859,2014-06-22T00:00:00.000+05:30,7309,SUSPECTED_FRAUD
52940,2014-06-23T00:00:00.000+05:30,4935,SUSPECTED_FRAUD
52990,2014-06-23T00:00:00.000+05:30,1723,SUSPECTED_FRAUD
53022,2014-06-24T00:00:00.000+05:30,6075,SUSPECTED_FRAUD
53023,2014-06-24T00:00:00.000+05:30,9115,SUSPECTED_FRAUD
53064,2014-06-24T00:00:00.000+05:30,7296,SUSPECTED_FRAUD
53067,2014-06-24T00:00:00.000+05:30,10692,SUSPECTED_FRAUD
53068,2014-06-24T00:00:00.000+05:30,8014,SUSPECTED_FRAUD
53121,2014-06-25T00:00:00.000+05:30,2103,SUSPECTED_FRAUD
53136,2014-06-25T00:00:00.000+05:30,9330,SUSPECTED_FRAUD
53166,2014-06-25T00:00:00.000+05:30,1892,SUSPECTED_FRAUD
53218,2014-06-25T00:00:00.000+05:30,8549,SUSPECTED_FRAUD
53304,2014-06-25T00:00:00.000+05:30,1261,SUSPECTED_FRAUD
53316,2014-06-25T00:00:00.000+05:30,6699,SUSPECTED_FRAUD
53325,2014-06-25T00:00:00.000+05:30,11517,SUSPECTED_FRAUD
53418,2014-06-26T00:00:00.000+05:30,12108,SUSPECTED_FRAUD
53439,2014-06-26T00:00:00.000+05:30,6795,SUSPECTED_FRAUD
53457,2014-06-26T00:00:00.000+05:30,11681,SUSPECTED_FRAUD
53498,2014-06-27T00:00:00.000+05:30,4683,SUSPECTED_FRAUD
53514,2014-06-27T00:00:00.000+05:30,6271,SUSPECTED_FRAUD
53563,2014-06-27T00:00:00.000+05:30,5374,SUSPECTED_FRAUD
53568,2014-06-27T00:00:00.000+05:30,2013,SUSPECTED_FRAUD
53578,2014-06-27T00:00:00.000+05:30,10421,SUSPECTED_FRAUD
53679,2014-06-27T00:00:00.000+05:30,12284,SUSPECTED_FRAUD
53697,2014-06-28T00:00:00.000+05:30,4360,SUSPECTED_FRAUD
53727,2014-06-28T00:00:00.000+05:30,7210,SUSPECTED_FRAUD
53731,2014-06-28T00:00:00.000+05:30,9413,SUSPECTED_FRAUD
53759,2014-06-28T00:00:00.000+05:30,11021,SUSPECTED_FRAUD
53855,2014-06-29T00:00:00.000+05:30,5311,SUSPECTED_FRAUD
54019,2014-07-01T00:00:00.000+05:30,3264,SUSPECTED_FRAUD
54022,2014-07-01T00:00:00.000+05:30,445,SUSPECTED_FRAUD
54023,2014-07-01T00:00:00.000+05:30,1666,SUSPECTED_FRAUD
54026,2014-07-01T00:00:00.000+05:30,4518,SUSPECTED_FRAUD
54030,2014-07-01T00:00:00.000+05:30,8094,SUSPECTED_FRAUD
54053,2014-07-01T00:00:00.000+05:30,7520,SUSPECTED_FRAUD
54124,2014-07-01T00:00:00.000+05:30,10759,SUSPECTED_FRAUD
54154,2014-07-01T00:00:00.000+05:30,10541,SUSPECTED_FRAUD
54165,2014-07-01T00:00:00.000+05:30,4246,SUSPECTED_FRAUD
54217,2014-07-02T00:00:00.000+05:30,7070,SUSPECTED_FRAUD
54239,2014-07-02T00:00:00.000+05:30,10707,SUSPECTED_FRAUD
54247,2014-07-02T00:00:00.000+05:30,2579,SUSPECTED_FRAUD
54262,2014-07-02T00:00:00.000+05:30,10596,SUSPECTED_FRAUD
54283,2014-07-03T00:00:00.000+05:30,7698,SUSPECTED_FRAUD
54319,2014-07-03T00:00:00.000+05:30,3289,SUSPECTED_FRAUD
54336,2014-07-03T00:00:00.000+05:30,2731,SUSPECTED_FRAUD
54435,2014-07-03T00:00:00.000+05:30,8218,SUSPECTED_FRAUD
54475,2014-07-04T00:00:00.000+05:30,6272,SUSPECTED_FRAUD
54529,2014-07-04T00:00:00.000+05:30,4542,SUSPECTED_FRAUD
54648,2014-07-05T00:00:00.000+05:30,11542,SUSPECTED_FRAUD
54669,2014-07-05T00:00:00.000+05:30,8264,SUSPECTED_FRAUD
54698,2014-07-05T00:00:00.000+05:30,3178,SUSPECTED_FRAUD
54723,2014-07-05T00:00:00.000+05:30,4713,SUSPECTED_FRAUD
54827,2014-07-07T00:00:00.000+05:30,1695,SUSPECTED_FRAUD
54853,2014-07-07T00:00:00.000+05:30,10779,SUSPECTED_FRAUD
54897,2014-07-07T00:00:00.000+05:30,2648,SUSPECTED_FRAUD
54903,2014-07-07T00:00:00.000+05:30,3454,SUSPECTED_FRAUD
54930,2014-07-07T00:00:00.000+05:30,8549,SUSPECTED_FRAUD
54965,2014-07-08T00:00:00.000+05:30,7082,SUSPECTED_FRAUD
55026,2014-07-08T00:00:00.000+05:30,8548,SUSPECTED_FRAUD
55097,2014-07-08T00:00:00.000+05:30,8098,SUSPECTED_FRAUD
55182,2014-07-08T00:00:00.000+05:30,9925,SUSPECTED_FRAUD
55207,2014-07-09T00:00:00.000+05:30,4061,SUSPECTED_FRAUD
55285,2014-07-09T00:00:00.000+05:30,2715,SUSPECTED_FRAUD
55334,2014-07-10T00:00:00.000+05:30,472,SUSPECTED_FRAUD
55357,2014-07-10T00:00:00.000+05:30,1562,SUSPECTED_FRAUD
55416,2014-07-10T00:00:00.000+05:30,9896,SUSPECTED_FRAUD
55454,2014-07-10T00:00:00.000+05:30,3655,SUSPECTED_FRAUD
55492,2014-07-11T00:00:00.000+05:30,5581,SUSPECTED_FRAUD
55534,2014-07-11T00:00:00.000+05:30,1631,SUSPECTED_FRAUD
55543,2014-07-11T00:00:00.000+05:30,11162,SUSPECTED_FRAUD
55638,2014-07-12T00:00:00.000+05:30,7650,SUSPECTED_FRAUD
55716,2014-07-12T00:00:00.000+05:30,11248,SUSPECTED_FRAUD
55788,2014-07-13T00:00:00.000+05:30,5145,SUSPECTED_FRAUD
55810,2014-07-13T00:00:00.000+05:30,2613,SUSPECTED_FRAUD
55879,2014-07-13T00:00:00.000+05:30,11541,SUSPECTED_FRAUD
55910,2014-07-13T00:00:00.000+05:30,805,SUSPECTED_FRAUD
55915,2014-07-13T00:00:00.000+05:30,9824,SUSPECTED_FRAUD
55993,2014-07-14T00:00:00.000+05:30,7318,SUSPECTED_FRAUD
56244,2014-07-15T00:00:00.000+05:30,437,SUSPECTED_FRAUD
56270,2014-07-15T00:00:00.000+05:30,12226,SUSPECTED_FRAUD
56361,2014-07-16T00:00:00.000+05:30,5323,SUSPECTED_FRAUD
56417,2014-07-17T00:00:00.000+05:30,8870,SUSPECTED_FRAUD
56418,2014-07-17T00:00:00.000+05:30,9950,SUSPECTED_FRAUD
56487,2014-07-17T00:00:00.000+05:30,1249,SUSPECTED_FRAUD
56500,2014-07-17T00:00:00.000+05:30,5233,SUSPECTED_FRAUD
56538,2014-07-18T00:00:00.000+05:30,7047,SUSPECTED_FRAUD
56542,2014-07-18T00:00:00.000+05:30,4248,SUSPECTED_FRAUD
56583,2014-07-18T00:00:00.000+05:30,3426,SUSPECTED_FRAUD
56739,2014-07-19T00:00:00.000+05:30,9825,SUSPECTED_FRAUD
56790,2014-07-19T00:00:00.000+05:30,3669,SUSPECTED_FRAUD
56819,2014-07-19T00:00:00.000+05:30,4514,SUSPECTED_FRAUD
56891,2014-07-19T00:00:00.000+05:30,7655,SUSPECTED_FRAUD
56989,2014-07-20T00:00:00.000+05:30,292,SUSPECTED_FRAUD
57139,2014-07-20T00:00:00.000+05:30,4825,SUSPECTED_FRAUD
57180,2014-07-21T00:00:00.000+05:30,4915,SUSPECTED_FRAUD
57182,2014-07-21T00:00:00.000+05:30,160,SUSPECTED_FRAUD
57222,2014-07-21T00:00:00.000+05:30,7604,SUSPECTED_FRAUD
57225,2014-07-21T00:00:00.000+05:30,2094,SUSPECTED_FRAUD
57227,2014-07-21T00:00:00.000+05:30,3430,SUSPECTED_FRAUD
57229,2014-07-21T00:00:00.000+05:30,806,SUSPECTED_FRAUD
57307,2014-07-21T00:00:00.000+05:30,1403,SUSPECTED_FRAUD
57324,2014-07-21T00:00:00.000+05:30,1830,SUSPECTED_FRAUD
57338,2014-07-21T00:00:00.000+05:30,10560,SUSPECTED_FRAUD
57339,2014-07-21T00:00:00.000+05:30,4248,SUSPECTED_FRAUD
57460,2014-07-22T00:00:00.000+05:30,11832,SUSPECTED_FRAUD
57467,2014-07-22T00:00:00.000+05:30,12394,SUSPECTED_FRAUD
57478,2014-07-23T00:00:00.000+05:30,7107,SUSPECTED_FRAUD
57548,2014-07-23T00:00:00.000+05:30,10151,SUSPECTED_FRAUD
57621,2014-07-24T00:00:00.000+05:30,6230,SUSPECTED_FRAUD
57651,2014-07-24T00:00:00.000+05:30,8006,SUSPECTED_FRAUD
57707,2014-07-24T00:00:00.000+05:30,9842,SUSPECTED_FRAUD
57726,2014-07-24T00:00:00.000+05:30,8231,SUSPECTED_FRAUD
57770,2013-07-25T00:00:00.000+05:30,7451,SUSPECTED_FRAUD
57801,2013-07-26T00:00:00.000+05:30,6149,SUSPECTED_FRAUD
57835,2013-07-27T00:00:00.000+05:30,5410,SUSPECTED_FRAUD
57907,2013-07-30T00:00:00.000+05:30,10227,SUSPECTED_FRAUD
57954,2013-08-01T00:00:00.000+05:30,5724,SUSPECTED_FRAUD
57992,2013-08-03T00:00:00.000+05:30,5782,SUSPECTED_FRAUD
57994,2013-08-03T00:00:00.000+05:30,782,SUSPECTED_FRAUD
58112,2013-08-08T00:00:00.000+05:30,7517,SUSPECTED_FRAUD
58165,2013-08-10T00:00:00.000+05:30,2667,SUSPECTED_FRAUD
58188,2013-08-10T00:00:00.000+05:30,11492,SUSPECTED_FRAUD
58199,2013-08-11T00:00:00.000+05:30,5453,SUSPECTED_FRAUD
58252,2013-08-14T00:00:00.000+05:30,8345,SUSPECTED_FRAUD
58298,2013-08-15T00:00:00.000+05:30,4280,SUSPECTED_FRAUD
58378,2013-08-18T00:00:00.000+05:30,1798,SUSPECTED_FRAUD
58392,2013-08-19T00:00:00.000+05:30,4577,SUSPECTED_FRAUD
58463,2013-08-21T00:00:00.000+05:30,3378,SUSPECTED_FRAUD
58466,2013-08-21T00:00:00.000+05:30,3182,SUSPECTED_FRAUD
58487,2013-08-22T00:00:00.000+05:30,2883,SUSPECTED_FRAUD
58498,2013-08-23T00:00:00.000+05:30,9308,SUSPECTED_FRAUD
58506,2013-08-23T00:00:00.000+05:30,9179,SUSPECTED_FRAUD
58512,2013-08-23T00:00:00.000+05:30,7346,SUSPECTED_FRAUD
58655,2013-08-28T00:00:00.000+05:30,8660,SUSPECTED_FRAUD
58681,2013-08-28T00:00:00.000+05:30,3302,SUSPECTED_FRAUD
58704,2013-08-30T00:00:00.000+05:30,9590,SUSPECTED_FRAUD
58744,2013-09-01T00:00:00.000+05:30,11823,SUSPECTED_FRAUD
58893,2013-09-06T00:00:00.000+05:30,9533,SUSPECTED_FRAUD
58896,2013-09-06T00:00:00.000+05:30,9697,SUSPECTED_FRAUD
58901,2013-09-06T00:00:00.000+05:30,3570,SUSPECTED_FRAUD
58907,2013-09-07T00:00:00.000+05:30,8017,SUSPECTED_FRAUD
58911,2013-09-07T00:00:00.000+05:30,2110,SUSPECTED_FRAUD
58912,2013-09-07T00:00:00.000+05:30,6219,SUSPECTED_FRAUD
58932,2013-09-07T00:00:00.000+05:30,1654,SUSPECTED_FRAUD
59015,2013-09-12T00:00:00.000+05:30,6950,SUSPECTED_FRAUD
59033,2013-09-13T00:00:00.000+05:30,7161,SUSPECTED_FRAUD
59070,2013-09-15T00:00:00.000+05:30,2773,SUSPECTED_FRAUD
59098,2013-09-15T00:00:00.000+05:30,10807,SUSPECTED_FRAUD
59123,2013-09-16T00:00:00.000+05:30,8854,SUSPECTED_FRAUD
59152,2013-09-17T00:00:00.000+05:30,1996,SUSPECTED_FRAUD
59191,2013-09-19T00:00:00.000+05:30,1337,SUSPECTED_FRAUD
59245,2013-09-22T00:00:00.000+05:30,10992,SUSPECTED_FRAUD
59247,2013-09-22T00:00:00.000+05:30,1464,SUSPECTED_FRAUD
59310,2013-09-25T00:00:00.000+05:30,634,SUSPECTED_FRAUD
59323,2013-09-25T00:00:00.000+05:30,8394,SUSPECTED_FRAUD
59325,2013-09-25T00:00:00.000+05:30,6614,SUSPECTED_FRAUD
59345,2013-09-26T00:00:00.000+05:30,7571,SUSPECTED_FRAUD
59443,2013-09-29T00:00:00.000+05:30,859,SUSPECTED_FRAUD
59638,2013-10-06T00:00:00.000+05:30,5624,SUSPECTED_FRAUD
59649,2013-10-06T00:00:00.000+05:30,9567,SUSPECTED_FRAUD
59656,2013-10-06T00:00:00.000+05:30,10829,SUSPECTED_FRAUD
59677,2013-10-08T00:00:00.000+05:30,5577,SUSPECTED_FRAUD
59726,2013-10-10T00:00:00.000+05:30,6392,SUSPECTED_FRAUD
59741,2013-10-11T00:00:00.000+05:30,1980,SUSPECTED_FRAUD
59763,2013-10-12T00:00:00.000+05:30,5918,SUSPECTED_FRAUD
59773,2013-10-12T00:00:00.000+05:30,1288,SUSPECTED_FRAUD
59798,2013-10-13T00:00:00.000+05:30,5688,SUSPECTED_FRAUD
59859,2013-10-15T00:00:00.000+05:30,5951,SUSPECTED_FRAUD
60018,2013-10-21T00:00:00.000+05:30,11083,SUSPECTED_FRAUD
60038,2013-10-21T00:00:00.000+05:30,9436,SUSPECTED_FRAUD
60042,2013-10-22T00:00:00.000+05:30,7194,SUSPECTED_FRAUD
60165,2013-10-27T00:00:00.000+05:30,11332,SUSPECTED_FRAUD
60179,2013-10-28T00:00:00.000+05:30,6307,SUSPECTED_FRAUD
60199,2013-10-29T00:00:00.000+05:30,5816,SUSPECTED_FRAUD
60221,2013-10-30T00:00:00.000+05:30,1809,SUSPECTED_FRAUD
60234,2013-10-30T00:00:00.000+05:30,4922,SUSPECTED_FRAUD
60267,2013-11-01T00:00:00.000+05:30,4129,SUSPECTED_FRAUD
60346,2013-11-03T00:00:00.000+05:30,3610,SUSPECTED_FRAUD
60347,2013-11-03T00:00:00.000+05:30,11481,SUSPECTED_FRAUD
60456,2013-11-07T00:00:00.000+05:30,11738,SUSPECTED_FRAUD
60460,2013-11-07T00:00:00.000+05:30,9429,SUSPECTED_FRAUD
60508,2013-11-09T00:00:00.000+05:30,3587,SUSPECTED_FRAUD
60514,2013-11-10T00:00:00.000+05:30,6914,SUSPECTED_FRAUD
60533,2013-11-10T00:00:00.000+05:30,12306,SUSPECTED_FRAUD
60574,2013-11-12T00:00:00.000+05:30,6027,SUSPECTED_FRAUD
60575,2013-11-13T00:00:00.000+05:30,482,SUSPECTED_FRAUD
60590,2013-11-14T00:00:00.000+05:30,2919,SUSPECTED_FRAUD
60600,2013-11-14T00:00:00.000+05:30,434,SUSPECTED_FRAUD
60733,2013-11-19T00:00:00.000+05:30,6200,SUSPECTED_FRAUD
60772,2013-11-20T00:00:00.000+05:30,7337,SUSPECTED_FRAUD
60808,2013-11-21T00:00:00.000+05:30,7544,SUSPECTED_FRAUD
60863,2013-11-22T00:00:00.000+05:30,1981,SUSPECTED_FRAUD
60911,2013-11-24T00:00:00.000+05:30,10687,SUSPECTED_FRAUD
60944,2013-11-25T00:00:00.000+05:30,11524,SUSPECTED_FRAUD
61029,2013-11-27T00:00:00.000+05:30,11463,SUSPECTED_FRAUD
61073,2013-11-29T00:00:00.000+05:30,9012,SUSPECTED_FRAUD
61095,2013-12-01T00:00:00.000+05:30,6219,SUSPECTED_FRAUD
61098,2013-12-01T00:00:00.000+05:30,12056,SUSPECTED_FRAUD
61214,2013-12-05T00:00:00.000+05:30,7378,SUSPECTED_FRAUD
61251,2013-12-07T00:00:00.000+05:30,9791,SUSPECTED_FRAUD
61366,2013-12-12T00:00:00.000+05:30,94,SUSPECTED_FRAUD
61400,2013-12-13T00:00:00.000+05:30,904,SUSPECTED_FRAUD
61419,2013-12-13T00:00:00.000+05:30,11273,SUSPECTED_FRAUD
61484,2013-12-15T00:00:00.000+05:30,881,SUSPECTED_FRAUD
61525,2013-12-17T00:00:00.000+05:30,7511,SUSPECTED_FRAUD
61552,2013-12-18T00:00:00.000+05:30,5713,SUSPECTED_FRAUD
61591,2013-12-19T00:00:00.000+05:30,12157,SUSPECTED_FRAUD
61608,2013-12-20T00:00:00.000+05:30,2828,SUSPECTED_FRAUD
61611,2013-12-20T00:00:00.000+05:30,124,SUSPECTED_FRAUD
61673,2013-12-22T00:00:00.000+05:30,5292,SUSPECTED_FRAUD
61678,2013-12-22T00:00:00.000+05:30,2780,SUSPECTED_FRAUD
61681,2013-12-22T00:00:00.000+05:30,1812,SUSPECTED_FRAUD
61707,2013-12-23T00:00:00.000+05:30,2774,SUSPECTED_FRAUD
61713,2013-12-23T00:00:00.000+05:30,7986,SUSPECTED_FRAUD
61735,2013-12-25T00:00:00.000+05:30,4121,SUSPECTED_FRAUD
61803,2013-12-26T00:00:00.000+05:30,11158,SUSPECTED_FRAUD
61848,2013-12-29T00:00:00.000+05:30,6397,SUSPECTED_FRAUD
61852,2013-12-29T00:00:00.000+05:30,11741,SUSPECTED_FRAUD
61853,2013-12-29T00:00:00.000+05:30,4682,SUSPECTED_FRAUD
61922,2014-01-02T00:00:00.000+05:30,969,SUSPECTED_FRAUD
61935,2014-01-02T00:00:00.000+05:30,6104,SUSPECTED_FRAUD
61973,2014-01-04T00:00:00.000+05:30,676,SUSPECTED_FRAUD
61984,2014-01-04T00:00:00.000+05:30,823,SUSPECTED_FRAUD
62024,2014-01-05T00:00:00.000+05:30,8755,SUSPECTED_FRAUD
62213,2014-01-12T00:00:00.000+05:30,2748,SUSPECTED_FRAUD
62240,2014-01-12T00:00:00.000+05:30,11000,SUSPECTED_FRAUD
62317,2014-01-17T00:00:00.000+05:30,829,SUSPECTED_FRAUD
62345,2014-01-18T00:00:00.000+05:30,3648,SUSPECTED_FRAUD
62419,2014-01-21T00:00:00.000+05:30,6600,SUSPECTED_FRAUD
62431,2014-01-21T00:00:00.000+05:30,9926,SUSPECTED_FRAUD
62434,2014-01-21T00:00:00.000+05:30,2508,SUSPECTED_FRAUD
62506,2014-01-23T00:00:00.000+05:30,5150,SUSPECTED_FRAUD
62537,2014-01-24T00:00:00.000+05:30,10880,SUSPECTED_FRAUD
62561,2014-01-24T00:00:00.000+05:30,334,SUSPECTED_FRAUD
62581,2014-01-25T00:00:00.000+05:30,866,SUSPECTED_FRAUD
62596,2014-01-26T00:00:00.000+05:30,5979,SUSPECTED_FRAUD
62624,2014-01-26T00:00:00.000+05:30,8917,SUSPECTED_FRAUD
62647,2014-01-27T00:00:00.000+05:30,12149,SUSPECTED_FRAUD
62683,2014-01-28T00:00:00.000+05:30,3439,SUSPECTED_FRAUD
62684,2014-01-28T00:00:00.000+05:30,5717,SUSPECTED_FRAUD
62779,2014-02-01T00:00:00.000+05:30,7218,SUSPECTED_FRAUD
62788,2014-02-01T00:00:00.000+05:30,599,SUSPECTED_FRAUD
62899,2014-02-06T00:00:00.000+05:30,5922,SUSPECTED_FRAUD
62925,2014-02-07T00:00:00.000+05:30,8528,SUSPECTED_FRAUD
63133,2014-02-13T00:00:00.000+05:30,3228,SUSPECTED_FRAUD
63199,2014-02-15T00:00:00.000+05:30,3303,SUSPECTED_FRAUD
63245,2014-02-17T00:00:00.000+05:30,2060,SUSPECTED_FRAUD
63262,2014-02-19T00:00:00.000+05:30,5890,SUSPECTED_FRAUD
63310,2014-02-20T00:00:00.000+05:30,9869,SUSPECTED_FRAUD
63373,2014-02-23T00:00:00.000+05:30,4773,SUSPECTED_FRAUD
63555,2014-03-02T00:00:00.000+05:30,3311,SUSPECTED_FRAUD
63614,2014-03-04T00:00:00.000+05:30,6341,SUSPECTED_FRAUD
63679,2014-03-07T00:00:00.000+05:30,10771,SUSPECTED_FRAUD
63697,2014-03-07T00:00:00.000+05:30,5824,SUSPECTED_FRAUD
63823,2014-03-13T00:00:00.000+05:30,9114,SUSPECTED_FRAUD
63852,2014-03-15T00:00:00.000+05:30,3490,SUSPECTED_FRAUD
63918,2014-03-17T00:00:00.000+05:30,6883,SUSPECTED_FRAUD
63958,2014-03-18T00:00:00.000+05:30,1765,SUSPECTED_FRAUD
63974,2014-03-19T00:00:00.000+05:30,2466,SUSPECTED_FRAUD
64009,2014-03-20T00:00:00.000+05:30,8178,SUSPECTED_FRAUD
64034,2014-03-21T00:00:00.000+05:30,6474,SUSPECTED_FRAUD
64131,2014-03-25T00:00:00.000+05:30,11184,SUSPECTED_FRAUD
64132,2014-03-25T00:00:00.000+05:30,8170,SUSPECTED_FRAUD
64211,2014-03-28T00:00:00.000+05:30,9600,SUSPECTED_FRAUD
64214,2014-03-28T00:00:00.000+05:30,5300,SUSPECTED_FRAUD
64242,2014-03-30T00:00:00.000+05:30,3534,SUSPECTED_FRAUD
64329,2014-04-03T00:00:00.000+05:30,5902,SUSPECTED_FRAUD
64341,2014-04-04T00:00:00.000+05:30,10160,SUSPECTED_FRAUD
64359,2014-04-05T00:00:00.000+05:30,3092,SUSPECTED_FRAUD
64440,2014-04-07T00:00:00.000+05:30,6081,SUSPECTED_FRAUD
64508,2014-04-09T00:00:00.000+05:30,5705,SUSPECTED_FRAUD
64548,2014-04-10T00:00:00.000+05:30,4012,SUSPECTED_FRAUD
64555,2014-04-10T00:00:00.000+05:30,8963,SUSPECTED_FRAUD
64560,2014-04-11T00:00:00.000+05:30,1794,SUSPECTED_FRAUD
64730,2014-04-17T00:00:00.000+05:30,6049,SUSPECTED_FRAUD
64742,2014-04-17T00:00:00.000+05:30,173,SUSPECTED_FRAUD
64846,2014-04-21T00:00:00.000+05:30,4208,SUSPECTED_FRAUD
64855,2014-04-21T00:00:00.000+05:30,767,SUSPECTED_FRAUD
64888,2014-04-23T00:00:00.000+05:30,6512,SUSPECTED_FRAUD
64988,2014-04-26T00:00:00.000+05:30,7800,SUSPECTED_FRAUD
65066,2014-04-29T00:00:00.000+05:30,9297,SUSPECTED_FRAUD
65113,2014-05-01T00:00:00.000+05:30,2955,SUSPECTED_FRAUD
65136,2014-05-02T00:00:00.000+05:30,3117,SUSPECTED_FRAUD
65182,2014-05-03T00:00:00.000+05:30,2733,SUSPECTED_FRAUD
65210,2014-05-04T00:00:00.000+05:30,10012,SUSPECTED_FRAUD
65268,2014-05-07T00:00:00.000+05:30,6678,SUSPECTED_FRAUD
65502,2014-05-15T00:00:00.000+05:30,9135,SUSPECTED_FRAUD
65538,2014-05-16T00:00:00.000+05:30,10794,SUSPECTED_FRAUD
65574,2014-05-17T00:00:00.000+05:30,787,SUSPECTED_FRAUD
65602,2014-05-19T00:00:00.000+05:30,3878,SUSPECTED_FRAUD
65639,2014-05-20T00:00:00.000+05:30,5849,SUSPECTED_FRAUD
65652,2014-05-21T00:00:00.000+05:30,7192,SUSPECTED_FRAUD
65679,2014-05-22T00:00:00.000+05:30,5478,SUSPECTED_FRAUD
65718,2014-05-23T00:00:00.000+05:30,2826,SUSPECTED_FRAUD
65773,2014-05-26T00:00:00.000+05:30,8260,SUSPECTED_FRAUD
65806,2014-05-28T00:00:00.000+05:30,10796,SUSPECTED_FRAUD
65827,2014-05-28T00:00:00.000+05:30,5289,SUSPECTED_FRAUD
65942,2014-06-03T00:00:00.000+05:30,11236,SUSPECTED_FRAUD
65948,2014-06-03T00:00:00.000+05:30,11584,SUSPECTED_FRAUD
66043,2014-06-05T00:00:00.000+05:30,7716,SUSPECTED_FRAUD
66061,2014-06-06T00:00:00.000+05:30,6538,SUSPECTED_FRAUD
66073,2014-06-07T00:00:00.000+05:30,10964,SUSPECTED_FRAUD
66155,2014-06-09T00:00:00.000+05:30,1562,SUSPECTED_FRAUD
66238,2014-06-12T00:00:00.000+05:30,7943,SUSPECTED_FRAUD
66265,2014-06-13T00:00:00.000+05:30,7300,SUSPECTED_FRAUD
66268,2014-06-13T00:00:00.000+05:30,12377,SUSPECTED_FRAUD
66294,2014-06-14T00:00:00.000+05:30,3297,SUSPECTED_FRAUD
66325,2014-06-14T00:00:00.000+05:30,4810,SUSPECTED_FRAUD
66348,2014-06-15T00:00:00.000+05:30,3377,SUSPECTED_FRAUD
66376,2014-06-17T00:00:00.000+05:30,736,SUSPECTED_FRAUD
66425,2014-06-19T00:00:00.000+05:30,6754,SUSPECTED_FRAUD
66428,2014-06-19T00:00:00.000+05:30,2849,SUSPECTED_FRAUD
66450,2014-06-19T00:00:00.000+05:30,9899,SUSPECTED_FRAUD
66452,2014-06-19T00:00:00.000+05:30,10463,SUSPECTED_FRAUD
66512,2014-06-21T00:00:00.000+05:30,963,SUSPECTED_FRAUD
66534,2014-06-22T00:00:00.000+05:30,4948,SUSPECTED_FRAUD
66609,2014-06-24T00:00:00.000+05:30,950,SUSPECTED_FRAUD
66618,2014-06-25T00:00:00.000+05:30,8127,SUSPECTED_FRAUD
66636,2014-06-26T00:00:00.000+05:30,11073,SUSPECTED_FRAUD
66685,2014-06-27T00:00:00.000+05:30,5256,SUSPECTED_FRAUD
66691,2014-06-28T00:00:00.000+05:30,3222,SUSPECTED_FRAUD
66694,2014-06-28T00:00:00.000+05:30,4988,SUSPECTED_FRAUD
66727,2014-06-29T00:00:00.000+05:30,9002,SUSPECTED_FRAUD
66749,2014-06-29T00:00:00.000+05:30,11931,SUSPECTED_FRAUD
66771,2014-06-30T00:00:00.000+05:30,10928,SUSPECTED_FRAUD
66785,2014-07-01T00:00:00.000+05:30,11631,SUSPECTED_FRAUD
66818,2014-07-02T00:00:00.000+05:30,12285,SUSPECTED_FRAUD
66841,2014-07-04T00:00:00.000+05:30,5069,SUSPECTED_FRAUD
66870,2014-07-05T00:00:00.000+05:30,11218,SUSPECTED_FRAUD
66929,2014-07-06T00:00:00.000+05:30,8226,SUSPECTED_FRAUD
66996,2014-07-09T00:00:00.000+05:30,669,SUSPECTED_FRAUD
67044,2014-07-12T00:00:00.000+05:30,4745,SUSPECTED_FRAUD
67086,2014-07-13T00:00:00.000+05:30,4202,SUSPECTED_FRAUD
67153,2014-07-15T00:00:00.000+05:30,9360,SUSPECTED_FRAUD
67183,2014-07-16T00:00:00.000+05:30,1678,SUSPECTED_FRAUD
67258,2014-07-19T00:00:00.000+05:30,1231,SUSPECTED_FRAUD
67282,2014-07-20T00:00:00.000+05:30,11927,SUSPECTED_FRAUD
67291,2014-07-20T00:00:00.000+05:30,5849,SUSPECTED_FRAUD
67355,2014-07-23T00:00:00.000+05:30,11045,SUSPECTED_FRAUD
67357,2014-07-23T00:00:00.000+05:30,8306,SUSPECTED_FRAUD
67361,2014-07-23T00:00:00.000+05:30,2023,SUSPECTED_FRAUD
67378,2014-07-23T00:00:00.000+05:30,10826,SUSPECTED_FRAUD
67448,2013-08-01T00:00:00.000+05:30,3697,SUSPECTED_FRAUD
67477,2013-08-09T00:00:00.000+05:30,1832,SUSPECTED_FRAUD
67568,2013-09-02T00:00:00.000+05:30,8367,SUSPECTED_FRAUD
67569,2013-09-03T00:00:00.000+05:30,2851,SUSPECTED_FRAUD
67687,2013-10-08T00:00:00.000+05:30,8804,SUSPECTED_FRAUD
67830,2013-11-20T00:00:00.000+05:30,10650,SUSPECTED_FRAUD
67896,2013-12-10T00:00:00.000+05:30,5119,SUSPECTED_FRAUD
67936,2013-12-23T00:00:00.000+05:30,4012,SUSPECTED_FRAUD
67955,2013-12-27T00:00:00.000+05:30,7004,SUSPECTED_FRAUD
68039,2014-01-21T00:00:00.000+05:30,11260,SUSPECTED_FRAUD
68053,2014-01-24T00:00:00.000+05:30,11473,SUSPECTED_FRAUD
68076,2014-01-30T00:00:00.000+05:30,10126,SUSPECTED_FRAUD
68111,2014-02-08T00:00:00.000+05:30,9107,SUSPECTED_FRAUD
68218,2014-03-08T00:00:00.000+05:30,6991,SUSPECTED_FRAUD
68288,2014-03-29T00:00:00.000+05:30,9976,SUSPECTED_FRAUD
68318,2014-04-07T00:00:00.000+05:30,8312,SUSPECTED_FRAUD
68370,2014-04-21T00:00:00.000+05:30,884,SUSPECTED_FRAUD
68392,2014-04-27T00:00:00.000+05:30,8539,SUSPECTED_FRAUD
68400,2014-04-28T00:00:00.000+05:30,8311,SUSPECTED_FRAUD
68412,2014-05-03T00:00:00.000+05:30,9669,SUSPECTED_FRAUD
68416,2014-05-04T00:00:00.000+05:30,7102,SUSPECTED_FRAUD
68506,2014-05-29T00:00:00.000+05:30,10527,SUSPECTED_FRAUD
68522,2014-06-05T00:00:00.000+05:30,880,SUSPECTED_FRAUD
68534,2014-06-08T00:00:00.000+05:30,5168,SUSPECTED_FRAUD
68555,2014-06-14T00:00:00.000+05:30,4454,SUSPECTED_FRAUD
68606,2014-06-28T00:00:00.000+05:30,2253,SUSPECTED_FRAUD
68686,2014-07-23T00:00:00.000+05:30,2591,SUSPECTED_FRAUD
68718,2013-09-14T00:00:00.000+05:30,6710,SUSPECTED_FRAUD
68782,2014-01-10T00:00:00.000+05:30,8509,SUSPECTED_FRAUD
68865,2014-06-19T00:00:00.000+05:30,4567,SUSPECTED_FRAUD
