54794,2014-07-06T00:00:00.000+05:30,199,PENDING
54804,2014-07-06T00:00:00.000+05:30,12284,PENDING
54808,2014-07-06T00:00:00.000+05:30,8004,PENDING
54809,2014-07-06T00:00:00.000+05:30,4895,PENDING
54821,2014-07-07T00:00:00.000+05:30,192,PENDING
54823,2014-07-07T00:00:00.000+05:30,773,PENDING
54833,2014-07-07T00:00:00.000+05:30,1717,PENDING
54837,2014-07-07T00:00:00.000+05:30,32,PENDING
54840,2014-07-07T00:00:00.000+05:30,899,PENDING
54856,2014-07-07T00:00:00.000+05:30,11853,PENDING
54868,2014-07-07T00:00:00.000+05:30,10363,PENDING
54871,2014-07-07T00:00:00.000+05:30,7468,PENDING
54874,2014-07-07T00:00:00.000+05:30,389,PENDING
54876,2014-07-07T00:00:00.000+05:30,5308,PENDING
54879,2014-07-07T00:00:00.000+05:30,11975,PENDING
54887,2014-07-07T00:00:00.000+05:30,11671,PENDING
54888,2014-07-07T00:00:00.000+05:30,1875,PENDING
54891,2014-07-07T00:00:00.000+05:30,919,PENDING
54893,2014-07-07T00:00:00.000+05:30,1423,PENDING
54906,2014-07-07T00:00:00.000+05:30,4822,PENDING
54923,2014-07-07T00:00:00.000+05:30,856,PENDING
54926,2014-07-07T00:00:00.000+05:30,9774,PENDING
54927,2014-07-07T00:00:00.000+05:30,12047,PENDING
54931,2014-07-07T00:00:00.000+05:30,1596,PENDING
54954,2014-07-08T00:00:00.000+05:30,2872,PENDING
54959,2014-07-08T00:00:00.000+05:30,5838,PENDING
54960,2014-07-08T00:00:00.000+05:30,10965,PENDING
54964,2014-07-08T00:00:00.000+05:30,8921,PENDING
54968,2014-07-08T00:00:00.000+05:30,1203,PENDING
54978,2014-07-08T00:00:00.000+05:30,8161,PENDING
54987,2014-07-08T00:00:00.000+05:30,2668,PENDING
54989,2014-07-08T00:00:00.000+05:30,7183,PENDING
54998,2014-07-08T00:00:00.000+05:30,4458,PENDING
55019,2014-07-08T00:00:00.000+05:30,9697,PENDING
55032,2014-07-08T00:00:00.000+05:30,4952,PENDING
55040,2014-07-08T00:00:00.000+05:30,12133,PENDING
55041,2014-07-08T00:00:00.000+05:30,10593,PENDING
55050,2014-07-08T00:00:00.000+05:30,10814,PENDING
55051,2014-07-08T00:00:00.000+05:30,12043,PENDING
55052,2014-07-08T00:00:00.000+05:30,634,PENDING
55054,2014-07-08T00:00:00.000+05:30,422,PENDING
55063,2014-07-08T00:00:00.000+05:30,10339,PENDING
55064,2014-07-08T00:00:00.000+05:30,891,PENDING
55075,2014-07-08T00:00:00.000+05:30,3483,PENDING
55085,2014-07-08T00:00:00.000+05:30,11128,PENDING
55098,2014-07-08T00:00:00.000+05:30,2323,PENDING
55121,2014-07-08T00:00:00.000+05:30,3104,PENDING
55123,2014-07-08T00:00:00.000+05:30,9356,PENDING
55133,2014-07-08T00:00:00.000+05:30,10983,PENDING
55137,2014-07-08T00:00:00.000+05:30,2174,PENDING
55153,2014-07-08T00:00:00.000+05:30,6685,PENDING
55166,2014-07-08T00:00:00.000+05:30,2183,PENDING
55172,2014-07-08T00:00:00.000+05:30,9729,PENDING
55176,2014-07-08T00:00:00.000+05:30,671,PENDING
55211,2014-07-09T00:00:00.000+05:30,8455,PENDING
55262,2014-07-09T00:00:00.000+05:30,1674,PENDING
55277,2014-07-09T00:00:00.000+05:30,3119,PENDING
55280,2014-07-09T00:00:00.000+05:30,643,PENDING
55289,2014-07-09T00:00:00.000+05:30,10169,PENDING
55294,2014-07-09T00:00:00.000+05:30,9262,PENDING
55311,2014-07-10T00:00:00.000+05:30,6750,PENDING
55316,2014-07-10T00:00:00.000+05:30,7243,PENDING
55362,2014-07-10T00:00:00.000+05:30,1825,PENDING
55365,2014-07-10T00:00:00.000+05:30,1379,PENDING
55370,2014-07-10T00:00:00.000+05:30,10504,PENDING
55382,2014-07-10T00:00:00.000+05:30,8624,PENDING
55398,2014-07-10T00:00:00.000+05:30,12246,PENDING
55417,2014-07-10T00:00:00.000+05:30,1682,PENDING
55418,2014-07-10T00:00:00.000+05:30,4957,PENDING
55424,2014-07-10T00:00:00.000+05:30,700,PENDING
55429,2014-07-10T00:00:00.000+05:30,4732,PENDING
55432,2014-07-10T00:00:00.000+05:30,3780,PENDING
55438,2014-07-10T00:00:00.000+05:30,5184,PENDING
55440,2014-07-10T00:00:00.000+05:30,10492,PENDING
55457,2014-07-10T00:00:00.000+05:30,6741,PENDING
55474,2014-07-11T00:00:00.000+05:30,2470,PENDING
55487,2014-07-11T00:00:00.000+05:30,5370,PENDING
55488,2014-07-11T00:00:00.000+05:30,6987,PENDING
55499,2014-07-11T00:00:00.000+05:30,12035,PENDING
55500,2014-07-11T00:00:00.000+05:30,7568,PENDING
55510,2014-07-11T00:00:00.000+05:30,9736,PENDING
55521,2014-07-11T00:00:00.000+05:30,765,PENDING
55546,2014-07-11T00:00:00.000+05:30,1630,PENDING
55548,2014-07-11T00:00:00.000+05:30,7837,PENDING
55550,2014-07-11T00:00:00.000+05:30,3330,PENDING
55554,2014-07-11T00:00:00.000+05:30,8761,PENDING
55558,2014-07-11T00:00:00.000+05:30,1257,PENDING
55570,2014-07-11T00:00:00.000+05:30,1150,PENDING
55583,2014-07-11T00:00:00.000+05:30,4195,PENDING
55594,2014-07-12T00:00:00.000+05:30,10497,PENDING
55614,2014-07-12T00:00:00.000+05:30,10320,PENDING
55622,2014-07-12T00:00:00.000+05:30,2437,PENDING
55623,2014-07-12T00:00:00.000+05:30,5654,PENDING
55654,2014-07-12T00:00:00.000+05:30,5985,PENDING
55678,2014-07-12T00:00:00.000+05:30,4467,PENDING
55688,2014-07-12T00:00:00.000+05:30,12041,PENDING
55732,2014-07-12T00:00:00.000+05:30,6636,PENDING
55739,2014-07-13T00:00:00.000+05:30,12295,PENDING
55744,2014-07-13T00:00:00.000+05:30,6393,PENDING
55759,2014-07-13T00:00:00.000+05:30,11705,PENDING
55762,2014-07-13T00:00:00.000+05:30,3214,PENDING
55764,2014-07-13T00:00:00.000+05:30,11310,PENDING
55766,2014-07-13T00:00:00.000+05:30,7594,PENDING
55771,2014-07-13T00:00:00.000+05:30,5576,PENDING
55787,2014-07-13T00:00:00.000+05:30,10829,PENDING
55794,2014-07-13T00:00:00.000+05:30,2392,PENDING
55796,2014-07-13T00:00:00.000+05:30,2177,PENDING
55799,2014-07-13T00:00:00.000+05:30,11229,PENDING
55801,2014-07-13T00:00:00.000+05:30,2893,PENDING
55808,2014-07-13T00:00:00.000+05:30,2477,PENDING
55817,2014-07-13T00:00:00.000+05:30,4166,PENDING
55825,2014-07-13T00:00:00.000+05:30,5720,PENDING
55829,2014-07-13T00:00:00.000+05:30,6428,PENDING
55832,2014-07-13T00:00:00.000+05:30,2649,PENDING
55839,2014-07-13T00:00:00.000+05:30,3417,PENDING
55844,2014-07-13T00:00:00.000+05:30,4658,PENDING
55856,2014-07-13T00:00:00.000+05:30,11410,PENDING
55871,2014-07-13T00:00:00.000+05:30,10357,PENDING
55874,2014-07-13T00:00:00.000+05:30,10552,PENDING
55885,2014-07-13T00:00:00.000+05:30,6836,PENDING
55892,2014-07-13T00:00:00.000+05:30,1468,PENDING
55900,2014-07-13T00:00:00.000+05:30,12265,PENDING
55922,2014-07-14T00:00:00.000+05:30,5446,PENDING
55937,2014-07-14T00:00:00.000+05:30,6442,PENDING
55939,2014-07-14T00:00:00.000+05:30,1358,PENDING
55960,2014-07-14T00:00:00.000+05:30,7385,PENDING
55984,2014-07-14T00:00:00.000+05:30,1339,PENDING
55991,2014-07-14T00:00:00.000+05:30,9685,PENDING
55992,2014-07-14T00:00:00.000+05:30,5040,PENDING
55995,2014-07-14T00:00:00.000+05:30,6577,PENDING
56012,2014-07-14T00:00:00.000+05:30,4011,PENDING
56024,2014-07-14T00:00:00.000+05:30,9433,PENDING
56031,2014-07-14T00:00:00.000+05:30,9678,PENDING
56034,2014-07-14T00:00:00.000+05:30,2001,PENDING
56051,2014-07-14T00:00:00.000+05:30,4657,PENDING
56059,2014-07-15T00:00:00.000+05:30,6137,PENDING
56073,2014-07-15T00:00:00.000+05:30,4513,PENDING
56083,2014-07-15T00:00:00.000+05:30,3276,PENDING
56110,2014-07-15T00:00:00.000+05:30,6003,PENDING
56114,2014-07-15T00:00:00.000+05:30,5155,PENDING
56116,2014-07-15T00:00:00.000+05:30,3765,PENDING
56119,2014-07-15T00:00:00.000+05:30,1794,PENDING
56126,2014-07-15T00:00:00.000+05:30,4520,PENDING
56145,2014-07-15T00:00:00.000+05:30,8883,PENDING
56152,2014-07-15T00:00:00.000+05:30,9538,PENDING
56156,2014-07-15T00:00:00.000+05:30,5534,PENDING
56159,2014-07-15T00:00:00.000+05:30,4819,PENDING
56172,2014-07-15T00:00:00.000+05:30,2737,PENDING
56178,2014-07-15T00:00:00.000+05:30,3,PENDING
56179,2014-07-15T00:00:00.000+05:30,10323,PENDING
56183,2014-07-15T00:00:00.000+05:30,11677,PENDING
56191,2014-07-15T00:00:00.000+05:30,11449,PENDING
56207,2014-07-15T00:00:00.000+05:30,7371,PENDING
56212,2014-07-15T00:00:00.000+05:30,5684,PENDING
56214,2014-07-15T00:00:00.000+05:30,11182,PENDING
56219,2014-07-15T00:00:00.000+05:30,445,PENDING
56223,2014-07-15T00:00:00.000+05:30,7260,PENDING
56226,2014-07-15T00:00:00.000+05:30,615,PENDING
56227,2014-07-15T00:00:00.000+05:30,2947,PENDING
56232,2014-07-15T00:00:00.000+05:30,2404,PENDING
56253,2014-07-15T00:00:00.000+05:30,4300,PENDING
56277,2014-07-15T00:00:00.000+05:30,9209,PENDING
56280,2014-07-15T00:00:00.000+05:30,6801,PENDING
56307,2014-07-16T00:00:00.000+05:30,6103,PENDING
56311,2014-07-16T00:00:00.000+05:30,5718,PENDING
56320,2014-07-16T00:00:00.000+05:30,3444,PENDING
56332,2014-07-16T00:00:00.000+05:30,7177,PENDING
56351,2014-07-16T00:00:00.000+05:30,3850,PENDING
56356,2014-07-16T00:00:00.000+05:30,4986,PENDING
56365,2014-07-16T00:00:00.000+05:30,9540,PENDING
56380,2014-07-16T00:00:00.000+05:30,4751,PENDING
56386,2014-07-16T00:00:00.000+05:30,1496,PENDING
56397,2014-07-17T00:00:00.000+05:30,8204,PENDING
56402,2014-07-17T00:00:00.000+05:30,2833,PENDING
56404,2014-07-17T00:00:00.000+05:30,9683,PENDING
56405,2014-07-17T00:00:00.000+05:30,7389,PENDING
56416,2014-07-17T00:00:00.000+05:30,9340,PENDING
56437,2014-07-17T00:00:00.000+05:30,1111,PENDING
56439,2014-07-17T00:00:00.000+05:30,4572,PENDING
56440,2014-07-17T00:00:00.000+05:30,2477,PENDING
56442,2014-07-17T00:00:00.000+05:30,2689,PENDING
56443,2014-07-17T00:00:00.000+05:30,364,PENDING
56447,2014-07-17T00:00:00.000+05:30,3977,PENDING
56448,2014-07-17T00:00:00.000+05:30,7247,PENDING
56463,2014-07-17T00:00:00.000+05:30,482,PENDING
56468,2014-07-17T00:00:00.000+05:30,10860,PENDING
56477,2014-07-17T00:00:00.000+05:30,2494,PENDING
56482,2014-07-17T00:00:00.000+05:30,1062,PENDING
56485,2014-07-17T00:00:00.000+05:30,12406,PENDING
56520,2014-07-18T00:00:00.000+05:30,9043,PENDING
56523,2014-07-18T00:00:00.000+05:30,7741,PENDING
56527,2014-07-18T00:00:00.000+05:30,5690,PENDING
56531,2014-07-18T00:00:00.000+05:30,8004,PENDING
56532,2014-07-18T00:00:00.000+05:30,2753,PENDING
56550,2014-07-18T00:00:00.000+05:30,7285,PENDING
56552,2014-07-18T00:00:00.000+05:30,27,PENDING
56568,2014-07-18T00:00:00.000+05:30,6250,PENDING
56573,2014-07-18T00:00:00.000+05:30,4683,PENDING
56581,2014-07-18T00:00:00.000+05:30,7742,PENDING
56582,2014-07-18T00:00:00.000+05:30,9400,PENDING
56584,2014-07-18T00:00:00.000+05:30,8422,PENDING
56596,2014-07-18T00:00:00.000+05:30,7078,PENDING
56600,2014-07-18T00:00:00.000+05:30,11654,PENDING
56602,2014-07-18T00:00:00.000+05:30,4010,PENDING
56609,2014-07-18T00:00:00.000+05:30,9187,PENDING
56610,2014-07-18T00:00:00.000+05:30,3634,PENDING
56613,2014-07-18T00:00:00.000+05:30,10400,PENDING
56614,2014-07-18T00:00:00.000+05:30,1787,PENDING
56616,2014-07-18T00:00:00.000+05:30,962,PENDING
56619,2014-07-18T00:00:00.000+05:30,8298,PENDING
56620,2014-07-18T00:00:00.000+05:30,2209,PENDING
56659,2014-07-18T00:00:00.000+05:30,6638,PENDING
56677,2014-07-18T00:00:00.000+05:30,5503,PENDING
56681,2014-07-18T00:00:00.000+05:30,9073,PENDING
56682,2014-07-18T00:00:00.000+05:30,2775,PENDING
56694,2014-07-18T00:00:00.000+05:30,4212,PENDING
56727,2014-07-19T00:00:00.000+05:30,10750,PENDING
56731,2014-07-19T00:00:00.000+05:30,9795,PENDING
56740,2014-07-19T00:00:00.000+05:30,2499,PENDING
56742,2014-07-19T00:00:00.000+05:30,5463,PENDING
56758,2014-07-19T00:00:00.000+05:30,10944,PENDING
56770,2014-07-19T00:00:00.000+05:30,10864,PENDING
56784,2014-07-19T00:00:00.000+05:30,8872,PENDING
56788,2014-07-19T00:00:00.000+05:30,4623,PENDING
56801,2014-07-19T00:00:00.000+05:30,11409,PENDING
56802,2014-07-19T00:00:00.000+05:30,11405,PENDING
56804,2014-07-19T00:00:00.000+05:30,8768,PENDING
56805,2014-07-19T00:00:00.000+05:30,4065,PENDING
56809,2014-07-19T00:00:00.000+05:30,1025,PENDING
56810,2014-07-19T00:00:00.000+05:30,10414,PENDING
56816,2014-07-19T00:00:00.000+05:30,12347,PENDING
56826,2014-07-19T00:00:00.000+05:30,5475,PENDING
56836,2014-07-19T00:00:00.000+05:30,9736,PENDING
56846,2014-07-19T00:00:00.000+05:30,5742,PENDING
56847,2014-07-19T00:00:00.000+05:30,10678,PENDING
56848,2014-07-19T00:00:00.000+05:30,4105,PENDING
56849,2014-07-19T00:00:00.000+05:30,7702,PENDING
56852,2014-07-19T00:00:00.000+05:30,755,PENDING
56865,2014-07-19T00:00:00.000+05:30,10926,PENDING
56886,2014-07-19T00:00:00.000+05:30,347,PENDING
56888,2014-07-19T00:00:00.000+05:30,4608,PENDING
56922,2014-07-20T00:00:00.000+05:30,1927,PENDING
56945,2014-07-20T00:00:00.000+05:30,2144,PENDING
56953,2014-07-20T00:00:00.000+05:30,7920,PENDING
56965,2014-07-20T00:00:00.000+05:30,1078,PENDING
56993,2014-07-20T00:00:00.000+05:30,9515,PENDING
57000,2014-07-20T00:00:00.000+05:30,7101,PENDING
57008,2014-07-20T00:00:00.000+05:30,11120,PENDING
57018,2014-07-20T00:00:00.000+05:30,12014,PENDING
57029,2014-07-20T00:00:00.000+05:30,2197,PENDING
57039,2014-07-20T00:00:00.000+05:30,11801,PENDING
57042,2014-07-20T00:00:00.000+05:30,4575,PENDING
57052,2014-07-20T00:00:00.000+05:30,10642,PENDING
57054,2014-07-20T00:00:00.000+05:30,4956,PENDING
57065,2014-07-20T00:00:00.000+05:30,502,PENDING
57078,2014-07-20T00:00:00.000+05:30,11417,PENDING
57079,2014-07-20T00:00:00.000+05:30,9174,PENDING
57081,2014-07-20T00:00:00.000+05:30,2125,PENDING
57088,2014-07-20T00:00:00.000+05:30,11520,PENDING
57093,2014-07-20T00:00:00.000+05:30,2991,PENDING
57106,2014-07-20T00:00:00.000+05:30,8917,PENDING
57109,2014-07-20T00:00:00.000+05:30,8250,PENDING
57115,2014-07-20T00:00:00.000+05:30,9893,PENDING
57118,2014-07-20T00:00:00.000+05:30,3028,PENDING
57125,2014-07-20T00:00:00.000+05:30,10925,PENDING
57131,2014-07-20T00:00:00.000+05:30,8834,PENDING
57134,2014-07-20T00:00:00.000+05:30,1016,PENDING
57137,2014-07-20T00:00:00.000+05:30,947,PENDING
57183,2014-07-21T00:00:00.000+05:30,77,PENDING
57191,2014-07-21T00:00:00.000+05:30,5590,PENDING
57196,2014-07-21T00:00:00.000+05:30,5330,PENDING
57207,2014-07-21T00:00:00.000+05:30,11286,PENDING
57208,2014-07-21T00:00:00.000+05:30,11981,PENDING
57212,2014-07-21T00:00:00.000+05:30,6169,PENDING
57213,2014-07-21T00:00:00.000+05:30,98,PENDING
57220,2014-07-21T00:00:00.000+05:30,1701,PENDING
57231,2014-07-21T00:00:00.000+05:30,4177,PENDING
57234,2014-07-21T00:00:00.000+05:30,4617,PENDING
57237,2014-07-21T00:00:00.000+05:30,10428,PENDING
57242,2014-07-21T00:00:00.000+05:30,3990,PENDING
57243,2014-07-21T00:00:00.000+05:30,2134,PENDING
57244,2014-07-21T00:00:00.000+05:30,2216,PENDING
57248,2014-07-21T00:00:00.000+05:30,7454,PENDING
57264,2014-07-21T00:00:00.000+05:30,5786,PENDING
57279,2014-07-21T00:00:00.000+05:30,12122,PENDING
57285,2014-07-21T00:00:00.000+05:30,215,PENDING
57297,2014-07-21T00:00:00.000+05:30,6790,PENDING
57312,2014-07-21T00:00:00.000+05:30,8390,PENDING
57313,2014-07-21T00:00:00.000+05:30,8105,PENDING
57314,2014-07-21T00:00:00.000+05:30,9172,PENDING
57329,2014-07-21T00:00:00.000+05:30,9227,PENDING
57332,2014-07-21T00:00:00.000+05:30,528,PENDING
57333,2014-07-21T00:00:00.000+05:30,3200,PENDING
57334,2014-07-21T00:00:00.000+05:30,1447,PENDING
57360,2014-07-21T00:00:00.000+05:30,12047,PENDING
57362,2014-07-21T00:00:00.000+05:30,6337,PENDING
57370,2014-07-21T00:00:00.000+05:30,925,PENDING
57376,2014-07-22T00:00:00.000+05:30,5591,PENDING
57402,2014-07-22T00:00:00.000+05:30,3095,PENDING
57412,2014-07-22T00:00:00.000+05:30,4570,PENDING
57441,2014-07-22T00:00:00.000+05:30,4185,PENDING
57450,2014-07-22T00:00:00.000+05:30,5812,PENDING
57457,2014-07-22T00:00:00.000+05:30,2986,PENDING
57462,2014-07-22T00:00:00.000+05:30,591,PENDING
57465,2014-07-22T00:00:00.000+05:30,1115,PENDING
57469,2014-07-22T00:00:00.000+05:30,5564,PENDING
57471,2014-07-22T00:00:00.000+05:30,2425,PENDING
57474,2014-07-23T00:00:00.000+05:30,2703,PENDING
57475,2014-07-23T00:00:00.000+05:30,7865,PENDING
57482,2014-07-23T00:00:00.000+05:30,8370,PENDING
57488,2014-07-23T00:00:00.000+05:30,2378,PENDING
57489,2014-07-23T00:00:00.000+05:30,10206,PENDING
57492,2014-07-23T00:00:00.000+05:30,9987,PENDING
57511,2014-07-23T00:00:00.000+05:30,11475,PENDING
57545,2014-07-23T00:00:00.000+05:30,8083,PENDING
57555,2014-07-23T00:00:00.000+05:30,12131,PENDING
57556,2014-07-23T00:00:00.000+05:30,8052,PENDING
57598,2014-07-24T00:00:00.000+05:30,138,PENDING
57604,2014-07-24T00:00:00.000+05:30,11274,PENDING
57605,2014-07-24T00:00:00.000+05:30,3704,PENDING
57609,2014-07-24T00:00:00.000+05:30,2884,PENDING
57610,2014-07-24T00:00:00.000+05:30,8491,PENDING
57625,2014-07-24T00:00:00.000+05:30,11410,PENDING
57636,2014-07-24T00:00:00.000+05:30,1211,PENDING
57644,2014-07-24T00:00:00.000+05:30,8819,PENDING
57663,2014-07-24T00:00:00.000+05:30,1307,PENDING
57667,2014-07-24T00:00:00.000+05:30,11026,PENDING
57668,2014-07-24T00:00:00.000+05:30,1860,PENDING
57678,2014-07-24T00:00:00.000+05:30,10809,PENDING
57694,2014-07-24T00:00:00.000+05:30,11258,PENDING
57698,2014-07-24T00:00:00.000+05:30,10268,PENDING
57702,2014-07-24T00:00:00.000+05:30,11960,PENDING
57710,2014-07-24T00:00:00.000+05:30,11424,PENDING
57723,2014-07-24T00:00:00.000+05:30,11269,PENDING
57740,2014-07-24T00:00:00.000+05:30,10448,PENDING
57741,2014-07-24T00:00:00.000+05:30,4424,PENDING
57743,2014-07-24T00:00:00.000+05:30,10022,PENDING
57750,2014-07-24T00:00:00.000+05:30,10587,PENDING
57753,2013-07-25T00:00:00.000+05:30,9414,PENDING
57778,2013-07-25T00:00:00.000+05:30,1143,PENDING
57791,2013-07-26T00:00:00.000+05:30,2914,PENDING
57802,2013-07-26T00:00:00.000+05:30,4359,PENDING
57805,2013-07-26T00:00:00.000+05:30,7893,PENDING
57827,2013-07-27T00:00:00.000+05:30,12085,PENDING
57828,2013-07-27T00:00:00.000+05:30,11415,PENDING
57854,2013-07-28T00:00:00.000+05:30,2369,PENDING
57862,2013-07-28T00:00:00.000+05:30,7793,PENDING
57865,2013-07-29T00:00:00.000+05:30,5023,PENDING
57887,2013-07-29T00:00:00.000+05:30,6958,PENDING
57889,2013-07-29T00:00:00.000+05:30,11305,PENDING
57894,2013-07-29T00:00:00.000+05:30,11860,PENDING
57918,2013-07-30T00:00:00.000+05:30,8403,PENDING
57927,2013-07-31T00:00:00.000+05:30,2760,PENDING
57937,2013-07-31T00:00:00.000+05:30,11133,PENDING
57943,2013-07-31T00:00:00.000+05:30,7198,PENDING
57960,2013-08-01T00:00:00.000+05:30,10177,PENDING
57977,2013-08-02T00:00:00.000+05:30,5227,PENDING
57979,2013-08-02T00:00:00.000+05:30,5548,PENDING
57980,2013-08-02T00:00:00.000+05:30,5396,PENDING
57982,2013-08-02T00:00:00.000+05:30,3565,PENDING
57989,2013-08-03T00:00:00.000+05:30,2828,PENDING
57996,2013-08-03T00:00:00.000+05:30,4191,PENDING
57999,2013-08-03T00:00:00.000+05:30,5506,PENDING
58001,2013-08-03T00:00:00.000+05:30,2554,PENDING
58006,2013-08-03T00:00:00.000+05:30,11404,PENDING
58007,2013-08-03T00:00:00.000+05:30,7254,PENDING
58008,2013-08-04T00:00:00.000+05:30,3236,PENDING
58019,2013-08-04T00:00:00.000+05:30,9652,PENDING
58036,2013-08-04T00:00:00.000+05:30,884,PENDING
58038,2013-08-04T00:00:00.000+05:30,9810,PENDING
58044,2013-08-04T00:00:00.000+05:30,11313,PENDING
58045,2013-08-04T00:00:00.000+05:30,2347,PENDING
58048,2013-08-05T00:00:00.000+05:30,4288,PENDING
58071,2013-08-06T00:00:00.000+05:30,11780,PENDING
58073,2013-08-06T00:00:00.000+05:30,1646,PENDING
58099,2013-08-07T00:00:00.000+05:30,10554,PENDING
58101,2013-08-08T00:00:00.000+05:30,12239,PENDING
58109,2013-08-08T00:00:00.000+05:30,3010,PENDING
58111,2013-08-08T00:00:00.000+05:30,518,PENDING
58116,2013-08-08T00:00:00.000+05:30,11656,PENDING
58119,2013-08-08T00:00:00.000+05:30,7391,PENDING
58123,2013-08-08T00:00:00.000+05:30,8105,PENDING
58125,2013-08-08T00:00:00.000+05:30,8775,PENDING
58142,2013-08-09T00:00:00.000+05:30,2721,PENDING
58146,2013-08-09T00:00:00.000+05:30,1739,PENDING
58153,2013-08-09T00:00:00.000+05:30,5041,PENDING
58163,2013-08-10T00:00:00.000+05:30,7103,PENDING
58164,2013-08-10T00:00:00.000+05:30,3316,PENDING
58170,2013-08-10T00:00:00.000+05:30,5808,PENDING
58178,2013-08-10T00:00:00.000+05:30,11060,PENDING
58180,2013-08-10T00:00:00.000+05:30,7848,PENDING
58189,2013-08-10T00:00:00.000+05:30,6770,PENDING
58196,2013-08-11T00:00:00.000+05:30,10458,PENDING
58210,2013-08-11T00:00:00.000+05:30,428,PENDING
58218,2013-08-12T00:00:00.000+05:30,7850,PENDING
58228,2013-08-12T00:00:00.000+05:30,9332,PENDING
58245,2013-08-13T00:00:00.000+05:30,1489,PENDING
58247,2013-08-13T00:00:00.000+05:30,254,PENDING
58258,2013-08-14T00:00:00.000+05:30,9636,PENDING
58268,2013-08-14T00:00:00.000+05:30,10976,PENDING
58269,2013-08-14T00:00:00.000+05:30,10153,PENDING
58278,2013-08-14T00:00:00.000+05:30,4618,PENDING
58311,2013-08-16T00:00:00.000+05:30,9371,PENDING
58314,2013-08-16T00:00:00.000+05:30,12294,PENDING
58331,2013-08-16T00:00:00.000+05:30,8405,PENDING
58342,2013-08-17T00:00:00.000+05:30,11126,PENDING
58359,2013-08-18T00:00:00.000+05:30,3945,PENDING
58375,2013-08-18T00:00:00.000+05:30,3990,PENDING
58382,2013-08-18T00:00:00.000+05:30,262,PENDING
58387,2013-08-18T00:00:00.000+05:30,8184,PENDING
58404,2013-08-19T00:00:00.000+05:30,789,PENDING
58409,2013-08-19T00:00:00.000+05:30,9454,PENDING
58411,2013-08-19T00:00:00.000+05:30,4561,PENDING
58426,2013-08-20T00:00:00.000+05:30,6694,PENDING
58431,2013-08-21T00:00:00.000+05:30,12263,PENDING
58435,2013-08-21T00:00:00.000+05:30,1083,PENDING
58444,2013-08-21T00:00:00.000+05:30,9849,PENDING
58458,2013-08-21T00:00:00.000+05:30,815,PENDING
58472,2013-08-22T00:00:00.000+05:30,1888,PENDING
58484,2013-08-22T00:00:00.000+05:30,10919,PENDING
58522,2013-08-23T00:00:00.000+05:30,312,PENDING
58524,2013-08-23T00:00:00.000+05:30,10780,PENDING
58526,2013-08-23T00:00:00.000+05:30,5314,PENDING
58528,2013-08-23T00:00:00.000+05:30,6888,PENDING
58529,2013-08-23T00:00:00.000+05:30,1288,PENDING
58568,2013-08-24T00:00:00.000+05:30,10042,PENDING
58578,2013-08-25T00:00:00.000+05:30,10448,PENDING
58582,2013-08-25T00:00:00.000+05:30,8097,PENDING
58584,2013-08-25T00:00:00.000+05:30,12226,PENDING
58592,2013-08-26T00:00:00.000+05:30,11609,PENDING
58594,2013-08-26T00:00:00.000+05:30,1372,PENDING
58595,2013-08-26T00:00:00.000+05:30,3690,PENDING
58597,2013-08-26T00:00:00.000+05:30,2311,PENDING
58600,2013-08-26T00:00:00.000+05:30,2093,PENDING
58616,2013-08-27T00:00:00.000+05:30,1933,PENDING
58625,2013-08-27T00:00:00.000+05:30,8979,PENDING
58627,2013-08-27T00:00:00.000+05:30,1751,PENDING
58635,2013-08-27T00:00:00.000+05:30,5668,PENDING
58641,2013-08-27T00:00:00.000+05:30,12055,PENDING
58654,2013-08-28T00:00:00.000+05:30,2608,PENDING
58672,2013-08-28T00:00:00.000+05:30,7940,PENDING
58675,2013-08-28T00:00:00.000+05:30,10836,PENDING
58682,2013-08-28T00:00:00.000+05:30,10240,PENDING
58714,2013-08-30T00:00:00.000+05:30,45,PENDING
58728,2013-08-31T00:00:00.000+05:30,2633,PENDING
58736,2013-08-31T00:00:00.000+05:30,8209,PENDING
58748,2013-09-01T00:00:00.000+05:30,11884,PENDING
58750,2013-09-01T00:00:00.000+05:30,8824,PENDING
58751,2013-09-01T00:00:00.000+05:30,11043,PENDING
58756,2013-09-01T00:00:00.000+05:30,6183,PENDING
58760,2013-09-01T00:00:00.000+05:30,2212,PENDING
58762,2013-09-01T00:00:00.000+05:30,9472,PENDING
58763,2013-09-01T00:00:00.000+05:30,10558,PENDING
58768,2013-09-01T00:00:00.000+05:30,8689,PENDING
58774,2013-09-02T00:00:00.000+05:30,5138,PENDING
58788,2013-09-02T00:00:00.000+05:30,6587,PENDING
58789,2013-09-02T00:00:00.000+05:30,5021,PENDING
58795,2013-09-03T00:00:00.000+05:30,8987,PENDING
58796,2013-09-03T00:00:00.000+05:30,7885,PENDING
58808,2013-09-03T00:00:00.000+05:30,9358,PENDING
58820,2013-09-04T00:00:00.000+05:30,1229,PENDING
58835,2013-09-04T00:00:00.000+05:30,9623,PENDING
58859,2013-09-05T00:00:00.000+05:30,10511,PENDING
58876,2013-09-06T00:00:00.000+05:30,7769,PENDING
58877,2013-09-06T00:00:00.000+05:30,2239,PENDING
58884,2013-09-06T00:00:00.000+05:30,3656,PENDING
58902,2013-09-06T00:00:00.000+05:30,7968,PENDING
58904,2013-09-06T00:00:00.000+05:30,6817,PENDING
58910,2013-09-07T00:00:00.000+05:30,10322,PENDING
58916,2013-09-07T00:00:00.000+05:30,3113,PENDING
58921,2013-09-07T00:00:00.000+05:30,11375,PENDING
58922,2013-09-07T00:00:00.000+05:30,10210,PENDING
58934,2013-09-08T00:00:00.000+05:30,3065,PENDING
58935,2013-09-08T00:00:00.000+05:30,10312,PENDING
58950,2013-09-09T00:00:00.000+05:30,3796,PENDING
58956,2013-09-09T00:00:00.000+05:30,3280,PENDING
58969,2013-09-10T00:00:00.000+05:30,3147,PENDING
58972,2013-09-10T00:00:00.000+05:30,12065,PENDING
58976,2013-09-10T00:00:00.000+05:30,4048,PENDING
58991,2013-09-11T00:00:00.000+05:30,6331,PENDING
59000,2013-09-11T00:00:00.000+05:30,3829,PENDING
59004,2013-09-11T00:00:00.000+05:30,10553,PENDING
59014,2013-09-12T00:00:00.000+05:30,6130,PENDING
59020,2013-09-12T00:00:00.000+05:30,550,PENDING
59021,2013-09-12T00:00:00.000+05:30,8656,PENDING
59024,2013-09-12T00:00:00.000+05:30,2058,PENDING
59025,2013-09-12T00:00:00.000+05:30,11222,PENDING
59029,2013-09-12T00:00:00.000+05:30,4813,PENDING
59030,2013-09-13T00:00:00.000+05:30,10521,PENDING
59037,2013-09-13T00:00:00.000+05:30,8336,PENDING
59039,2013-09-13T00:00:00.000+05:30,3643,PENDING
59055,2013-09-14T00:00:00.000+05:30,3553,PENDING
59056,2013-09-14T00:00:00.000+05:30,11071,PENDING
59060,2013-09-14T00:00:00.000+05:30,11745,PENDING
59066,2013-09-14T00:00:00.000+05:30,7652,PENDING
59096,2013-09-15T00:00:00.000+05:30,3593,PENDING
59101,2013-09-16T00:00:00.000+05:30,11307,PENDING
59120,2013-09-16T00:00:00.000+05:30,11962,PENDING
59125,2013-09-16T00:00:00.000+05:30,2296,PENDING
59140,2013-09-17T00:00:00.000+05:30,12401,PENDING
59141,2013-09-17T00:00:00.000+05:30,9885,PENDING
59142,2013-09-17T00:00:00.000+05:30,10760,PENDING
59145,2013-09-17T00:00:00.000+05:30,5832,PENDING
59154,2013-09-18T00:00:00.000+05:30,9359,PENDING
59157,2013-09-18T00:00:00.000+05:30,4545,PENDING
59174,2013-09-18T00:00:00.000+05:30,242,PENDING
59187,2013-09-19T00:00:00.000+05:30,6216,PENDING
59189,2013-09-19T00:00:00.000+05:30,4265,PENDING
59198,2013-09-20T00:00:00.000+05:30,1288,PENDING
59202,2013-09-20T00:00:00.000+05:30,4665,PENDING
59206,2013-09-20T00:00:00.000+05:30,1496,PENDING
59219,2013-09-21T00:00:00.000+05:30,1790,PENDING
59231,2013-09-22T00:00:00.000+05:30,9952,PENDING
59233,2013-09-22T00:00:00.000+05:30,12057,PENDING
59239,2013-09-22T00:00:00.000+05:30,9952,PENDING
59241,2013-09-22T00:00:00.000+05:30,10717,PENDING
59244,2013-09-22T00:00:00.000+05:30,11829,PENDING
59252,2013-09-22T00:00:00.000+05:30,10137,PENDING
59254,2013-09-22T00:00:00.000+05:30,8167,PENDING
59255,2013-09-22T00:00:00.000+05:30,9538,PENDING
59256,2013-09-23T00:00:00.000+05:30,4188,PENDING
59279,2013-09-24T00:00:00.000+05:30,3250,PENDING
59285,2013-09-24T00:00:00.000+05:30,9916,PENDING
59303,2013-09-24T00:00:00.000+05:30,1040,PENDING
59309,2013-09-25T00:00:00.000+05:30,5138,PENDING
59311,2013-09-25T00:00:00.000+05:30,12166,PENDING
59313,2013-09-25T00:00:00.000+05:30,4855,PENDING
59315,2013-09-25T00:00:00.000+05:30,9511,PENDING
59326,2013-09-25T00:00:00.000+05:30,10149,PENDING
59327,2013-09-25T00:00:00.000+05:30,6232,PENDING
59328,2013-09-25T00:00:00.000+05:30,11260,PENDING
59330,2013-09-25T00:00:00.000+05:30,5725,PENDING
59333,2013-09-25T00:00:00.000+05:30,8380,PENDING
59335,2013-09-26T00:00:00.000+05:30,11189,PENDING
59341,2013-09-26T00:00:00.000+05:30,9832,PENDING
59365,2013-09-26T00:00:00.000+05:30,3011,PENDING
59366,2013-09-26T00:00:00.000+05:30,1582,PENDING
59367,2013-09-26T00:00:00.000+05:30,4404,PENDING
59368,2013-09-26T00:00:00.000+05:30,4666,PENDING
59378,2013-09-27T00:00:00.000+05:30,861,PENDING
59387,2013-09-27T00:00:00.000+05:30,10344,PENDING
59396,2013-09-27T00:00:00.000+05:30,5171,PENDING
59406,2013-09-28T00:00:00.000+05:30,3999,PENDING
59409,2013-09-28T00:00:00.000+05:30,2982,PENDING
59411,2013-09-28T00:00:00.000+05:30,1682,PENDING
59414,2013-09-28T00:00:00.000+05:30,738,PENDING
59416,2013-09-28T00:00:00.000+05:30,11751,PENDING
59422,2013-09-28T00:00:00.000+05:30,429,PENDING
59426,2013-09-28T00:00:00.000+05:30,2681,PENDING
59433,2013-09-29T00:00:00.000+05:30,5225,PENDING
59462,2013-09-30T00:00:00.000+05:30,11363,PENDING
59466,2013-09-30T00:00:00.000+05:30,8868,PENDING
59473,2013-09-30T00:00:00.000+05:30,1816,PENDING
59481,2013-09-30T00:00:00.000+05:30,6624,PENDING
59483,2013-09-30T00:00:00.000+05:30,12195,PENDING
59484,2013-09-30T00:00:00.000+05:30,12228,PENDING
59502,2013-10-01T00:00:00.000+05:30,8964,PENDING
59515,2013-10-02T00:00:00.000+05:30,9563,PENDING
59517,2013-10-02T00:00:00.000+05:30,4937,PENDING
59530,2013-10-02T00:00:00.000+05:30,2233,PENDING
59531,2013-10-02T00:00:00.000+05:30,2630,PENDING
59542,2013-10-02T00:00:00.000+05:30,7024,PENDING
59548,2013-10-02T00:00:00.000+05:30,8839,PENDING
59552,2013-10-03T00:00:00.000+05:30,1018,PENDING
59559,2013-10-03T00:00:00.000+05:30,4397,PENDING
59566,2013-10-03T00:00:00.000+05:30,7551,PENDING
59574,2013-10-03T00:00:00.000+05:30,2389,PENDING
59577,2013-10-03T00:00:00.000+05:30,12390,PENDING
59585,2013-10-04T00:00:00.000+05:30,2362,PENDING
59590,2013-10-04T00:00:00.000+05:30,3901,PENDING
59594,2013-10-04T00:00:00.000+05:30,1891,PENDING
59610,2013-10-04T00:00:00.000+05:30,1923,PENDING
59616,2013-10-04T00:00:00.000+05:30,3455,PENDING
59631,2013-10-06T00:00:00.000+05:30,11627,PENDING
59632,2013-10-06T00:00:00.000+05:30,8174,PENDING
59641,2013-10-06T00:00:00.000+05:30,946,PENDING
59650,2013-10-06T00:00:00.000+05:30,8905,PENDING
59654,2013-10-06T00:00:00.000+05:30,11066,PENDING
59668,2013-10-07T00:00:00.000+05:30,9084,PENDING
59693,2013-10-09T00:00:00.000+05:30,12010,PENDING
59701,2013-10-10T00:00:00.000+05:30,10879,PENDING
59702,2013-10-10T00:00:00.000+05:30,5187,PENDING
59716,2013-10-10T00:00:00.000+05:30,9041,PENDING
59740,2013-10-11T00:00:00.000+05:30,2149,PENDING
59766,2013-10-12T00:00:00.000+05:30,8849,PENDING
59769,2013-10-12T00:00:00.000+05:30,2445,PENDING
59774,2013-10-12T00:00:00.000+05:30,9639,PENDING
59778,2013-10-12T00:00:00.000+05:30,9292,PENDING
59779,2013-10-12T00:00:00.000+05:30,2156,PENDING
59789,2013-10-13T00:00:00.000+05:30,10121,PENDING
59792,2013-10-13T00:00:00.000+05:30,1896,PENDING
59794,2013-10-13T00:00:00.000+05:30,8728,PENDING
59808,2013-10-13T00:00:00.000+05:30,4380,PENDING
59814,2013-10-13T00:00:00.000+05:30,9167,PENDING
59815,2013-10-13T00:00:00.000+05:30,556,PENDING
59823,2013-10-13T00:00:00.000+05:30,9742,PENDING
59830,2013-10-14T00:00:00.000+05:30,9932,PENDING
59836,2013-10-14T00:00:00.000+05:30,6678,PENDING
59839,2013-10-14T00:00:00.000+05:30,3761,PENDING
59844,2013-10-14T00:00:00.000+05:30,3668,PENDING
59849,2013-10-14T00:00:00.000+05:30,3664,PENDING
59861,2013-10-15T00:00:00.000+05:30,7272,PENDING
59868,2013-10-15T00:00:00.000+05:30,1932,PENDING
59896,2013-10-16T00:00:00.000+05:30,6913,PENDING
59904,2013-10-17T00:00:00.000+05:30,8784,PENDING
59938,2013-10-18T00:00:00.000+05:30,5802,PENDING
59941,2013-10-18T00:00:00.000+05:30,9365,PENDING
59942,2013-10-18T00:00:00.000+05:30,6329,PENDING
59956,2013-10-18T00:00:00.000+05:30,6785,PENDING
59959,2013-10-18T00:00:00.000+05:30,8090,PENDING
59969,2013-10-18T00:00:00.000+05:30,6301,PENDING
59970,2013-10-18T00:00:00.000+05:30,9992,PENDING
59981,2013-10-19T00:00:00.000+05:30,11275,PENDING
59984,2013-10-19T00:00:00.000+05:30,9787,PENDING
59989,2013-10-19T00:00:00.000+05:30,10638,PENDING
59999,2013-10-19T00:00:00.000+05:30,11070,PENDING
60004,2013-10-20T00:00:00.000+05:30,10907,PENDING
60015,2013-10-20T00:00:00.000+05:30,662,PENDING
60044,2013-10-22T00:00:00.000+05:30,9822,PENDING
60061,2013-10-22T00:00:00.000+05:30,335,PENDING
60063,2013-10-22T00:00:00.000+05:30,329,PENDING
60075,2013-10-22T00:00:00.000+05:30,445,PENDING
60083,2013-10-23T00:00:00.000+05:30,6544,PENDING
60085,2013-10-23T00:00:00.000+05:30,9267,PENDING
60087,2013-10-23T00:00:00.000+05:30,11243,PENDING
60091,2013-10-23T00:00:00.000+05:30,3317,PENDING
60095,2013-10-24T00:00:00.000+05:30,7983,PENDING
60106,2013-10-24T00:00:00.000+05:30,9833,PENDING
60114,2013-10-25T00:00:00.000+05:30,6622,PENDING
60118,2013-10-25T00:00:00.000+05:30,10185,PENDING
60127,2013-10-25T00:00:00.000+05:30,9204,PENDING
60130,2013-10-26T00:00:00.000+05:30,5844,PENDING
60134,2013-10-26T00:00:00.000+05:30,8246,PENDING
60153,2013-10-27T00:00:00.000+05:30,2148,PENDING
60159,2013-10-27T00:00:00.000+05:30,10591,PENDING
60169,2013-10-28T00:00:00.000+05:30,10157,PENDING
60210,2013-10-30T00:00:00.000+05:30,7859,PENDING
60223,2013-10-30T00:00:00.000+05:30,1957,PENDING
60225,2013-10-30T00:00:00.000+05:30,8840,PENDING
60238,2013-10-30T00:00:00.000+05:30,3207,PENDING
60242,2013-10-30T00:00:00.000+05:30,4860,PENDING
60255,2013-10-31T00:00:00.000+05:30,1242,PENDING
60263,2013-11-01T00:00:00.000+05:30,6457,PENDING
60268,2013-11-01T00:00:00.000+05:30,8449,PENDING
60271,2013-11-01T00:00:00.000+05:30,5254,PENDING
60287,2013-11-02T00:00:00.000+05:30,4035,PENDING
60288,2013-11-02T00:00:00.000+05:30,2763,PENDING
60289,2013-11-02T00:00:00.000+05:30,462,PENDING
60296,2013-11-02T00:00:00.000+05:30,8256,PENDING
60299,2013-11-02T00:00:00.000+05:30,1381,PENDING
60306,2013-11-02T00:00:00.000+05:30,11246,PENDING
60310,2013-11-02T00:00:00.000+05:30,6905,PENDING
60319,2013-11-02T00:00:00.000+05:30,9442,PENDING
60320,2013-11-02T00:00:00.000+05:30,11765,PENDING
60332,2013-11-03T00:00:00.000+05:30,6524,PENDING
60348,2013-11-03T00:00:00.000+05:30,5126,PENDING
60349,2013-11-03T00:00:00.000+05:30,9861,PENDING
60357,2013-11-03T00:00:00.000+05:30,1836,PENDING
60374,2013-11-03T00:00:00.000+05:30,11251,PENDING
60379,2013-11-04T00:00:00.000+05:30,8412,PENDING
60384,2013-11-04T00:00:00.000+05:30,7842,PENDING
60385,2013-11-04T00:00:00.000+05:30,5845,PENDING
60386,2013-11-04T00:00:00.000+05:30,9554,PENDING
60389,2013-11-04T00:00:00.000+05:30,11493,PENDING
60413,2013-11-05T00:00:00.000+05:30,11289,PENDING
60419,2013-11-05T00:00:00.000+05:30,11534,PENDING
60429,2013-11-06T00:00:00.000+05:30,8877,PENDING
60447,2013-11-07T00:00:00.000+05:30,992,PENDING
60457,2013-11-07T00:00:00.000+05:30,602,PENDING
60466,2013-11-08T00:00:00.000+05:30,5182,PENDING
60477,2013-11-08T00:00:00.000+05:30,865,PENDING
60478,2013-11-08T00:00:00.000+05:30,406,PENDING
60490,2013-11-09T00:00:00.000+05:30,878,PENDING
60515,2013-11-10T00:00:00.000+05:30,10481,PENDING
60519,2013-11-10T00:00:00.000+05:30,7739,PENDING
60524,2013-11-10T00:00:00.000+05:30,9038,PENDING
60530,2013-11-10T00:00:00.000+05:30,213,PENDING
60539,2013-11-11T00:00:00.000+05:30,2319,PENDING
60542,2013-11-11T00:00:00.000+05:30,5727,PENDING
60562,2013-11-12T00:00:00.000+05:30,2293,PENDING
60568,2013-11-12T00:00:00.000+05:30,10398,PENDING
60569,2013-11-12T00:00:00.000+05:30,3850,PENDING
60571,2013-11-12T00:00:00.000+05:30,2631,PENDING
60576,2013-11-13T00:00:00.000+05:30,5048,PENDING
60595,2013-11-14T00:00:00.000+05:30,4744,PENDING
60596,2013-11-14T00:00:00.000+05:30,5899,PENDING
60606,2013-11-14T00:00:00.000+05:30,6193,PENDING
60621,2013-11-14T00:00:00.000+05:30,6546,PENDING
60632,2013-11-15T00:00:00.000+05:30,10845,PENDING
60637,2013-11-15T00:00:00.000+05:30,5151,PENDING
60654,2013-11-16T00:00:00.000+05:30,7511,PENDING
60671,2013-11-16T00:00:00.000+05:30,1589,PENDING
60673,2013-11-16T00:00:00.000+05:30,2053,PENDING
60690,2013-11-17T00:00:00.000+05:30,351,PENDING
60691,2013-11-17T00:00:00.000+05:30,4470,PENDING
60719,2013-11-18T00:00:00.000+05:30,11263,PENDING
60720,2013-11-18T00:00:00.000+05:30,11710,PENDING
60721,2013-11-18T00:00:00.000+05:30,6669,PENDING
60727,2013-11-19T00:00:00.000+05:30,7294,PENDING
60732,2013-11-19T00:00:00.000+05:30,8033,PENDING
60749,2013-11-19T00:00:00.000+05:30,8177,PENDING
60761,2013-11-19T00:00:00.000+05:30,1926,PENDING
60765,2013-11-20T00:00:00.000+05:30,2956,PENDING
60767,2013-11-20T00:00:00.000+05:30,7120,PENDING
60774,2013-11-20T00:00:00.000+05:30,10761,PENDING
60780,2013-11-20T00:00:00.000+05:30,8101,PENDING
60789,2013-11-20T00:00:00.000+05:30,5592,PENDING
60813,2013-11-21T00:00:00.000+05:30,7050,PENDING
60817,2013-11-21T00:00:00.000+05:30,9096,PENDING
60823,2013-11-21T00:00:00.000+05:30,7024,PENDING
60826,2013-11-21T00:00:00.000+05:30,12265,PENDING
60832,2013-11-21T00:00:00.000+05:30,9970,PENDING
60834,2013-11-21T00:00:00.000+05:30,286,PENDING
60847,2013-11-22T00:00:00.000+05:30,12372,PENDING
60849,2013-11-22T00:00:00.000+05:30,806,PENDING
60850,2013-11-22T00:00:00.000+05:30,8037,PENDING
60851,2013-11-22T00:00:00.000+05:30,2980,PENDING
60862,2013-11-22T00:00:00.000+05:30,2306,PENDING
60887,2013-11-23T00:00:00.000+05:30,8334,PENDING
60892,2013-11-23T00:00:00.000+05:30,8792,PENDING
60912,2013-11-24T00:00:00.000+05:30,11141,PENDING
60915,2013-11-24T00:00:00.000+05:30,4320,PENDING
60925,2013-11-24T00:00:00.000+05:30,5966,PENDING
60930,2013-11-24T00:00:00.000+05:30,2044,PENDING
60935,2013-11-25T00:00:00.000+05:30,9825,PENDING
60946,2013-11-25T00:00:00.000+05:30,7802,PENDING
60959,2013-11-25T00:00:00.000+05:30,6553,PENDING
60960,2013-11-25T00:00:00.000+05:30,8171,PENDING
60969,2013-11-26T00:00:00.000+05:30,2513,PENDING
61013,2013-11-27T00:00:00.000+05:30,522,PENDING
61017,2013-11-27T00:00:00.000+05:30,5719,PENDING
61018,2013-11-27T00:00:00.000+05:30,9113,PENDING
61020,2013-11-27T00:00:00.000+05:30,8020,PENDING
61030,2013-11-27T00:00:00.000+05:30,2271,PENDING
61052,2013-11-28T00:00:00.000+05:30,1136,PENDING
61057,2013-11-28T00:00:00.000+05:30,6699,PENDING
61072,2013-11-29T00:00:00.000+05:30,2115,PENDING
61086,2013-11-30T00:00:00.000+05:30,7733,PENDING
61102,2013-12-01T00:00:00.000+05:30,2997,PENDING
61105,2013-12-01T00:00:00.000+05:30,10239,PENDING
61108,2013-12-01T00:00:00.000+05:30,4173,PENDING
61113,2013-12-01T00:00:00.000+05:30,5106,PENDING
61114,2013-12-01T00:00:00.000+05:30,869,PENDING
61115,2013-12-01T00:00:00.000+05:30,11411,PENDING
61122,2013-12-02T00:00:00.000+05:30,2730,PENDING
61131,2013-12-02T00:00:00.000+05:30,3645,PENDING
61139,2013-12-02T00:00:00.000+05:30,3118,PENDING
61169,2013-12-03T00:00:00.000+05:30,8807,PENDING
61182,2013-12-04T00:00:00.000+05:30,4008,PENDING
61208,2013-12-04T00:00:00.000+05:30,8155,PENDING
61217,2013-12-05T00:00:00.000+05:30,403,PENDING
61218,2013-12-05T00:00:00.000+05:30,6318,PENDING
61219,2013-12-05T00:00:00.000+05:30,4976,PENDING
61220,2013-12-05T00:00:00.000+05:30,4507,PENDING
61236,2013-12-06T00:00:00.000+05:30,3188,PENDING
61244,2013-12-07T00:00:00.000+05:30,8448,PENDING
61252,2013-12-07T00:00:00.000+05:30,647,PENDING
61253,2013-12-07T00:00:00.000+05:30,1704,PENDING
61259,2013-12-08T00:00:00.000+05:30,3046,PENDING
61260,2013-12-08T00:00:00.000+05:30,5815,PENDING
61266,2013-12-08T00:00:00.000+05:30,6367,PENDING
61279,2013-12-08T00:00:00.000+05:30,1875,PENDING
61284,2013-12-09T00:00:00.000+05:30,12133,PENDING
61290,2013-12-09T00:00:00.000+05:30,9329,PENDING
61295,2013-12-09T00:00:00.000+05:30,1452,PENDING
61303,2013-12-09T00:00:00.000+05:30,3817,PENDING
61350,2013-12-11T00:00:00.000+05:30,285,PENDING
61358,2013-12-12T00:00:00.000+05:30,8400,PENDING
61361,2013-12-12T00:00:00.000+05:30,3225,PENDING
61365,2013-12-12T00:00:00.000+05:30,4798,PENDING
61368,2013-12-12T00:00:00.000+05:30,8167,PENDING
61373,2013-12-12T00:00:00.000+05:30,4238,PENDING
61392,2013-12-13T00:00:00.000+05:30,2078,PENDING
61396,2013-12-13T00:00:00.000+05:30,1131,PENDING
61399,2013-12-13T00:00:00.000+05:30,8652,PENDING
61404,2013-12-13T00:00:00.000+05:30,3464,PENDING
61416,2013-12-13T00:00:00.000+05:30,9188,PENDING
61420,2013-12-13T00:00:00.000+05:30,11164,PENDING
61441,2013-12-14T00:00:00.000+05:30,8870,PENDING
61443,2013-12-14T00:00:00.000+05:30,3434,PENDING
61446,2013-12-14T00:00:00.000+05:30,1585,PENDING
61475,2013-12-15T00:00:00.000+05:30,2952,PENDING
61477,2013-12-15T00:00:00.000+05:30,5460,PENDING
61485,2013-12-15T00:00:00.000+05:30,7747,PENDING
61486,2013-12-15T00:00:00.000+05:30,9120,PENDING
61492,2013-12-15T00:00:00.000+05:30,11908,PENDING
61497,2013-12-15T00:00:00.000+05:30,4187,PENDING
61500,2013-12-15T00:00:00.000+05:30,10604,PENDING
61503,2013-12-16T00:00:00.000+05:30,3475,PENDING
61508,2013-12-16T00:00:00.000+05:30,5191,PENDING
61520,2013-12-17T00:00:00.000+05:30,4261,PENDING
61547,2013-12-17T00:00:00.000+05:30,6729,PENDING
61550,2013-12-18T00:00:00.000+05:30,2432,PENDING
61563,2013-12-18T00:00:00.000+05:30,126,PENDING
61567,2013-12-18T00:00:00.000+05:30,164,PENDING
61579,2013-12-18T00:00:00.000+05:30,1451,PENDING
61607,2013-12-20T00:00:00.000+05:30,3791,PENDING
61619,2013-12-20T00:00:00.000+05:30,2493,PENDING
61621,2013-12-20T00:00:00.000+05:30,3721,PENDING
61632,2013-12-21T00:00:00.000+05:30,7792,PENDING
61635,2013-12-21T00:00:00.000+05:30,8727,PENDING
61656,2013-12-21T00:00:00.000+05:30,1946,PENDING
61661,2013-12-21T00:00:00.000+05:30,8473,PENDING
61671,2013-12-22T00:00:00.000+05:30,11428,PENDING
61676,2013-12-22T00:00:00.000+05:30,6609,PENDING
61690,2013-12-22T00:00:00.000+05:30,744,PENDING
61702,2013-12-23T00:00:00.000+05:30,9671,PENDING
61703,2013-12-23T00:00:00.000+05:30,11006,PENDING
61724,2013-12-24T00:00:00.000+05:30,8800,PENDING
61738,2013-12-25T00:00:00.000+05:30,347,PENDING
61741,2013-12-25T00:00:00.000+05:30,6144,PENDING
61747,2013-12-25T00:00:00.000+05:30,11944,PENDING
61779,2013-12-26T00:00:00.000+05:30,9189,PENDING
61782,2013-12-26T00:00:00.000+05:30,6411,PENDING
61793,2013-12-26T00:00:00.000+05:30,7830,PENDING
61807,2013-12-26T00:00:00.000+05:30,11515,PENDING
61808,2013-12-27T00:00:00.000+05:30,4754,PENDING
61809,2013-12-27T00:00:00.000+05:30,3689,PENDING
61814,2013-12-27T00:00:00.000+05:30,11761,PENDING
61847,2013-12-29T00:00:00.000+05:30,8609,PENDING
61859,2013-12-30T00:00:00.000+05:30,4791,PENDING
61875,2013-12-31T00:00:00.000+05:30,4904,PENDING
61888,2013-12-31T00:00:00.000+05:30,5687,PENDING
61896,2013-12-31T00:00:00.000+05:30,10062,PENDING
61902,2014-01-01T00:00:00.000+05:30,8652,PENDING
61906,2014-01-01T00:00:00.000+05:30,11761,PENDING
61944,2014-01-02T00:00:00.000+05:30,8954,PENDING
61956,2014-01-03T00:00:00.000+05:30,9047,PENDING
61964,2014-01-04T00:00:00.000+05:30,11702,PENDING
61967,2014-01-04T00:00:00.000+05:30,11403,PENDING
61969,2014-01-04T00:00:00.000+05:30,10918,PENDING
61970,2014-01-04T00:00:00.000+05:30,8940,PENDING
61979,2014-01-04T00:00:00.000+05:30,3365,PENDING
61993,2014-01-04T00:00:00.000+05:30,11634,PENDING
61999,2014-01-05T00:00:00.000+05:30,9238,PENDING
62019,2014-01-05T00:00:00.000+05:30,422,PENDING
62034,2014-01-06T00:00:00.000+05:30,8532,PENDING
62059,2014-01-07T00:00:00.000+05:30,5629,PENDING
62062,2014-01-08T00:00:00.000+05:30,1943,PENDING
62063,2014-01-08T00:00:00.000+05:30,2127,PENDING
62069,2014-01-08T00:00:00.000+05:30,5849,PENDING
62075,2014-01-08T00:00:00.000+05:30,6050,PENDING
62078,2014-01-08T00:00:00.000+05:30,12101,PENDING
62085,2014-01-08T00:00:00.000+05:30,10377,PENDING
62086,2014-01-08T00:00:00.000+05:30,341,PENDING
62089,2014-01-08T00:00:00.000+05:30,8364,PENDING
62095,2014-01-08T00:00:00.000+05:30,2550,PENDING
62106,2014-01-09T00:00:00.000+05:30,1898,PENDING
62108,2014-01-09T00:00:00.000+05:30,9304,PENDING
62115,2014-01-09T00:00:00.000+05:30,2676,PENDING
62134,2014-01-09T00:00:00.000+05:30,7089,PENDING
62151,2014-01-10T00:00:00.000+05:30,11913,PENDING
62154,2014-01-10T00:00:00.000+05:30,2453,PENDING
62164,2014-01-10T00:00:00.000+05:30,11682,PENDING
62167,2014-01-10T00:00:00.000+05:30,331,PENDING
62188,2014-01-11T00:00:00.000+05:30,5522,PENDING
62236,2014-01-12T00:00:00.000+05:30,10926,PENDING
62265,2014-01-14T00:00:00.000+05:30,8590,PENDING
62269,2014-01-14T00:00:00.000+05:30,2620,PENDING
62272,2014-01-14T00:00:00.000+05:30,8571,PENDING
62283,2014-01-15T00:00:00.000+05:30,2266,PENDING
62301,2014-01-16T00:00:00.000+05:30,12169,PENDING
62304,2014-01-16T00:00:00.000+05:30,4190,PENDING
62306,2014-01-16T00:00:00.000+05:30,11592,PENDING
62314,2014-01-16T00:00:00.000+05:30,3262,PENDING
62316,2014-01-16T00:00:00.000+05:30,4444,PENDING
62318,2014-01-17T00:00:00.000+05:30,5668,PENDING
62320,2014-01-17T00:00:00.000+05:30,9058,PENDING
62326,2014-01-17T00:00:00.000+05:30,6740,PENDING
62349,2014-01-19T00:00:00.000+05:30,7729,PENDING
62359,2014-01-19T00:00:00.000+05:30,9836,PENDING
62361,2014-01-19T00:00:00.000+05:30,10578,PENDING
62379,2014-01-19T00:00:00.000+05:30,9883,PENDING
62380,2014-01-19T00:00:00.000+05:30,3946,PENDING
62381,2014-01-19T00:00:00.000+05:30,2916,PENDING
62383,2014-01-19T00:00:00.000+05:30,11692,PENDING
62386,2014-01-19T00:00:00.000+05:30,2832,PENDING
62390,2014-01-20T00:00:00.000+05:30,4068,PENDING
62402,2014-01-20T00:00:00.000+05:30,8203,PENDING
62404,2014-01-20T00:00:00.000+05:30,9534,PENDING
62415,2014-01-20T00:00:00.000+05:30,11076,PENDING
62426,2014-01-21T00:00:00.000+05:30,9860,PENDING
62427,2014-01-21T00:00:00.000+05:30,11604,PENDING
62435,2014-01-21T00:00:00.000+05:30,4146,PENDING
62437,2014-01-21T00:00:00.000+05:30,775,PENDING
62469,2014-01-22T00:00:00.000+05:30,11798,PENDING
62473,2014-01-22T00:00:00.000+05:30,1689,PENDING
62479,2014-01-22T00:00:00.000+05:30,2796,PENDING
62486,2014-01-22T00:00:00.000+05:30,12276,PENDING
62493,2014-01-22T00:00:00.000+05:30,8148,PENDING
62496,2014-01-23T00:00:00.000+05:30,592,PENDING
62503,2014-01-23T00:00:00.000+05:30,5898,PENDING
62507,2014-01-23T00:00:00.000+05:30,11292,PENDING
62510,2014-01-23T00:00:00.000+05:30,7310,PENDING
62522,2014-01-23T00:00:00.000+05:30,5619,PENDING
62523,2014-01-23T00:00:00.000+05:30,636,PENDING
62539,2014-01-24T00:00:00.000+05:30,4708,PENDING
62544,2014-01-24T00:00:00.000+05:30,2502,PENDING
62567,2014-01-24T00:00:00.000+05:30,12112,PENDING
62588,2014-01-25T00:00:00.000+05:30,1571,PENDING
62605,2014-01-26T00:00:00.000+05:30,9000,PENDING
62614,2014-01-26T00:00:00.000+05:30,10731,PENDING
62619,2014-01-26T00:00:00.000+05:30,1581,PENDING
62638,2014-01-27T00:00:00.000+05:30,6092,PENDING
62656,2014-01-27T00:00:00.000+05:30,8312,PENDING
62662,2014-01-27T00:00:00.000+05:30,3744,PENDING
62664,2014-01-28T00:00:00.000+05:30,5641,PENDING
62671,2014-01-28T00:00:00.000+05:30,1545,PENDING
62676,2014-01-28T00:00:00.000+05:30,8939,PENDING
62682,2014-01-28T00:00:00.000+05:30,8156,PENDING
62693,2014-01-29T00:00:00.000+05:30,3852,PENDING
62704,2014-01-29T00:00:00.000+05:30,3143,PENDING
62729,2014-01-29T00:00:00.000+05:30,7271,PENDING
62742,2014-01-30T00:00:00.000+05:30,3271,PENDING
62745,2014-01-30T00:00:00.000+05:30,5489,PENDING
62754,2014-01-30T00:00:00.000+05:30,7547,PENDING
62765,2014-01-31T00:00:00.000+05:30,8142,PENDING
62775,2014-01-31T00:00:00.000+05:30,8192,PENDING
62777,2014-02-01T00:00:00.000+05:30,2856,PENDING
62778,2014-02-01T00:00:00.000+05:30,2256,PENDING
62783,2014-02-01T00:00:00.000+05:30,1406,PENDING
62789,2014-02-01T00:00:00.000+05:30,1628,PENDING
62791,2014-02-01T00:00:00.000+05:30,872,PENDING
62803,2014-02-01T00:00:00.000+05:30,9238,PENDING
62807,2014-02-01T00:00:00.000+05:30,2296,PENDING
62808,2014-02-01T00:00:00.000+05:30,8149,PENDING
62817,2014-02-02T00:00:00.000+05:30,3064,PENDING
62832,2014-02-03T00:00:00.000+05:30,404,PENDING
62841,2014-02-04T00:00:00.000+05:30,1960,PENDING
62843,2014-02-04T00:00:00.000+05:30,8307,PENDING
62871,2014-02-04T00:00:00.000+05:30,11311,PENDING
62880,2014-02-05T00:00:00.000+05:30,5371,PENDING
62883,2014-02-05T00:00:00.000+05:30,4470,PENDING
62900,2014-02-06T00:00:00.000+05:30,8460,PENDING
62901,2014-02-06T00:00:00.000+05:30,5720,PENDING
62903,2014-02-06T00:00:00.000+05:30,4579,PENDING
62911,2014-02-06T00:00:00.000+05:30,10700,PENDING
62920,2014-02-07T00:00:00.000+05:30,12172,PENDING
62928,2014-02-07T00:00:00.000+05:30,3008,PENDING
62944,2014-02-08T00:00:00.000+05:30,3567,PENDING
62956,2014-02-08T00:00:00.000+05:30,1673,PENDING
62961,2014-02-08T00:00:00.000+05:30,11692,PENDING
62963,2014-02-08T00:00:00.000+05:30,4969,PENDING
62969,2014-02-08T00:00:00.000+05:30,4024,PENDING
62987,2014-02-09T00:00:00.000+05:30,8078,PENDING
62988,2014-02-09T00:00:00.000+05:30,9999,PENDING
62995,2014-02-09T00:00:00.000+05:30,4484,PENDING
63004,2014-02-09T00:00:00.000+05:30,9708,PENDING
63013,2014-02-09T00:00:00.000+05:30,3533,PENDING
63014,2014-02-09T00:00:00.000+05:30,10351,PENDING
63024,2014-02-09T00:00:00.000+05:30,8017,PENDING
63026,2014-02-09T00:00:00.000+05:30,10284,PENDING
63031,2014-02-10T00:00:00.000+05:30,2834,PENDING
63034,2014-02-10T00:00:00.000+05:30,8766,PENDING
63036,2014-02-10T00:00:00.000+05:30,6086,PENDING
63046,2014-02-11T00:00:00.000+05:30,3792,PENDING
63058,2014-02-11T00:00:00.000+05:30,2436,PENDING
63081,2014-02-12T00:00:00.000+05:30,9273,PENDING
63089,2014-02-12T00:00:00.000+05:30,2289,PENDING
63099,2014-02-12T00:00:00.000+05:30,12026,PENDING
63105,2014-02-12T00:00:00.000+05:30,7224,PENDING
63111,2014-02-13T00:00:00.000+05:30,12222,PENDING
63115,2014-02-13T00:00:00.000+05:30,1240,PENDING
63116,2014-02-13T00:00:00.000+05:30,7053,PENDING
63118,2014-02-13T00:00:00.000+05:30,1635,PENDING
63121,2014-02-13T00:00:00.000+05:30,7068,PENDING
63129,2014-02-13T00:00:00.000+05:30,6951,PENDING
63130,2014-02-13T00:00:00.000+05:30,5134,PENDING
63134,2014-02-13T00:00:00.000+05:30,952,PENDING
63138,2014-02-13T00:00:00.000+05:30,4565,PENDING
63139,2014-02-13T00:00:00.000+05:30,7835,PENDING
63153,2014-02-14T00:00:00.000+05:30,5735,PENDING
63161,2014-02-14T00:00:00.000+05:30,5858,PENDING
63172,2014-02-14T00:00:00.000+05:30,3224,PENDING
63186,2014-02-14T00:00:00.000+05:30,10127,PENDING
63196,2014-02-15T00:00:00.000+05:30,10289,PENDING
63204,2014-02-15T00:00:00.000+05:30,7171,PENDING
63209,2014-02-15T00:00:00.000+05:30,1826,PENDING
63211,2014-02-15T00:00:00.000+05:30,10136,PENDING
63215,2014-02-15T00:00:00.000+05:30,1620,PENDING
63218,2014-02-15T00:00:00.000+05:30,6796,PENDING
63219,2014-02-15T00:00:00.000+05:30,5713,PENDING
63227,2014-02-16T00:00:00.000+05:30,3498,PENDING
63233,2014-02-16T00:00:00.000+05:30,5870,PENDING
63242,2014-02-17T00:00:00.000+05:30,4139,PENDING
63249,2014-02-17T00:00:00.000+05:30,12221,PENDING
63252,2014-02-18T00:00:00.000+05:30,12391,PENDING
63267,2014-02-19T00:00:00.000+05:30,10928,PENDING
63276,2014-02-19T00:00:00.000+05:30,2739,PENDING
63283,2014-02-19T00:00:00.000+05:30,3957,PENDING
63307,2014-02-20T00:00:00.000+05:30,2628,PENDING
63325,2014-02-21T00:00:00.000+05:30,1008,PENDING
63354,2014-02-22T00:00:00.000+05:30,12238,PENDING
63360,2014-02-22T00:00:00.000+05:30,177,PENDING
63362,2014-02-22T00:00:00.000+05:30,1242,PENDING
63381,2014-02-23T00:00:00.000+05:30,5238,PENDING
63387,2014-02-23T00:00:00.000+05:30,12347,PENDING
63389,2014-02-23T00:00:00.000+05:30,4599,PENDING
63390,2014-02-23T00:00:00.000+05:30,3385,PENDING
63399,2014-02-23T00:00:00.000+05:30,7270,PENDING
63402,2014-02-23T00:00:00.000+05:30,12383,PENDING
63405,2014-02-23T00:00:00.000+05:30,1588,PENDING
63408,2014-02-24T00:00:00.000+05:30,631,PENDING
63413,2014-02-24T00:00:00.000+05:30,2667,PENDING
63419,2014-02-24T00:00:00.000+05:30,221,PENDING
63434,2014-02-25T00:00:00.000+05:30,7089,PENDING
63444,2014-02-26T00:00:00.000+05:30,3377,PENDING
63449,2014-02-26T00:00:00.000+05:30,959,PENDING
63457,2014-02-26T00:00:00.000+05:30,8152,PENDING
63472,2014-02-26T00:00:00.000+05:30,10436,PENDING
63489,2014-02-27T00:00:00.000+05:30,3176,PENDING
63490,2014-02-27T00:00:00.000+05:30,7811,PENDING
63491,2014-02-27T00:00:00.000+05:30,8297,PENDING
63507,2014-02-27T00:00:00.000+05:30,327,PENDING
63514,2014-02-28T00:00:00.000+05:30,6878,PENDING
63516,2014-02-28T00:00:00.000+05:30,8806,PENDING
63519,2014-03-01T00:00:00.000+05:30,9249,PENDING
63533,2014-03-01T00:00:00.000+05:30,8972,PENDING
63543,2014-03-02T00:00:00.000+05:30,295,PENDING
63552,2014-03-02T00:00:00.000+05:30,14,PENDING
63564,2014-03-02T00:00:00.000+05:30,11930,PENDING
63568,2014-03-02T00:00:00.000+05:30,9479,PENDING
63569,2014-03-02T00:00:00.000+05:30,10331,PENDING
63582,2014-03-03T00:00:00.000+05:30,9911,PENDING
63600,2014-03-04T00:00:00.000+05:30,10432,PENDING
63612,2014-03-04T00:00:00.000+05:30,10630,PENDING
63621,2014-03-04T00:00:00.000+05:30,4317,PENDING
63624,2014-03-04T00:00:00.000+05:30,2810,PENDING
63626,2014-03-04T00:00:00.000+05:30,3406,PENDING
63628,2014-03-04T00:00:00.000+05:30,3477,PENDING
63639,2014-03-05T00:00:00.000+05:30,8967,PENDING
63668,2014-03-06T00:00:00.000+05:30,2537,PENDING
63669,2014-03-06T00:00:00.000+05:30,8658,PENDING
63683,2014-03-07T00:00:00.000+05:30,8845,PENDING
63688,2014-03-07T00:00:00.000+05:30,5064,PENDING
63693,2014-03-07T00:00:00.000+05:30,4559,PENDING
63696,2014-03-07T00:00:00.000+05:30,10532,PENDING
63698,2014-03-07T00:00:00.000+05:30,8932,PENDING
63705,2014-03-07T00:00:00.000+05:30,7763,PENDING
63708,2014-03-07T00:00:00.000+05:30,652,PENDING
63711,2014-03-07T00:00:00.000+05:30,3323,PENDING
63713,2014-03-07T00:00:00.000+05:30,2407,PENDING
63714,2014-03-07T00:00:00.000+05:30,10785,PENDING
63715,2014-03-07T00:00:00.000+05:30,6974,PENDING
63718,2014-03-08T00:00:00.000+05:30,295,PENDING
63724,2014-03-08T00:00:00.000+05:30,297,PENDING
63727,2014-03-08T00:00:00.000+05:30,12098,PENDING
63751,2014-03-11T00:00:00.000+05:30,810,PENDING
63752,2014-03-11T00:00:00.000+05:30,4180,PENDING
63753,2014-03-11T00:00:00.000+05:30,12043,PENDING
63764,2014-03-11T00:00:00.000+05:30,11808,PENDING
63767,2014-03-12T00:00:00.000+05:30,10922,PENDING
63781,2014-03-12T00:00:00.000+05:30,4653,PENDING
63783,2014-03-12T00:00:00.000+05:30,8853,PENDING
63787,2014-03-13T00:00:00.000+05:30,4302,PENDING
63800,2014-03-13T00:00:00.000+05:30,2741,PENDING
63808,2014-03-13T00:00:00.000+05:30,1844,PENDING
63810,2014-03-13T00:00:00.000+05:30,7451,PENDING
63817,2014-03-13T00:00:00.000+05:30,1572,PENDING
63821,2014-03-13T00:00:00.000+05:30,206,PENDING
63829,2014-03-14T00:00:00.000+05:30,4121,PENDING
63831,2014-03-14T00:00:00.000+05:30,8920,PENDING
63833,2014-03-14T00:00:00.000+05:30,1043,PENDING
63841,2014-03-14T00:00:00.000+05:30,3625,PENDING
63851,2014-03-15T00:00:00.000+05:30,7825,PENDING
63880,2014-03-16T00:00:00.000+05:30,6745,PENDING
63901,2014-03-17T00:00:00.000+05:30,9878,PENDING
63906,2014-03-17T00:00:00.000+05:30,10205,PENDING
63907,2014-03-17T00:00:00.000+05:30,569,PENDING
63917,2014-03-17T00:00:00.000+05:30,12119,PENDING
63922,2014-03-17T00:00:00.000+05:30,7679,PENDING
63938,2014-03-18T00:00:00.000+05:30,2663,PENDING
63939,2014-03-18T00:00:00.000+05:30,10959,PENDING
63949,2014-03-18T00:00:00.000+05:30,668,PENDING
63955,2014-03-18T00:00:00.000+05:30,9222,PENDING
63962,2014-03-18T00:00:00.000+05:30,1549,PENDING
63968,2014-03-19T00:00:00.000+05:30,547,PENDING
63991,2014-03-19T00:00:00.000+05:30,3121,PENDING
64028,2014-03-21T00:00:00.000+05:30,8312,PENDING
64052,2014-03-22T00:00:00.000+05:30,4611,PENDING
64070,2014-03-23T00:00:00.000+05:30,10305,PENDING
64077,2014-03-23T00:00:00.000+05:30,3238,PENDING
64087,2014-03-23T00:00:00.000+05:30,5198,PENDING
64112,2014-03-24T00:00:00.000+05:30,3983,PENDING
64115,2014-03-24T00:00:00.000+05:30,10762,PENDING
64121,2014-03-24T00:00:00.000+05:30,4320,PENDING
64126,2014-03-25T00:00:00.000+05:30,1070,PENDING
64130,2014-03-25T00:00:00.000+05:30,10026,PENDING
64149,2014-03-26T00:00:00.000+05:30,6302,PENDING
64153,2014-03-26T00:00:00.000+05:30,4726,PENDING
64170,2014-03-27T00:00:00.000+05:30,5881,PENDING
64185,2014-03-28T00:00:00.000+05:30,26,PENDING
64200,2014-03-28T00:00:00.000+05:30,1106,PENDING
64205,2014-03-28T00:00:00.000+05:30,6629,PENDING
64208,2014-03-28T00:00:00.000+05:30,6604,PENDING
64215,2014-03-28T00:00:00.000+05:30,8527,PENDING
64218,2014-03-28T00:00:00.000+05:30,10885,PENDING
64222,2014-03-29T00:00:00.000+05:30,4848,PENDING
64225,2014-03-29T00:00:00.000+05:30,3693,PENDING
64236,2014-03-30T00:00:00.000+05:30,12014,PENDING
64281,2014-04-01T00:00:00.000+05:30,140,PENDING
64282,2014-04-01T00:00:00.000+05:30,1175,PENDING
64297,2014-04-02T00:00:00.000+05:30,6756,PENDING
64301,2014-04-02T00:00:00.000+05:30,9974,PENDING
64311,2014-04-02T00:00:00.000+05:30,3425,PENDING
64338,2014-04-03T00:00:00.000+05:30,1804,PENDING
64352,2014-04-04T00:00:00.000+05:30,6202,PENDING
64366,2014-04-05T00:00:00.000+05:30,5158,PENDING
64371,2014-04-05T00:00:00.000+05:30,5661,PENDING
64384,2014-04-05T00:00:00.000+05:30,9432,PENDING
64390,2014-04-05T00:00:00.000+05:30,9280,PENDING
64403,2014-04-06T00:00:00.000+05:30,342,PENDING
64411,2014-04-06T00:00:00.000+05:30,7265,PENDING
64425,2014-04-06T00:00:00.000+05:30,7368,PENDING
64426,2014-04-06T00:00:00.000+05:30,100,PENDING
64431,2014-04-07T00:00:00.000+05:30,638,PENDING
64437,2014-04-07T00:00:00.000+05:30,8614,PENDING
64439,2014-04-07T00:00:00.000+05:30,6582,PENDING
64441,2014-04-07T00:00:00.000+05:30,950,PENDING
64450,2014-04-07T00:00:00.000+05:30,5667,PENDING
64453,2014-04-07T00:00:00.000+05:30,5715,PENDING
64467,2014-04-07T00:00:00.000+05:30,11270,PENDING
64474,2014-04-08T00:00:00.000+05:30,8515,PENDING
64493,2014-04-09T00:00:00.000+05:30,4716,PENDING
64503,2014-04-09T00:00:00.000+05:30,3085,PENDING
64530,2014-04-10T00:00:00.000+05:30,9128,PENDING
64535,2014-04-10T00:00:00.000+05:30,2501,PENDING
64536,2014-04-10T00:00:00.000+05:30,9086,PENDING
64549,2014-04-10T00:00:00.000+05:30,373,PENDING
64550,2014-04-10T00:00:00.000+05:30,1538,PENDING
64580,2014-04-11T00:00:00.000+05:30,2660,PENDING
64599,2014-04-12T00:00:00.000+05:30,3315,PENDING
64603,2014-04-12T00:00:00.000+05:30,3623,PENDING
64629,2014-04-13T00:00:00.000+05:30,4329,PENDING
64651,2014-04-14T00:00:00.000+05:30,1494,PENDING
64660,2014-04-14T00:00:00.000+05:30,1542,PENDING
64661,2014-04-14T00:00:00.000+05:30,11138,PENDING
64667,2014-04-15T00:00:00.000+05:30,12169,PENDING
64672,2014-04-15T00:00:00.000+05:30,7224,PENDING
64678,2014-04-15T00:00:00.000+05:30,10532,PENDING
64682,2014-04-15T00:00:00.000+05:30,10642,PENDING
64687,2014-04-15T00:00:00.000+05:30,9858,PENDING
64692,2014-04-15T00:00:00.000+05:30,1576,PENDING
64696,2014-04-15T00:00:00.000+05:30,7029,PENDING
64713,2014-04-16T00:00:00.000+05:30,5405,PENDING
64717,2014-04-16T00:00:00.000+05:30,5148,PENDING
64722,2014-04-16T00:00:00.000+05:30,4412,PENDING
64725,2014-04-16T00:00:00.000+05:30,12016,PENDING
64727,2014-04-16T00:00:00.000+05:30,6587,PENDING
64729,2014-04-16T00:00:00.000+05:30,6922,PENDING
64734,2014-04-17T00:00:00.000+05:30,7097,PENDING
64735,2014-04-17T00:00:00.000+05:30,1104,PENDING
64777,2014-04-19T00:00:00.000+05:30,4897,PENDING
64785,2014-04-19T00:00:00.000+05:30,8108,PENDING
64789,2014-04-19T00:00:00.000+05:30,1336,PENDING
64799,2014-04-19T00:00:00.000+05:30,1562,PENDING
64817,2014-04-20T00:00:00.000+05:30,10695,PENDING
64831,2014-04-21T00:00:00.000+05:30,10058,PENDING
64837,2014-04-21T00:00:00.000+05:30,7838,PENDING
64840,2014-04-21T00:00:00.000+05:30,12328,PENDING
64841,2014-04-21T00:00:00.000+05:30,1809,PENDING
64842,2014-04-21T00:00:00.000+05:30,9864,PENDING
64856,2014-04-21T00:00:00.000+05:30,8802,PENDING
64869,2014-04-22T00:00:00.000+05:30,978,PENDING
64875,2014-04-22T00:00:00.000+05:30,1460,PENDING
64881,2014-04-22T00:00:00.000+05:30,10957,PENDING
64884,2014-04-23T00:00:00.000+05:30,2352,PENDING
64893,2014-04-23T00:00:00.000+05:30,12302,PENDING
64897,2014-04-23T00:00:00.000+05:30,5805,PENDING
64908,2014-04-23T00:00:00.000+05:30,9606,PENDING
64911,2014-04-23T00:00:00.000+05:30,1832,PENDING
64926,2014-04-24T00:00:00.000+05:30,9297,PENDING
64927,2014-04-24T00:00:00.000+05:30,2649,PENDING
64929,2014-04-24T00:00:00.000+05:30,284,PENDING
64944,2014-04-24T00:00:00.000+05:30,9432,PENDING
64947,2014-04-25T00:00:00.000+05:30,1910,PENDING
64953,2014-04-25T00:00:00.000+05:30,3238,PENDING
64967,2014-04-25T00:00:00.000+05:30,7689,PENDING
64970,2014-04-25T00:00:00.000+05:30,6504,PENDING
64974,2014-04-25T00:00:00.000+05:30,8161,PENDING
64980,2014-04-25T00:00:00.000+05:30,512,PENDING
64985,2014-04-26T00:00:00.000+05:30,3701,PENDING
64989,2014-04-26T00:00:00.000+05:30,9731,PENDING
65009,2014-04-26T00:00:00.000+05:30,4607,PENDING
65016,2014-04-27T00:00:00.000+05:30,1198,PENDING
65017,2014-04-27T00:00:00.000+05:30,2674,PENDING
65023,2014-04-27T00:00:00.000+05:30,1457,PENDING
65039,2014-04-27T00:00:00.000+05:30,4608,PENDING
65048,2014-04-28T00:00:00.000+05:30,960,PENDING
65068,2014-04-29T00:00:00.000+05:30,4014,PENDING
65071,2014-04-29T00:00:00.000+05:30,10517,PENDING
65096,2014-05-01T00:00:00.000+05:30,10390,PENDING
65108,2014-05-01T00:00:00.000+05:30,2128,PENDING
65110,2014-05-01T00:00:00.000+05:30,11191,PENDING
65119,2014-05-01T00:00:00.000+05:30,742,PENDING
65132,2014-05-02T00:00:00.000+05:30,433,PENDING
65139,2014-05-02T00:00:00.000+05:30,3833,PENDING
65141,2014-05-02T00:00:00.000+05:30,7762,PENDING
65144,2014-05-02T00:00:00.000+05:30,12341,PENDING
65151,2014-05-02T00:00:00.000+05:30,4425,PENDING
65165,2014-05-03T00:00:00.000+05:30,9209,PENDING
65167,2014-05-03T00:00:00.000+05:30,11730,PENDING
65175,2014-05-03T00:00:00.000+05:30,2357,PENDING
65179,2014-05-03T00:00:00.000+05:30,8622,PENDING
65180,2014-05-03T00:00:00.000+05:30,1724,PENDING
65193,2014-05-04T00:00:00.000+05:30,5782,PENDING
65196,2014-05-04T00:00:00.000+05:30,3428,PENDING
65217,2014-05-05T00:00:00.000+05:30,4868,PENDING
65224,2014-05-05T00:00:00.000+05:30,3447,PENDING
65235,2014-05-05T00:00:00.000+05:30,12239,PENDING
65238,2014-05-05T00:00:00.000+05:30,4072,PENDING
65243,2014-05-06T00:00:00.000+05:30,645,PENDING
65289,2014-05-08T00:00:00.000+05:30,12289,PENDING
65303,2014-05-08T00:00:00.000+05:30,9206,PENDING
65312,2014-05-09T00:00:00.000+05:30,6506,PENDING
65316,2014-05-09T00:00:00.000+05:30,6152,PENDING
65319,2014-05-09T00:00:00.000+05:30,10715,PENDING
65325,2014-05-09T00:00:00.000+05:30,11219,PENDING
65357,2014-05-10T00:00:00.000+05:30,8556,PENDING
65365,2014-05-10T00:00:00.000+05:30,11832,PENDING
65368,2014-05-10T00:00:00.000+05:30,11625,PENDING
65370,2014-05-10T00:00:00.000+05:30,10051,PENDING
65374,2014-05-10T00:00:00.000+05:30,3760,PENDING
65388,2014-05-11T00:00:00.000+05:30,1310,PENDING
65399,2014-05-11T00:00:00.000+05:30,10095,PENDING
65400,2014-05-11T00:00:00.000+05:30,9949,PENDING
65409,2014-05-11T00:00:00.000+05:30,3571,PENDING
65444,2014-05-12T00:00:00.000+05:30,11419,PENDING
65450,2014-05-12T00:00:00.000+05:30,11713,PENDING
65453,2014-05-12T00:00:00.000+05:30,6034,PENDING
65456,2014-05-12T00:00:00.000+05:30,8244,PENDING
65462,2014-05-13T00:00:00.000+05:30,3494,PENDING
65465,2014-05-13T00:00:00.000+05:30,11057,PENDING
65466,2014-05-13T00:00:00.000+05:30,10777,PENDING
65472,2014-05-13T00:00:00.000+05:30,1225,PENDING
65486,2014-05-14T00:00:00.000+05:30,1704,PENDING
65495,2014-05-15T00:00:00.000+05:30,1895,PENDING
65496,2014-05-15T00:00:00.000+05:30,4682,PENDING
65504,2014-05-15T00:00:00.000+05:30,4700,PENDING
65520,2014-05-16T00:00:00.000+05:30,3940,PENDING
65522,2014-05-16T00:00:00.000+05:30,3731,PENDING
65524,2014-05-16T00:00:00.000+05:30,2291,PENDING
65539,2014-05-16T00:00:00.000+05:30,8981,PENDING
65546,2014-05-17T00:00:00.000+05:30,6676,PENDING
65577,2014-05-17T00:00:00.000+05:30,4828,PENDING
65590,2014-05-18T00:00:00.000+05:30,938,PENDING
65599,2014-05-19T00:00:00.000+05:30,1501,PENDING
65616,2014-05-19T00:00:00.000+05:30,11966,PENDING
65620,2014-05-20T00:00:00.000+05:30,11543,PENDING
65622,2014-05-20T00:00:00.000+05:30,10939,PENDING
65647,2014-05-21T00:00:00.000+05:30,9091,PENDING
65662,2014-05-21T00:00:00.000+05:30,2777,PENDING
65665,2014-05-21T00:00:00.000+05:30,3443,PENDING
65668,2014-05-22T00:00:00.000+05:30,8506,PENDING
65673,2014-05-22T00:00:00.000+05:30,976,PENDING
65681,2014-05-22T00:00:00.000+05:30,9675,PENDING
65686,2014-05-22T00:00:00.000+05:30,1344,PENDING
65688,2014-05-22T00:00:00.000+05:30,11115,PENDING
65690,2014-05-22T00:00:00.000+05:30,3800,PENDING
65693,2014-05-22T00:00:00.000+05:30,129,PENDING
65700,2014-05-22T00:00:00.000+05:30,9737,PENDING
65703,2014-05-23T00:00:00.000+05:30,9331,PENDING
65705,2014-05-23T00:00:00.000+05:30,11977,PENDING
65713,2014-05-23T00:00:00.000+05:30,7139,PENDING
65728,2014-05-24T00:00:00.000+05:30,8668,PENDING
65730,2014-05-24T00:00:00.000+05:30,2209,PENDING
65741,2014-05-24T00:00:00.000+05:30,1920,PENDING
65743,2014-05-24T00:00:00.000+05:30,3038,PENDING
65750,2014-05-24T00:00:00.000+05:30,603,PENDING
65758,2014-05-25T00:00:00.000+05:30,920,PENDING
65759,2014-05-25T00:00:00.000+05:30,876,PENDING
65768,2014-05-25T00:00:00.000+05:30,3115,PENDING
65786,2014-05-27T00:00:00.000+05:30,1835,PENDING
65835,2014-05-29T00:00:00.000+05:30,10136,PENDING
65842,2014-05-29T00:00:00.000+05:30,3395,PENDING
65850,2014-05-30T00:00:00.000+05:30,6326,PENDING
65856,2014-05-30T00:00:00.000+05:30,9975,PENDING
65865,2014-05-31T00:00:00.000+05:30,5909,PENDING
65873,2014-06-01T00:00:00.000+05:30,7962,PENDING
65881,2014-06-01T00:00:00.000+05:30,11058,PENDING
65893,2014-06-01T00:00:00.000+05:30,10224,PENDING
65895,2014-06-01T00:00:00.000+05:30,622,PENDING
65898,2014-06-01T00:00:00.000+05:30,8899,PENDING
65901,2014-06-02T00:00:00.000+05:30,12255,PENDING
65926,2014-06-02T00:00:00.000+05:30,8624,PENDING
65961,2014-06-03T00:00:00.000+05:30,1739,PENDING
65963,2014-06-03T00:00:00.000+05:30,3853,PENDING
65971,2014-06-03T00:00:00.000+05:30,7816,PENDING
65987,2014-06-04T00:00:00.000+05:30,10331,PENDING
65999,2014-06-04T00:00:00.000+05:30,977,PENDING
66007,2014-06-04T00:00:00.000+05:30,2419,PENDING
66009,2014-06-04T00:00:00.000+05:30,11294,PENDING
66029,2014-06-05T00:00:00.000+05:30,4008,PENDING
66040,2014-06-05T00:00:00.000+05:30,9585,PENDING
66053,2014-06-05T00:00:00.000+05:30,3557,PENDING
66065,2014-06-06T00:00:00.000+05:30,5068,PENDING
66079,2014-06-07T00:00:00.000+05:30,3000,PENDING
66089,2014-06-07T00:00:00.000+05:30,9476,PENDING
66113,2014-06-08T00:00:00.000+05:30,5592,PENDING
66121,2014-06-08T00:00:00.000+05:30,2762,PENDING
66124,2014-06-08T00:00:00.000+05:30,187,PENDING
66142,2014-06-09T00:00:00.000+05:30,8976,PENDING
66144,2014-06-09T00:00:00.000+05:30,11268,PENDING
66154,2014-06-09T00:00:00.000+05:30,11805,PENDING
66163,2014-06-10T00:00:00.000+05:30,6729,PENDING
66178,2014-06-10T00:00:00.000+05:30,2373,PENDING
66189,2014-06-10T00:00:00.000+05:30,3579,PENDING
66190,2014-06-10T00:00:00.000+05:30,10105,PENDING
66195,2014-06-11T00:00:00.000+05:30,2148,PENDING
66200,2014-06-11T00:00:00.000+05:30,2250,PENDING
66206,2014-06-11T00:00:00.000+05:30,2940,PENDING
66209,2014-06-11T00:00:00.000+05:30,3376,PENDING
66229,2014-06-11T00:00:00.000+05:30,11002,PENDING
66243,2014-06-12T00:00:00.000+05:30,5785,PENDING
66244,2014-06-12T00:00:00.000+05:30,12413,PENDING
66253,2014-06-12T00:00:00.000+05:30,8153,PENDING
66254,2014-06-12T00:00:00.000+05:30,6924,PENDING
66256,2014-06-12T00:00:00.000+05:30,6079,PENDING
66276,2014-06-13T00:00:00.000+05:30,7273,PENDING
66284,2014-06-13T00:00:00.000+05:30,5521,PENDING
66292,2014-06-13T00:00:00.000+05:30,11149,PENDING
66301,2014-06-14T00:00:00.000+05:30,6726,PENDING
66304,2014-06-14T00:00:00.000+05:30,7374,PENDING
66308,2014-06-14T00:00:00.000+05:30,6538,PENDING
66331,2014-06-14T00:00:00.000+05:30,3946,PENDING
66341,2014-06-15T00:00:00.000+05:30,1935,PENDING
66362,2014-06-16T00:00:00.000+05:30,530,PENDING
66389,2014-06-17T00:00:00.000+05:30,4032,PENDING
66395,2014-06-18T00:00:00.000+05:30,11906,PENDING
66418,2014-06-18T00:00:00.000+05:30,2697,PENDING
66422,2014-06-18T00:00:00.000+05:30,4815,PENDING
66439,2014-06-19T00:00:00.000+05:30,11839,PENDING
66442,2014-06-19T00:00:00.000+05:30,2968,PENDING
66447,2014-06-19T00:00:00.000+05:30,8887,PENDING
66449,2014-06-19T00:00:00.000+05:30,4066,PENDING
66459,2014-06-19T00:00:00.000+05:30,7962,PENDING
66467,2014-06-20T00:00:00.000+05:30,7841,PENDING
66491,2014-06-20T00:00:00.000+05:30,6100,PENDING
66500,2014-06-20T00:00:00.000+05:30,5304,PENDING
66502,2014-06-21T00:00:00.000+05:30,7829,PENDING
66505,2014-06-21T00:00:00.000+05:30,4372,PENDING
66506,2014-06-21T00:00:00.000+05:30,1283,PENDING
66509,2014-06-21T00:00:00.000+05:30,2642,PENDING
66519,2014-06-21T00:00:00.000+05:30,4161,PENDING
66522,2014-06-21T00:00:00.000+05:30,2156,PENDING
66525,2014-06-22T00:00:00.000+05:30,6385,PENDING
66545,2014-06-22T00:00:00.000+05:30,2119,PENDING
66560,2014-06-22T00:00:00.000+05:30,10108,PENDING
66568,2014-06-23T00:00:00.000+05:30,1039,PENDING
66576,2014-06-23T00:00:00.000+05:30,7890,PENDING
66579,2014-06-23T00:00:00.000+05:30,3777,PENDING
66580,2014-06-23T00:00:00.000+05:30,6806,PENDING
66600,2014-06-24T00:00:00.000+05:30,1946,PENDING
66604,2014-06-24T00:00:00.000+05:30,10410,PENDING
66605,2014-06-24T00:00:00.000+05:30,8046,PENDING
66607,2014-06-24T00:00:00.000+05:30,1690,PENDING
66617,2014-06-25T00:00:00.000+05:30,11219,PENDING
66622,2014-06-25T00:00:00.000+05:30,3155,PENDING
66627,2014-06-25T00:00:00.000+05:30,859,PENDING
66628,2014-06-25T00:00:00.000+05:30,4301,PENDING
66648,2014-06-26T00:00:00.000+05:30,9901,PENDING
66658,2014-06-26T00:00:00.000+05:30,4243,PENDING
66659,2014-06-26T00:00:00.000+05:30,2525,PENDING
66660,2014-06-26T00:00:00.000+05:30,10816,PENDING
66673,2014-06-27T00:00:00.000+05:30,3463,PENDING
66679,2014-06-27T00:00:00.000+05:30,4461,PENDING
66683,2014-06-27T00:00:00.000+05:30,6010,PENDING
66700,2014-06-28T00:00:00.000+05:30,3702,PENDING
66705,2014-06-28T00:00:00.000+05:30,11921,PENDING
66712,2014-06-29T00:00:00.000+05:30,3328,PENDING
66745,2014-06-29T00:00:00.000+05:30,4745,PENDING
66747,2014-06-29T00:00:00.000+05:30,8786,PENDING
66750,2014-06-29T00:00:00.000+05:30,841,PENDING
66768,2014-06-30T00:00:00.000+05:30,9573,PENDING
66769,2014-06-30T00:00:00.000+05:30,10553,PENDING
66784,2014-07-01T00:00:00.000+05:30,4628,PENDING
66796,2014-07-01T00:00:00.000+05:30,4696,PENDING
66812,2014-07-02T00:00:00.000+05:30,5180,PENDING
66823,2014-07-03T00:00:00.000+05:30,10906,PENDING
66824,2014-07-03T00:00:00.000+05:30,10904,PENDING
66833,2014-07-04T00:00:00.000+05:30,969,PENDING
66846,2014-07-04T00:00:00.000+05:30,2903,PENDING
66847,2014-07-04T00:00:00.000+05:30,9881,PENDING
66857,2014-07-05T00:00:00.000+05:30,5474,PENDING
66868,2014-07-05T00:00:00.000+05:30,5326,PENDING
66875,2014-07-05T00:00:00.000+05:30,9456,PENDING
66881,2014-07-05T00:00:00.000+05:30,11936,PENDING
66896,2014-07-05T00:00:00.000+05:30,7763,PENDING
66900,2014-07-06T00:00:00.000+05:30,6981,PENDING
66902,2014-07-06T00:00:00.000+05:30,191,PENDING
66910,2014-07-06T00:00:00.000+05:30,5590,PENDING
66912,2014-07-06T00:00:00.000+05:30,1379,PENDING
66916,2014-07-06T00:00:00.000+05:30,875,PENDING
66920,2014-07-06T00:00:00.000+05:30,8633,PENDING
66923,2014-07-06T00:00:00.000+05:30,11828,PENDING
66930,2014-07-06T00:00:00.000+05:30,10059,PENDING
66941,2014-07-07T00:00:00.000+05:30,9851,PENDING
66948,2014-07-07T00:00:00.000+05:30,6231,PENDING
66961,2014-07-07T00:00:00.000+05:30,10129,PENDING
66962,2014-07-07T00:00:00.000+05:30,10453,PENDING
66966,2014-07-07T00:00:00.000+05:30,7263,PENDING
66988,2014-07-09T00:00:00.000+05:30,1020,PENDING
66995,2014-07-09T00:00:00.000+05:30,4348,PENDING
67008,2014-07-09T00:00:00.000+05:30,8611,PENDING
67011,2014-07-10T00:00:00.000+05:30,6444,PENDING
67016,2014-07-10T00:00:00.000+05:30,5524,PENDING
67025,2014-07-11T00:00:00.000+05:30,7177,PENDING
67031,2014-07-11T00:00:00.000+05:30,2636,PENDING
67040,2014-07-12T00:00:00.000+05:30,11755,PENDING
67046,2014-07-12T00:00:00.000+05:30,4460,PENDING
67047,2014-07-12T00:00:00.000+05:30,4670,PENDING
67061,2014-07-13T00:00:00.000+05:30,7605,PENDING
67069,2014-07-13T00:00:00.000+05:30,8051,PENDING
67070,2014-07-13T00:00:00.000+05:30,3495,PENDING
67079,2014-07-13T00:00:00.000+05:30,5584,PENDING
67083,2014-07-13T00:00:00.000+05:30,3023,PENDING
67087,2014-07-13T00:00:00.000+05:30,4752,PENDING
67094,2014-07-13T00:00:00.000+05:30,10973,PENDING
67095,2014-07-13T00:00:00.000+05:30,12039,PENDING
67100,2014-07-14T00:00:00.000+05:30,705,PENDING
67102,2014-07-14T00:00:00.000+05:30,7774,PENDING
67106,2014-07-14T00:00:00.000+05:30,8390,PENDING
67107,2014-07-14T00:00:00.000+05:30,4275,PENDING
67108,2014-07-14T00:00:00.000+05:30,2443,PENDING
67110,2014-07-14T00:00:00.000+05:30,12431,PENDING
67121,2014-07-15T00:00:00.000+05:30,1569,PENDING
67130,2014-07-15T00:00:00.000+05:30,972,PENDING
67141,2014-07-15T00:00:00.000+05:30,12094,PENDING
67149,2014-07-15T00:00:00.000+05:30,1322,PENDING
67156,2014-07-16T00:00:00.000+05:30,8664,PENDING
67162,2014-07-16T00:00:00.000+05:30,5711,PENDING
67166,2014-07-16T00:00:00.000+05:30,8295,PENDING
67184,2014-07-16T00:00:00.000+05:30,2677,PENDING
67193,2014-07-17T00:00:00.000+05:30,11979,PENDING
67196,2014-07-17T00:00:00.000+05:30,8370,PENDING
67197,2014-07-17T00:00:00.000+05:30,2107,PENDING
67198,2014-07-17T00:00:00.000+05:30,4231,PENDING
67242,2014-07-18T00:00:00.000+05:30,1575,PENDING
67247,2014-07-19T00:00:00.000+05:30,2105,PENDING
67252,2014-07-19T00:00:00.000+05:30,10885,PENDING
67253,2014-07-19T00:00:00.000+05:30,4746,PENDING
67275,2014-07-20T00:00:00.000+05:30,4195,PENDING
67288,2014-07-20T00:00:00.000+05:30,11589,PENDING
67293,2014-07-20T00:00:00.000+05:30,4991,PENDING
67306,2014-07-20T00:00:00.000+05:30,772,PENDING
67342,2014-07-22T00:00:00.000+05:30,9546,PENDING
67364,2014-07-23T00:00:00.000+05:30,7432,PENDING
67382,2014-07-23T00:00:00.000+05:30,9741,PENDING
67383,2014-07-23T00:00:00.000+05:30,7630,PENDING
67403,2014-07-24T00:00:00.000+05:30,5494,PENDING
67404,2014-07-24T00:00:00.000+05:30,10707,PENDING
67426,2013-07-27T00:00:00.000+05:30,7022,PENDING
67435,2013-07-29T00:00:00.000+05:30,4278,PENDING
67444,2013-07-31T00:00:00.000+05:30,1521,PENDING
67450,2013-08-02T00:00:00.000+05:30,11558,PENDING
67453,2013-08-03T00:00:00.000+05:30,8143,PENDING
67455,2013-08-04T00:00:00.000+05:30,11131,PENDING
67487,2013-08-13T00:00:00.000+05:30,6874,PENDING
67489,2013-08-14T00:00:00.000+05:30,738,PENDING
67526,2013-08-22T00:00:00.000+05:30,7050,PENDING
67527,2013-08-23T00:00:00.000+05:30,1464,PENDING
67533,2013-08-25T00:00:00.000+05:30,3394,PENDING
67535,2013-08-25T00:00:00.000+05:30,10780,PENDING
67538,2013-08-27T00:00:00.000+05:30,918,PENDING
67546,2013-08-28T00:00:00.000+05:30,3975,PENDING
67549,2013-08-28T00:00:00.000+05:30,4021,PENDING
67558,2013-08-31T00:00:00.000+05:30,10199,PENDING
67579,2013-09-05T00:00:00.000+05:30,2547,PENDING
67580,2013-09-05T00:00:00.000+05:30,4343,PENDING
67582,2013-09-05T00:00:00.000+05:30,8125,PENDING
67595,2013-09-08T00:00:00.000+05:30,2224,PENDING
67600,2013-09-10T00:00:00.000+05:30,9720,PENDING
67601,2013-09-10T00:00:00.000+05:30,10346,PENDING
67604,2013-09-11T00:00:00.000+05:30,5543,PENDING
67618,2013-09-14T00:00:00.000+05:30,10231,PENDING
67620,2013-09-15T00:00:00.000+05:30,8437,PENDING
67625,2013-09-16T00:00:00.000+05:30,1386,PENDING
67631,2013-09-18T00:00:00.000+05:30,10344,PENDING
67657,2013-09-27T00:00:00.000+05:30,7007,PENDING
67670,2013-10-02T00:00:00.000+05:30,7084,PENDING
67679,2013-10-06T00:00:00.000+05:30,4270,PENDING
67691,2013-10-09T00:00:00.000+05:30,7262,PENDING
67696,2013-10-10T00:00:00.000+05:30,9577,PENDING
67703,2013-10-12T00:00:00.000+05:30,4682,PENDING
67721,2013-10-17T00:00:00.000+05:30,6109,PENDING
67724,2013-10-19T00:00:00.000+05:30,384,PENDING
67752,2013-10-29T00:00:00.000+05:30,1168,PENDING
67766,2013-11-02T00:00:00.000+05:30,69,PENDING
67774,2013-11-03T00:00:00.000+05:30,4464,PENDING
67775,2013-11-03T00:00:00.000+05:30,2151,PENDING
67779,2013-11-04T00:00:00.000+05:30,457,PENDING
67787,2013-11-07T00:00:00.000+05:30,1077,PENDING
67794,2013-11-08T00:00:00.000+05:30,52,PENDING
67803,2013-11-11T00:00:00.000+05:30,2974,PENDING
67808,2013-11-13T00:00:00.000+05:30,450,PENDING
67811,2013-11-13T00:00:00.000+05:30,10122,PENDING
67820,2013-11-18T00:00:00.000+05:30,962,PENDING
67837,2013-11-22T00:00:00.000+05:30,820,PENDING
67855,2013-11-27T00:00:00.000+05:30,7789,PENDING
67866,2013-12-02T00:00:00.000+05:30,5929,PENDING
67870,2013-12-03T00:00:00.000+05:30,8339,PENDING
67875,2013-12-04T00:00:00.000+05:30,5857,PENDING
67888,2013-12-08T00:00:00.000+05:30,5430,PENDING
67893,2013-12-09T00:00:00.000+05:30,9099,PENDING
67899,2013-12-11T00:00:00.000+05:30,11789,PENDING
67902,2013-12-12T00:00:00.000+05:30,8898,PENDING
67909,2013-12-14T00:00:00.000+05:30,5596,PENDING
67910,2013-12-15T00:00:00.000+05:30,1627,PENDING
67929,2013-12-21T00:00:00.000+05:30,10722,PENDING
67932,2013-12-21T00:00:00.000+05:30,3584,PENDING
67934,2013-12-23T00:00:00.000+05:30,595,PENDING
67935,2013-12-23T00:00:00.000+05:30,351,PENDING
67943,2013-12-25T00:00:00.000+05:30,8682,PENDING
67972,2014-01-01T00:00:00.000+05:30,2602,PENDING
67983,2014-01-05T00:00:00.000+05:30,4992,PENDING
67996,2014-01-09T00:00:00.000+05:30,10842,PENDING
68004,2014-01-11T00:00:00.000+05:30,1199,PENDING
68005,2014-01-12T00:00:00.000+05:30,2225,PENDING
68011,2014-01-14T00:00:00.000+05:30,5504,PENDING
68024,2014-01-17T00:00:00.000+05:30,5943,PENDING
68044,2014-01-22T00:00:00.000+05:30,3446,PENDING
68051,2014-01-24T00:00:00.000+05:30,70,PENDING
68066,2014-01-28T00:00:00.000+05:30,9009,PENDING
68068,2014-01-29T00:00:00.000+05:30,168,PENDING
68085,2014-02-01T00:00:00.000+05:30,5540,PENDING
68087,2014-02-01T00:00:00.000+05:30,10147,PENDING
68091,2014-02-02T00:00:00.000+05:30,9909,PENDING
68094,2014-02-03T00:00:00.000+05:30,2540,PENDING
68096,2014-02-03T00:00:00.000+05:30,34,PENDING
68101,2014-02-05T00:00:00.000+05:30,2288,PENDING
68104,2014-02-06T00:00:00.000+05:30,5913,PENDING
68129,2014-02-12T00:00:00.000+05:30,1045,PENDING
68146,2014-02-17T00:00:00.000+05:30,7211,PENDING
68153,2014-02-18T00:00:00.000+05:30,9215,PENDING
68155,2014-02-19T00:00:00.000+05:30,2530,PENDING
68181,2014-02-26T00:00:00.000+05:30,4634,PENDING
68187,2014-02-28T00:00:00.000+05:30,12075,PENDING
68190,2014-02-28T00:00:00.000+05:30,12121,PENDING
68202,2014-03-03T00:00:00.000+05:30,2736,PENDING
68206,2014-03-04T00:00:00.000+05:30,12322,PENDING
68216,2014-03-07T00:00:00.000+05:30,4861,PENDING
68221,2014-03-08T00:00:00.000+05:30,8120,PENDING
68225,2014-03-10T00:00:00.000+05:30,10262,PENDING
68232,2014-03-14T00:00:00.000+05:30,4779,PENDING
68234,2014-03-14T00:00:00.000+05:30,6368,PENDING
68250,2014-03-20T00:00:00.000+05:30,619,PENDING
68255,2014-03-21T00:00:00.000+05:30,6019,PENDING
68256,2014-03-21T00:00:00.000+05:30,5021,PENDING
68302,2014-04-02T00:00:00.000+05:30,10166,PENDING
68321,2014-04-07T00:00:00.000+05:30,10195,PENDING
68325,2014-04-08T00:00:00.000+05:30,6268,PENDING
68328,2014-04-09T00:00:00.000+05:30,6812,PENDING
68330,2014-04-09T00:00:00.000+05:30,494,PENDING
68346,2014-04-15T00:00:00.000+05:30,3161,PENDING
68351,2014-04-15T00:00:00.000+05:30,5736,PENDING
68352,2014-04-16T00:00:00.000+05:30,2804,PENDING
68355,2014-04-17T00:00:00.000+05:30,11391,PENDING
68362,2014-04-19T00:00:00.000+05:30,9358,PENDING
68365,2014-04-20T00:00:00.000+05:30,3324,PENDING
68366,2014-04-21T00:00:00.000+05:30,8497,PENDING
68397,2014-04-28T00:00:00.000+05:30,10438,PENDING
68421,2014-05-05T00:00:00.000+05:30,10619,PENDING
68423,2014-05-06T00:00:00.000+05:30,9004,PENDING
68445,2014-05-12T00:00:00.000+05:30,12064,PENDING
68479,2014-05-21T00:00:00.000+05:30,260,PENDING
68490,2014-05-24T00:00:00.000+05:30,7369,PENDING
68494,2014-05-24T00:00:00.000+05:30,10053,PENDING
68507,2014-05-30T00:00:00.000+05:30,8,PENDING
68526,2014-06-05T00:00:00.000+05:30,3387,PENDING
68537,2014-06-08T00:00:00.000+05:30,2596,PENDING
68541,2014-06-11T00:00:00.000+05:30,7554,PENDING
68547,2014-06-12T00:00:00.000+05:30,8457,PENDING
68551,2014-06-13T00:00:00.000+05:30,3727,PENDING
68559,2014-06-14T00:00:00.000+05:30,12275,PENDING
68565,2014-06-17T00:00:00.000+05:30,4715,PENDING
68574,2014-06-20T00:00:00.000+05:30,1837,PENDING
68577,2014-06-21T00:00:00.000+05:30,11615,PENDING
68579,2014-06-21T00:00:00.000+05:30,9038,PENDING
68583,2014-06-22T00:00:00.000+05:30,11149,PENDING
68586,2014-06-23T00:00:00.000+05:30,2448,PENDING
68587,2014-06-23T00:00:00.000+05:30,5976,PENDING
68590,2014-06-24T00:00:00.000+05:30,9302,PENDING
68602,2014-06-27T00:00:00.000+05:30,10412,PENDING
68618,2014-07-01T00:00:00.000+05:30,11936,PENDING
68628,2014-07-03T00:00:00.000+05:30,223,PENDING
68629,2014-07-04T00:00:00.000+05:30,7369,PENDING
68631,2014-07-04T00:00:00.000+05:30,697,PENDING
68646,2014-07-09T00:00:00.000+05:30,7631,PENDING
68650,2014-07-10T00:00:00.000+05:30,11193,PENDING
68651,2014-07-10T00:00:00.000+05:30,4736,PENDING
68653,2014-07-11T00:00:00.000+05:30,3263,PENDING
68666,2014-07-17T00:00:00.000+05:30,3430,PENDING
68671,2014-07-17T00:00:00.000+05:30,3046,PENDING
68673,2014-07-18T00:00:00.000+05:30,3372,PENDING
68676,2014-07-19T00:00:00.000+05:30,576,PENDING
68684,2014-07-22T00:00:00.000+05:30,6787,PENDING
68723,2013-09-22T00:00:00.000+05:30,11969,PENDING
68739,2013-10-28T00:00:00.000+05:30,2528,PENDING
68750,2013-11-11T00:00:00.000+05:30,6336,PENDING
68751,2013-11-12T00:00:00.000+05:30,6110,PENDING
68763,2013-12-06T00:00:00.000+05:30,241,PENDING
68785,2014-01-16T00:00:00.000+05:30,10778,PENDING
68797,2014-02-12T00:00:00.000+05:30,5932,PENDING
68814,2014-03-23T00:00:00.000+05:30,11408,PENDING
68838,2014-05-08T00:00:00.000+05:30,371,PENDING
68842,2014-05-15T00:00:00.000+05:30,11268,PENDING
68860,2014-06-12T00:00:00.000+05:30,4229,PENDING
68868,2014-06-24T00:00:00.000+05:30,10184,PENDING
68871,2014-06-28T00:00:00.000+05:30,4960,PENDING
68873,2014-06-30T00:00:00.000+05:30,4545,PENDING
