64110,2014-03-24T00:00:00.000+05:30,207,PENDING_PAYMENT
64116,2014-03-24T00:00:00.000+05:30,9772,PENDING_PAYMENT
64118,2014-03-24T00:00:00.000+05:30,9397,PENDING_PAYMENT
64123,2014-03-24T00:00:00.000+05:30,6883,PENDING_PAYMENT
64128,2014-03-25T00:00:00.000+05:30,9166,PENDING_PAYMENT
64134,2014-03-25T00:00:00.000+05:30,7557,PENDING_PAYMENT
64139,2014-03-25T00:00:00.000+05:30,11386,PENDING_PAYMENT
64141,2014-03-26T00:00:00.000+05:30,9846,PENDING_PAYMENT
64142,2014-03-26T00:00:00.000+05:30,2352,PENDING_PAYMENT
64143,2014-03-26T00:00:00.000+05:30,4278,PENDING_PAYMENT
64144,2014-03-26T00:00:00.000+05:30,3225,PENDING_PAYMENT
64146,2014-03-26T00:00:00.000+05:30,679,PENDING_PAYMENT
64148,2014-03-26T00:00:00.000+05:30,7144,PENDING_PAYMENT
64162,2014-03-26T00:00:00.000+05:30,6524,PENDING_PAYMENT
64165,2014-03-26T00:00:00.000+05:30,6779,PENDING_PAYMENT
64166,2014-03-27T00:00:00.000+05:30,11941,PENDING_PAYMENT
64173,2014-03-27T00:00:00.000+05:30,12387,PENDING_PAYMENT
64174,2014-03-27T00:00:00.000+05:30,4256,PENDING_PAYMENT
64177,2014-03-27T00:00:00.000+05:30,1541,PENDING_PAYMENT
64188,2014-03-28T00:00:00.000+05:30,2237,PENDING_PAYMENT
64190,2014-03-28T00:00:00.000+05:30,3789,PENDING_PAYMENT
64197,2014-03-28T00:00:00.000+05:30,6449,PENDING_PAYMENT
64207,2014-03-28T00:00:00.000+05:30,8160,PENDING_PAYMENT
64209,2014-03-28T00:00:00.000+05:30,11000,PENDING_PAYMENT
64220,2014-03-28T00:00:00.000+05:30,11885,PENDING_PAYMENT
64221,2014-03-28T00:00:00.000+05:30,259,PENDING_PAYMENT
64223,2014-03-29T00:00:00.000+05:30,6219,PENDING_PAYMENT
64224,2014-03-29T00:00:00.000+05:30,999,PENDING_PAYMENT
64233,2014-03-30T00:00:00.000+05:30,5811,PENDING_PAYMENT
64243,2014-03-30T00:00:00.000+05:30,11316,PENDING_PAYMENT
64244,2014-03-30T00:00:00.000+05:30,12312,PENDING_PAYMENT
64246,2014-03-31T00:00:00.000+05:30,1549,PENDING_PAYMENT
64248,2014-03-31T00:00:00.000+05:30,6522,PENDING_PAYMENT
64251,2014-03-31T00:00:00.000+05:30,524,PENDING_PAYMENT
64255,2014-03-31T00:00:00.000+05:30,2717,PENDING_PAYMENT
64262,2014-04-01T00:00:00.000+05:30,3909,PENDING_PAYMENT
64264,2014-04-01T00:00:00.000+05:30,311,PENDING_PAYMENT
64272,2014-04-01T00:00:00.000+05:30,6444,PENDING_PAYMENT
64275,2014-04-01T00:00:00.000+05:30,11124,PENDING_PAYMENT
64277,2014-04-01T00:00:00.000+05:30,998,PENDING_PAYMENT
64279,2014-04-01T00:00:00.000+05:30,1965,PENDING_PAYMENT
64283,2014-04-01T00:00:00.000+05:30,2803,PENDING_PAYMENT
64287,2014-04-01T00:00:00.000+05:30,692,PENDING_PAYMENT
64290,2014-04-02T00:00:00.000+05:30,8574,PENDING_PAYMENT
64291,2014-04-02T00:00:00.000+05:30,6043,PENDING_PAYMENT
64294,2014-04-02T00:00:00.000+05:30,2713,PENDING_PAYMENT
64295,2014-04-02T00:00:00.000+05:30,2352,PENDING_PAYMENT
64313,2014-04-02T00:00:00.000+05:30,7858,PENDING_PAYMENT
64314,2014-04-02T00:00:00.000+05:30,9273,PENDING_PAYMENT
64318,2014-04-03T00:00:00.000+05:30,211,PENDING_PAYMENT
64319,2014-04-03T00:00:00.000+05:30,10798,PENDING_PAYMENT
64321,2014-04-03T00:00:00.000+05:30,2013,PENDING_PAYMENT
64332,2014-04-03T00:00:00.000+05:30,10882,PENDING_PAYMENT
64342,2014-04-04T00:00:00.000+05:30,12334,PENDING_PAYMENT
64346,2014-04-04T00:00:00.000+05:30,8105,PENDING_PAYMENT
64347,2014-04-04T00:00:00.000+05:30,1270,PENDING_PAYMENT
64350,2014-04-04T00:00:00.000+05:30,8365,PENDING_PAYMENT
64355,2014-04-04T00:00:00.000+05:30,7381,PENDING_PAYMENT
64360,2014-04-05T00:00:00.000+05:30,5181,PENDING_PAYMENT
64361,2014-04-05T00:00:00.000+05:30,11239,PENDING_PAYMENT
64364,2014-04-05T00:00:00.000+05:30,2921,PENDING_PAYMENT
64365,2014-04-05T00:00:00.000+05:30,11333,PENDING_PAYMENT
64370,2014-04-05T00:00:00.000+05:30,3035,PENDING_PAYMENT
64374,2014-04-05T00:00:00.000+05:30,9145,PENDING_PAYMENT
64375,2014-04-05T00:00:00.000+05:30,4906,PENDING_PAYMENT
64376,2014-04-05T00:00:00.000+05:30,308,PENDING_PAYMENT
64379,2014-04-05T00:00:00.000+05:30,10623,PENDING_PAYMENT
64386,2014-04-05T00:00:00.000+05:30,5031,PENDING_PAYMENT
64387,2014-04-05T00:00:00.000+05:30,5624,PENDING_PAYMENT
64391,2014-04-05T00:00:00.000+05:30,224,PENDING_PAYMENT
64394,2014-04-06T00:00:00.000+05:30,12118,PENDING_PAYMENT
64399,2014-04-06T00:00:00.000+05:30,2352,PENDING_PAYMENT
64409,2014-04-06T00:00:00.000+05:30,6488,PENDING_PAYMENT
64414,2014-04-06T00:00:00.000+05:30,898,PENDING_PAYMENT
64417,2014-04-06T00:00:00.000+05:30,4588,PENDING_PAYMENT
64420,2014-04-06T00:00:00.000+05:30,726,PENDING_PAYMENT
64433,2014-04-07T00:00:00.000+05:30,7726,PENDING_PAYMENT
64436,2014-04-07T00:00:00.000+05:30,5279,PENDING_PAYMENT
64449,2014-04-07T00:00:00.000+05:30,7143,PENDING_PAYMENT
64452,2014-04-07T00:00:00.000+05:30,7879,PENDING_PAYMENT
64457,2014-04-07T00:00:00.000+05:30,4279,PENDING_PAYMENT
64459,2014-04-07T00:00:00.000+05:30,9152,PENDING_PAYMENT
64461,2014-04-07T00:00:00.000+05:30,2752,PENDING_PAYMENT
64462,2014-04-07T00:00:00.000+05:30,9913,PENDING_PAYMENT
64463,2014-04-07T00:00:00.000+05:30,769,PENDING_PAYMENT
64472,2014-04-08T00:00:00.000+05:30,11846,PENDING_PAYMENT
64481,2014-04-08T00:00:00.000+05:30,6140,PENDING_PAYMENT
64487,2014-04-08T00:00:00.000+05:30,2453,PENDING_PAYMENT
64496,2014-04-09T00:00:00.000+05:30,1052,PENDING_PAYMENT
64501,2014-04-09T00:00:00.000+05:30,9287,PENDING_PAYMENT
64502,2014-04-09T00:00:00.000+05:30,8479,PENDING_PAYMENT
64504,2014-04-09T00:00:00.000+05:30,11346,PENDING_PAYMENT
64507,2014-04-09T00:00:00.000+05:30,970,PENDING_PAYMENT
64510,2014-04-09T00:00:00.000+05:30,8529,PENDING_PAYMENT
64522,2014-04-09T00:00:00.000+05:30,7939,PENDING_PAYMENT
64524,2014-04-09T00:00:00.000+05:30,4881,PENDING_PAYMENT
64526,2014-04-09T00:00:00.000+05:30,4479,PENDING_PAYMENT
64532,2014-04-10T00:00:00.000+05:30,11659,PENDING_PAYMENT
64534,2014-04-10T00:00:00.000+05:30,3994,PENDING_PAYMENT
64541,2014-04-10T00:00:00.000+05:30,544,PENDING_PAYMENT
64545,2014-04-10T00:00:00.000+05:30,7712,PENDING_PAYMENT
64554,2014-04-10T00:00:00.000+05:30,701,PENDING_PAYMENT
64561,2014-04-11T00:00:00.000+05:30,11188,PENDING_PAYMENT
64568,2014-04-11T00:00:00.000+05:30,12237,PENDING_PAYMENT
64572,2014-04-11T00:00:00.000+05:30,1921,PENDING_PAYMENT
64592,2014-04-12T00:00:00.000+05:30,7591,PENDING_PAYMENT
64595,2014-04-12T00:00:00.000+05:30,11118,PENDING_PAYMENT
64596,2014-04-12T00:00:00.000+05:30,2846,PENDING_PAYMENT
64598,2014-04-12T00:00:00.000+05:30,5455,PENDING_PAYMENT
64600,2014-04-12T00:00:00.000+05:30,10885,PENDING_PAYMENT
64602,2014-04-12T00:00:00.000+05:30,10016,PENDING_PAYMENT
64608,2014-04-12T00:00:00.000+05:30,9061,PENDING_PAYMENT
64614,2014-04-13T00:00:00.000+05:30,1171,PENDING_PAYMENT
64616,2014-04-13T00:00:00.000+05:30,2306,PENDING_PAYMENT
64617,2014-04-13T00:00:00.000+05:30,1433,PENDING_PAYMENT
64618,2014-04-13T00:00:00.000+05:30,8175,PENDING_PAYMENT
64622,2014-04-13T00:00:00.000+05:30,1567,PENDING_PAYMENT
64628,2014-04-13T00:00:00.000+05:30,854,PENDING_PAYMENT
64635,2014-04-13T00:00:00.000+05:30,394,PENDING_PAYMENT
64638,2014-04-13T00:00:00.000+05:30,1677,PENDING_PAYMENT
64640,2014-04-13T00:00:00.000+05:30,8789,PENDING_PAYMENT
64643,2014-04-13T00:00:00.000+05:30,1143,PENDING_PAYMENT
64644,2014-04-13T00:00:00.000+05:30,10707,PENDING_PAYMENT
64666,2014-04-15T00:00:00.000+05:30,7612,PENDING_PAYMENT
64668,2014-04-15T00:00:00.000+05:30,10822,PENDING_PAYMENT
64676,2014-04-15T00:00:00.000+05:30,9388,PENDING_PAYMENT
64684,2014-04-15T00:00:00.000+05:30,10301,PENDING_PAYMENT
64689,2014-04-15T00:00:00.000+05:30,497,PENDING_PAYMENT
64694,2014-04-15T00:00:00.000+05:30,6942,PENDING_PAYMENT
64701,2014-04-15T00:00:00.000+05:30,10568,PENDING_PAYMENT
64703,2014-04-15T00:00:00.000+05:30,9217,PENDING_PAYMENT
64708,2014-04-16T00:00:00.000+05:30,9697,PENDING_PAYMENT
64716,2014-04-16T00:00:00.000+05:30,11945,PENDING_PAYMENT
64719,2014-04-16T00:00:00.000+05:30,10662,PENDING_PAYMENT
64728,2014-04-16T00:00:00.000+05:30,2655,PENDING_PAYMENT
64731,2014-04-17T00:00:00.000+05:30,9308,PENDING_PAYMENT
64738,2014-04-17T00:00:00.000+05:30,9313,PENDING_PAYMENT
64739,2014-04-17T00:00:00.000+05:30,9955,PENDING_PAYMENT
64744,2014-04-17T00:00:00.000+05:30,2703,PENDING_PAYMENT
64749,2014-04-17T00:00:00.000+05:30,8573,PENDING_PAYMENT
64750,2014-04-17T00:00:00.000+05:30,5176,PENDING_PAYMENT
64753,2014-04-17T00:00:00.000+05:30,9,PENDING_PAYMENT
64756,2014-04-17T00:00:00.000+05:30,4687,PENDING_PAYMENT
64762,2014-04-18T00:00:00.000+05:30,3161,PENDING_PAYMENT
64768,2014-04-19T00:00:00.000+05:30,1298,PENDING_PAYMENT
64774,2014-04-19T00:00:00.000+05:30,2139,PENDING_PAYMENT
64780,2014-04-19T00:00:00.000+05:30,6800,PENDING_PAYMENT
64782,2014-04-19T00:00:00.000+05:30,8666,PENDING_PAYMENT
64784,2014-04-19T00:00:00.000+05:30,10193,PENDING_PAYMENT
64792,2014-04-19T00:00:00.000+05:30,5914,PENDING_PAYMENT
64793,2014-04-19T00:00:00.000+05:30,5831,PENDING_PAYMENT
64809,2014-04-20T00:00:00.000+05:30,4791,PENDING_PAYMENT
64810,2014-04-20T00:00:00.000+05:30,3710,PENDING_PAYMENT
64813,2014-04-20T00:00:00.000+05:30,10018,PENDING_PAYMENT
64814,2014-04-20T00:00:00.000+05:30,10564,PENDING_PAYMENT
64819,2014-04-20T00:00:00.000+05:30,6720,PENDING_PAYMENT
64820,2014-04-20T00:00:00.000+05:30,3025,PENDING_PAYMENT
64822,2014-04-20T00:00:00.000+05:30,6750,PENDING_PAYMENT
64830,2014-04-20T00:00:00.000+05:30,6783,PENDING_PAYMENT
64832,2014-04-21T00:00:00.000+05:30,12307,PENDING_PAYMENT
64843,2014-04-21T00:00:00.000+05:30,3518,PENDING_PAYMENT
64845,2014-04-21T00:00:00.000+05:30,8711,PENDING_PAYMENT
64847,2014-04-21T00:00:00.000+05:30,2010,PENDING_PAYMENT
64848,2014-04-21T00:00:00.000+05:30,5164,PENDING_PAYMENT
64851,2014-04-21T00:00:00.000+05:30,11650,PENDING_PAYMENT
64853,2014-04-21T00:00:00.000+05:30,5494,PENDING_PAYMENT
64860,2014-04-22T00:00:00.000+05:30,5839,PENDING_PAYMENT
64861,2014-04-22T00:00:00.000+05:30,756,PENDING_PAYMENT
64863,2014-04-22T00:00:00.000+05:30,6806,PENDING_PAYMENT
64870,2014-04-22T00:00:00.000+05:30,4760,PENDING_PAYMENT
64873,2014-04-22T00:00:00.000+05:30,4619,PENDING_PAYMENT
64876,2014-04-22T00:00:00.000+05:30,5982,PENDING_PAYMENT
64877,2014-04-22T00:00:00.000+05:30,2579,PENDING_PAYMENT
64878,2014-04-22T00:00:00.000+05:30,5188,PENDING_PAYMENT
64883,2014-04-23T00:00:00.000+05:30,7570,PENDING_PAYMENT
64886,2014-04-23T00:00:00.000+05:30,2755,PENDING_PAYMENT
64900,2014-04-23T00:00:00.000+05:30,2904,PENDING_PAYMENT
64905,2014-04-23T00:00:00.000+05:30,4495,PENDING_PAYMENT
64910,2014-04-23T00:00:00.000+05:30,1154,PENDING_PAYMENT
64913,2014-04-23T00:00:00.000+05:30,1965,PENDING_PAYMENT
64918,2014-04-24T00:00:00.000+05:30,4494,PENDING_PAYMENT
64919,2014-04-24T00:00:00.000+05:30,3235,PENDING_PAYMENT
64930,2014-04-24T00:00:00.000+05:30,10969,PENDING_PAYMENT
64932,2014-04-24T00:00:00.000+05:30,5914,PENDING_PAYMENT
64933,2014-04-24T00:00:00.000+05:30,1584,PENDING_PAYMENT
64934,2014-04-24T00:00:00.000+05:30,9676,PENDING_PAYMENT
64936,2014-04-24T00:00:00.000+05:30,7012,PENDING_PAYMENT
64937,2014-04-24T00:00:00.000+05:30,11152,PENDING_PAYMENT
64939,2014-04-24T00:00:00.000+05:30,8412,PENDING_PAYMENT
64943,2014-04-24T00:00:00.000+05:30,3496,PENDING_PAYMENT
64945,2014-04-25T00:00:00.000+05:30,5563,PENDING_PAYMENT
64948,2014-04-25T00:00:00.000+05:30,2088,PENDING_PAYMENT
64950,2014-04-25T00:00:00.000+05:30,2652,PENDING_PAYMENT
64960,2014-04-25T00:00:00.000+05:30,4064,PENDING_PAYMENT
64969,2014-04-25T00:00:00.000+05:30,10069,PENDING_PAYMENT
64977,2014-04-25T00:00:00.000+05:30,11719,PENDING_PAYMENT
64986,2014-04-26T00:00:00.000+05:30,6498,PENDING_PAYMENT
64987,2014-04-26T00:00:00.000+05:30,6771,PENDING_PAYMENT
64990,2014-04-26T00:00:00.000+05:30,4169,PENDING_PAYMENT
64994,2014-04-26T00:00:00.000+05:30,6346,PENDING_PAYMENT
64997,2014-04-26T00:00:00.000+05:30,9760,PENDING_PAYMENT
65000,2014-04-26T00:00:00.000+05:30,1081,PENDING_PAYMENT
65018,2014-04-27T00:00:00.000+05:30,8,PENDING_PAYMENT
65020,2014-04-27T00:00:00.000+05:30,3238,PENDING_PAYMENT
65030,2014-04-27T00:00:00.000+05:30,3570,PENDING_PAYMENT
65032,2014-04-27T00:00:00.000+05:30,7500,PENDING_PAYMENT
65033,2014-04-27T00:00:00.000+05:30,9502,PENDING_PAYMENT
65040,2014-04-27T00:00:00.000+05:30,8788,PENDING_PAYMENT
65044,2014-04-28T00:00:00.000+05:30,7167,PENDING_PAYMENT
65046,2014-04-28T00:00:00.000+05:30,1120,PENDING_PAYMENT
65059,2014-04-29T00:00:00.000+05:30,8321,PENDING_PAYMENT
65064,2014-04-29T00:00:00.000+05:30,9216,PENDING_PAYMENT
65070,2014-04-29T00:00:00.000+05:30,9670,PENDING_PAYMENT
65075,2014-04-29T00:00:00.000+05:30,1522,PENDING_PAYMENT
65077,2014-04-30T00:00:00.000+05:30,8983,PENDING_PAYMENT
65081,2014-04-30T00:00:00.000+05:30,10884,PENDING_PAYMENT
65082,2014-04-30T00:00:00.000+05:30,2257,PENDING_PAYMENT
65083,2014-04-30T00:00:00.000+05:30,2127,PENDING_PAYMENT
65085,2014-04-30T00:00:00.000+05:30,7727,PENDING_PAYMENT
65086,2014-04-30T00:00:00.000+05:30,10757,PENDING_PAYMENT
65088,2014-04-30T00:00:00.000+05:30,4495,PENDING_PAYMENT
65090,2014-04-30T00:00:00.000+05:30,10902,PENDING_PAYMENT
65092,2014-05-01T00:00:00.000+05:30,4093,PENDING_PAYMENT
65097,2014-05-01T00:00:00.000+05:30,10261,PENDING_PAYMENT
65104,2014-05-01T00:00:00.000+05:30,10891,PENDING_PAYMENT
65107,2014-05-01T00:00:00.000+05:30,7337,PENDING_PAYMENT
65111,2014-05-01T00:00:00.000+05:30,2070,PENDING_PAYMENT
65112,2014-05-01T00:00:00.000+05:30,11421,PENDING_PAYMENT
65116,2014-05-01T00:00:00.000+05:30,6057,PENDING_PAYMENT
65122,2014-05-01T00:00:00.000+05:30,5653,PENDING_PAYMENT
65129,2014-05-02T00:00:00.000+05:30,1006,PENDING_PAYMENT
65130,2014-05-02T00:00:00.000+05:30,6303,PENDING_PAYMENT
65131,2014-05-02T00:00:00.000+05:30,5707,PENDING_PAYMENT
65142,2014-05-02T00:00:00.000+05:30,1210,PENDING_PAYMENT
65143,2014-05-02T00:00:00.000+05:30,9777,PENDING_PAYMENT
65149,2014-05-02T00:00:00.000+05:30,6554,PENDING_PAYMENT
65150,2014-05-02T00:00:00.000+05:30,7990,PENDING_PAYMENT
65157,2014-05-03T00:00:00.000+05:30,958,PENDING_PAYMENT
65166,2014-05-03T00:00:00.000+05:30,11510,PENDING_PAYMENT
65189,2014-05-04T00:00:00.000+05:30,1726,PENDING_PAYMENT
65194,2014-05-04T00:00:00.000+05:30,11329,PENDING_PAYMENT
65198,2014-05-04T00:00:00.000+05:30,9434,PENDING_PAYMENT
65201,2014-05-04T00:00:00.000+05:30,5472,PENDING_PAYMENT
65202,2014-05-04T00:00:00.000+05:30,10718,PENDING_PAYMENT
65203,2014-05-04T00:00:00.000+05:30,336,PENDING_PAYMENT
65206,2014-05-04T00:00:00.000+05:30,10782,PENDING_PAYMENT
65212,2014-05-04T00:00:00.000+05:30,9168,PENDING_PAYMENT
65219,2014-05-05T00:00:00.000+05:30,11382,PENDING_PAYMENT
65221,2014-05-05T00:00:00.000+05:30,11089,PENDING_PAYMENT
65227,2014-05-05T00:00:00.000+05:30,7274,PENDING_PAYMENT
65231,2014-05-05T00:00:00.000+05:30,9257,PENDING_PAYMENT
65232,2014-05-05T00:00:00.000+05:30,1354,PENDING_PAYMENT
65239,2014-05-05T00:00:00.000+05:30,520,PENDING_PAYMENT
65247,2014-05-06T00:00:00.000+05:30,3203,PENDING_PAYMENT
65248,2014-05-06T00:00:00.000+05:30,9267,PENDING_PAYMENT
65255,2014-05-06T00:00:00.000+05:30,266,PENDING_PAYMENT
65257,2014-05-06T00:00:00.000+05:30,10957,PENDING_PAYMENT
65260,2014-05-06T00:00:00.000+05:30,3454,PENDING_PAYMENT
65263,2014-05-06T00:00:00.000+05:30,1621,PENDING_PAYMENT
65264,2014-05-06T00:00:00.000+05:30,9047,PENDING_PAYMENT
65267,2014-05-07T00:00:00.000+05:30,1930,PENDING_PAYMENT
65275,2014-05-07T00:00:00.000+05:30,10001,PENDING_PAYMENT
65278,2014-05-07T00:00:00.000+05:30,1243,PENDING_PAYMENT
65279,2014-05-07T00:00:00.000+05:30,5359,PENDING_PAYMENT
65284,2014-05-07T00:00:00.000+05:30,8066,PENDING_PAYMENT
65286,2014-05-07T00:00:00.000+05:30,1908,PENDING_PAYMENT
65288,2014-05-08T00:00:00.000+05:30,548,PENDING_PAYMENT
65294,2014-05-08T00:00:00.000+05:30,2948,PENDING_PAYMENT
65296,2014-05-08T00:00:00.000+05:30,10795,PENDING_PAYMENT
65306,2014-05-08T00:00:00.000+05:30,2891,PENDING_PAYMENT
65313,2014-05-09T00:00:00.000+05:30,3818,PENDING_PAYMENT
65317,2014-05-09T00:00:00.000+05:30,2643,PENDING_PAYMENT
65322,2014-05-09T00:00:00.000+05:30,3343,PENDING_PAYMENT
65330,2014-05-09T00:00:00.000+05:30,9153,PENDING_PAYMENT
65335,2014-05-09T00:00:00.000+05:30,10206,PENDING_PAYMENT
65337,2014-05-09T00:00:00.000+05:30,3453,PENDING_PAYMENT
65339,2014-05-09T00:00:00.000+05:30,5873,PENDING_PAYMENT
65342,2014-05-09T00:00:00.000+05:30,7857,PENDING_PAYMENT
65345,2014-05-09T00:00:00.000+05:30,8671,PENDING_PAYMENT
65347,2014-05-09T00:00:00.000+05:30,10368,PENDING_PAYMENT
65351,2014-05-09T00:00:00.000+05:30,7698,PENDING_PAYMENT
65352,2014-05-09T00:00:00.000+05:30,8933,PENDING_PAYMENT
65355,2014-05-10T00:00:00.000+05:30,4537,PENDING_PAYMENT
65360,2014-05-10T00:00:00.000+05:30,2625,PENDING_PAYMENT
65364,2014-05-10T00:00:00.000+05:30,1424,PENDING_PAYMENT
65369,2014-05-10T00:00:00.000+05:30,11358,PENDING_PAYMENT
65382,2014-05-10T00:00:00.000+05:30,9892,PENDING_PAYMENT
65383,2014-05-10T00:00:00.000+05:30,7599,PENDING_PAYMENT
65392,2014-05-11T00:00:00.000+05:30,5991,PENDING_PAYMENT
65394,2014-05-11T00:00:00.000+05:30,258,PENDING_PAYMENT
65404,2014-05-11T00:00:00.000+05:30,4403,PENDING_PAYMENT
65406,2014-05-11T00:00:00.000+05:30,11577,PENDING_PAYMENT
65413,2014-05-11T00:00:00.000+05:30,6409,PENDING_PAYMENT
65414,2014-05-11T00:00:00.000+05:30,3992,PENDING_PAYMENT
65416,2014-05-11T00:00:00.000+05:30,373,PENDING_PAYMENT
65417,2014-05-11T00:00:00.000+05:30,4255,PENDING_PAYMENT
65423,2014-05-11T00:00:00.000+05:30,5777,PENDING_PAYMENT
65429,2014-05-12T00:00:00.000+05:30,3283,PENDING_PAYMENT
65431,2014-05-12T00:00:00.000+05:30,4320,PENDING_PAYMENT
65433,2014-05-12T00:00:00.000+05:30,8788,PENDING_PAYMENT
65446,2014-05-12T00:00:00.000+05:30,424,PENDING_PAYMENT
65448,2014-05-12T00:00:00.000+05:30,7360,PENDING_PAYMENT
65457,2014-05-12T00:00:00.000+05:30,8407,PENDING_PAYMENT
65459,2014-05-13T00:00:00.000+05:30,9233,PENDING_PAYMENT
65461,2014-05-13T00:00:00.000+05:30,5913,PENDING_PAYMENT
65463,2014-05-13T00:00:00.000+05:30,11381,PENDING_PAYMENT
65475,2014-05-13T00:00:00.000+05:30,8775,PENDING_PAYMENT
65482,2014-05-13T00:00:00.000+05:30,7595,PENDING_PAYMENT
65489,2014-05-14T00:00:00.000+05:30,12024,PENDING_PAYMENT
65492,2014-05-14T00:00:00.000+05:30,7089,PENDING_PAYMENT
65505,2014-05-15T00:00:00.000+05:30,5112,PENDING_PAYMENT
65507,2014-05-15T00:00:00.000+05:30,5440,PENDING_PAYMENT
65521,2014-05-16T00:00:00.000+05:30,8770,PENDING_PAYMENT
65523,2014-05-16T00:00:00.000+05:30,10533,PENDING_PAYMENT
65531,2014-05-16T00:00:00.000+05:30,4311,PENDING_PAYMENT
65540,2014-05-16T00:00:00.000+05:30,11984,PENDING_PAYMENT
65543,2014-05-16T00:00:00.000+05:30,594,PENDING_PAYMENT
65544,2014-05-16T00:00:00.000+05:30,5654,PENDING_PAYMENT
65547,2014-05-17T00:00:00.000+05:30,5212,PENDING_PAYMENT
65550,2014-05-17T00:00:00.000+05:30,8424,PENDING_PAYMENT
65565,2014-05-17T00:00:00.000+05:30,6516,PENDING_PAYMENT
65566,2014-05-17T00:00:00.000+05:30,4372,PENDING_PAYMENT
65568,2014-05-17T00:00:00.000+05:30,1325,PENDING_PAYMENT
65569,2014-05-17T00:00:00.000+05:30,8197,PENDING_PAYMENT
65570,2014-05-17T00:00:00.000+05:30,10631,PENDING_PAYMENT
65573,2014-05-17T00:00:00.000+05:30,1038,PENDING_PAYMENT
65579,2014-05-18T00:00:00.000+05:30,3392,PENDING_PAYMENT
65584,2014-05-18T00:00:00.000+05:30,9174,PENDING_PAYMENT
65585,2014-05-18T00:00:00.000+05:30,7613,PENDING_PAYMENT
65594,2014-05-19T00:00:00.000+05:30,1452,PENDING_PAYMENT
65608,2014-05-19T00:00:00.000+05:30,1165,PENDING_PAYMENT
65617,2014-05-20T00:00:00.000+05:30,12384,PENDING_PAYMENT
65619,2014-05-20T00:00:00.000+05:30,6618,PENDING_PAYMENT
65626,2014-05-20T00:00:00.000+05:30,6726,PENDING_PAYMENT
65633,2014-05-20T00:00:00.000+05:30,10816,PENDING_PAYMENT
65642,2014-05-20T00:00:00.000+05:30,9779,PENDING_PAYMENT
65648,2014-05-21T00:00:00.000+05:30,8896,PENDING_PAYMENT
65650,2014-05-21T00:00:00.000+05:30,3971,PENDING_PAYMENT
65653,2014-05-21T00:00:00.000+05:30,3293,PENDING_PAYMENT
65658,2014-05-21T00:00:00.000+05:30,9068,PENDING_PAYMENT
65660,2014-05-21T00:00:00.000+05:30,8958,PENDING_PAYMENT
65661,2014-05-21T00:00:00.000+05:30,9349,PENDING_PAYMENT
65664,2014-05-21T00:00:00.000+05:30,5477,PENDING_PAYMENT
65678,2014-05-22T00:00:00.000+05:30,8937,PENDING_PAYMENT
65684,2014-05-22T00:00:00.000+05:30,7846,PENDING_PAYMENT
65685,2014-05-22T00:00:00.000+05:30,2790,PENDING_PAYMENT
65687,2014-05-22T00:00:00.000+05:30,1912,PENDING_PAYMENT
65694,2014-05-22T00:00:00.000+05:30,11255,PENDING_PAYMENT
65696,2014-05-22T00:00:00.000+05:30,4037,PENDING_PAYMENT
65699,2014-05-22T00:00:00.000+05:30,2325,PENDING_PAYMENT
65704,2014-05-23T00:00:00.000+05:30,3605,PENDING_PAYMENT
65710,2014-05-23T00:00:00.000+05:30,9653,PENDING_PAYMENT
65711,2014-05-23T00:00:00.000+05:30,6469,PENDING_PAYMENT
65714,2014-05-23T00:00:00.000+05:30,6089,PENDING_PAYMENT
65727,2014-05-24T00:00:00.000+05:30,6537,PENDING_PAYMENT
65734,2014-05-24T00:00:00.000+05:30,1642,PENDING_PAYMENT
65740,2014-05-24T00:00:00.000+05:30,2385,PENDING_PAYMENT
65742,2014-05-24T00:00:00.000+05:30,9878,PENDING_PAYMENT
65745,2014-05-24T00:00:00.000+05:30,3033,PENDING_PAYMENT
65753,2014-05-24T00:00:00.000+05:30,5570,PENDING_PAYMENT
65760,2014-05-25T00:00:00.000+05:30,7954,PENDING_PAYMENT
65761,2014-05-25T00:00:00.000+05:30,8440,PENDING_PAYMENT
65762,2014-05-25T00:00:00.000+05:30,6298,PENDING_PAYMENT
65763,2014-05-25T00:00:00.000+05:30,11515,PENDING_PAYMENT
65765,2014-05-25T00:00:00.000+05:30,4706,PENDING_PAYMENT
65766,2014-05-25T00:00:00.000+05:30,7504,PENDING_PAYMENT
65771,2014-05-26T00:00:00.000+05:30,8968,PENDING_PAYMENT
65778,2014-05-26T00:00:00.000+05:30,55,PENDING_PAYMENT
65787,2014-05-27T00:00:00.000+05:30,9368,PENDING_PAYMENT
65789,2014-05-27T00:00:00.000+05:30,4452,PENDING_PAYMENT
65790,2014-05-27T00:00:00.000+05:30,4147,PENDING_PAYMENT
65794,2014-05-27T00:00:00.000+05:30,8816,PENDING_PAYMENT
65798,2014-05-28T00:00:00.000+05:30,4249,PENDING_PAYMENT
65799,2014-05-28T00:00:00.000+05:30,2109,PENDING_PAYMENT
65801,2014-05-28T00:00:00.000+05:30,8323,PENDING_PAYMENT
65807,2014-05-28T00:00:00.000+05:30,2835,PENDING_PAYMENT
65813,2014-05-28T00:00:00.000+05:30,10286,PENDING_PAYMENT
65818,2014-05-28T00:00:00.000+05:30,2542,PENDING_PAYMENT
65820,2014-05-28T00:00:00.000+05:30,4780,PENDING_PAYMENT
65822,2014-05-28T00:00:00.000+05:30,1067,PENDING_PAYMENT
65830,2014-05-29T00:00:00.000+05:30,7932,PENDING_PAYMENT
65834,2014-05-29T00:00:00.000+05:30,4028,PENDING_PAYMENT
65841,2014-05-29T00:00:00.000+05:30,6533,PENDING_PAYMENT
65847,2014-05-30T00:00:00.000+05:30,10502,PENDING_PAYMENT
65851,2014-05-30T00:00:00.000+05:30,2313,PENDING_PAYMENT
65857,2014-05-31T00:00:00.000+05:30,10107,PENDING_PAYMENT
65866,2014-05-31T00:00:00.000+05:30,6426,PENDING_PAYMENT
65870,2014-06-01T00:00:00.000+05:30,8788,PENDING_PAYMENT
65884,2014-06-01T00:00:00.000+05:30,204,PENDING_PAYMENT
65886,2014-06-01T00:00:00.000+05:30,8484,PENDING_PAYMENT
65894,2014-06-01T00:00:00.000+05:30,1788,PENDING_PAYMENT
65904,2014-06-02T00:00:00.000+05:30,10019,PENDING_PAYMENT
65906,2014-06-02T00:00:00.000+05:30,7065,PENDING_PAYMENT
65919,2014-06-02T00:00:00.000+05:30,5115,PENDING_PAYMENT
65921,2014-06-02T00:00:00.000+05:30,10229,PENDING_PAYMENT
65922,2014-06-02T00:00:00.000+05:30,12151,PENDING_PAYMENT
65924,2014-06-02T00:00:00.000+05:30,3800,PENDING_PAYMENT
65928,2014-06-02T00:00:00.000+05:30,7662,PENDING_PAYMENT
65931,2014-06-02T00:00:00.000+05:30,2896,PENDING_PAYMENT
65933,2014-06-02T00:00:00.000+05:30,9128,PENDING_PAYMENT
65934,2014-06-02T00:00:00.000+05:30,1782,PENDING_PAYMENT
65938,2014-06-02T00:00:00.000+05:30,3283,PENDING_PAYMENT
65943,2014-06-03T00:00:00.000+05:30,7992,PENDING_PAYMENT
65944,2014-06-03T00:00:00.000+05:30,3081,PENDING_PAYMENT
65947,2014-06-03T00:00:00.000+05:30,9603,PENDING_PAYMENT
65950,2014-06-03T00:00:00.000+05:30,6461,PENDING_PAYMENT
65953,2014-06-03T00:00:00.000+05:30,12276,PENDING_PAYMENT
65954,2014-06-03T00:00:00.000+05:30,8179,PENDING_PAYMENT
65959,2014-06-03T00:00:00.000+05:30,2043,PENDING_PAYMENT
65960,2014-06-03T00:00:00.000+05:30,2987,PENDING_PAYMENT
65962,2014-06-03T00:00:00.000+05:30,917,PENDING_PAYMENT
65972,2014-06-03T00:00:00.000+05:30,11616,PENDING_PAYMENT
65978,2014-06-03T00:00:00.000+05:30,2213,PENDING_PAYMENT
65982,2014-06-04T00:00:00.000+05:30,6186,PENDING_PAYMENT
65990,2014-06-04T00:00:00.000+05:30,10882,PENDING_PAYMENT
65994,2014-06-04T00:00:00.000+05:30,6275,PENDING_PAYMENT
65997,2014-06-04T00:00:00.000+05:30,3893,PENDING_PAYMENT
66000,2014-06-04T00:00:00.000+05:30,4320,PENDING_PAYMENT
66002,2014-06-04T00:00:00.000+05:30,4788,PENDING_PAYMENT
66005,2014-06-04T00:00:00.000+05:30,441,PENDING_PAYMENT
66014,2014-06-04T00:00:00.000+05:30,5342,PENDING_PAYMENT
66016,2014-06-04T00:00:00.000+05:30,4163,PENDING_PAYMENT
66017,2014-06-04T00:00:00.000+05:30,6473,PENDING_PAYMENT
66019,2014-06-04T00:00:00.000+05:30,1286,PENDING_PAYMENT
66027,2014-06-05T00:00:00.000+05:30,4025,PENDING_PAYMENT
66028,2014-06-05T00:00:00.000+05:30,698,PENDING_PAYMENT
66030,2014-06-05T00:00:00.000+05:30,9448,PENDING_PAYMENT
66031,2014-06-05T00:00:00.000+05:30,10313,PENDING_PAYMENT
66032,2014-06-05T00:00:00.000+05:30,10299,PENDING_PAYMENT
66034,2014-06-05T00:00:00.000+05:30,7504,PENDING_PAYMENT
66042,2014-06-05T00:00:00.000+05:30,134,PENDING_PAYMENT
66044,2014-06-05T00:00:00.000+05:30,4525,PENDING_PAYMENT
66048,2014-06-05T00:00:00.000+05:30,5217,PENDING_PAYMENT
66050,2014-06-05T00:00:00.000+05:30,4626,PENDING_PAYMENT
66055,2014-06-06T00:00:00.000+05:30,4403,PENDING_PAYMENT
66060,2014-06-06T00:00:00.000+05:30,6348,PENDING_PAYMENT
66068,2014-06-06T00:00:00.000+05:30,8531,PENDING_PAYMENT
66070,2014-06-07T00:00:00.000+05:30,10805,PENDING_PAYMENT
66076,2014-06-07T00:00:00.000+05:30,2883,PENDING_PAYMENT
66090,2014-06-07T00:00:00.000+05:30,1017,PENDING_PAYMENT
66091,2014-06-07T00:00:00.000+05:30,3049,PENDING_PAYMENT
66105,2014-06-07T00:00:00.000+05:30,5829,PENDING_PAYMENT
66107,2014-06-08T00:00:00.000+05:30,5897,PENDING_PAYMENT
66108,2014-06-08T00:00:00.000+05:30,4371,PENDING_PAYMENT
66114,2014-06-08T00:00:00.000+05:30,3749,PENDING_PAYMENT
66125,2014-06-08T00:00:00.000+05:30,11495,PENDING_PAYMENT
66128,2014-06-09T00:00:00.000+05:30,9209,PENDING_PAYMENT
66133,2014-06-09T00:00:00.000+05:30,12015,PENDING_PAYMENT
66137,2014-06-09T00:00:00.000+05:30,57,PENDING_PAYMENT
66139,2014-06-09T00:00:00.000+05:30,11890,PENDING_PAYMENT
66141,2014-06-09T00:00:00.000+05:30,9939,PENDING_PAYMENT
66148,2014-06-09T00:00:00.000+05:30,10555,PENDING_PAYMENT
66150,2014-06-09T00:00:00.000+05:30,4786,PENDING_PAYMENT
66156,2014-06-09T00:00:00.000+05:30,10174,PENDING_PAYMENT
66157,2014-06-09T00:00:00.000+05:30,6015,PENDING_PAYMENT
66158,2014-06-09T00:00:00.000+05:30,1560,PENDING_PAYMENT
66159,2014-06-09T00:00:00.000+05:30,3641,PENDING_PAYMENT
66162,2014-06-10T00:00:00.000+05:30,10268,PENDING_PAYMENT
66167,2014-06-10T00:00:00.000+05:30,5828,PENDING_PAYMENT
66171,2014-06-10T00:00:00.000+05:30,8803,PENDING_PAYMENT
66175,2014-06-10T00:00:00.000+05:30,4779,PENDING_PAYMENT
66177,2014-06-10T00:00:00.000+05:30,3062,PENDING_PAYMENT
66182,2014-06-10T00:00:00.000+05:30,7266,PENDING_PAYMENT
66183,2014-06-10T00:00:00.000+05:30,9773,PENDING_PAYMENT
66184,2014-06-10T00:00:00.000+05:30,4753,PENDING_PAYMENT
66186,2014-06-10T00:00:00.000+05:30,9341,PENDING_PAYMENT
66196,2014-06-11T00:00:00.000+05:30,1074,PENDING_PAYMENT
66208,2014-06-11T00:00:00.000+05:30,9776,PENDING_PAYMENT
66210,2014-06-11T00:00:00.000+05:30,3897,PENDING_PAYMENT
66213,2014-06-11T00:00:00.000+05:30,2954,PENDING_PAYMENT
66214,2014-06-11T00:00:00.000+05:30,8733,PENDING_PAYMENT
66220,2014-06-11T00:00:00.000+05:30,6695,PENDING_PAYMENT
66223,2014-06-11T00:00:00.000+05:30,6632,PENDING_PAYMENT
66224,2014-06-11T00:00:00.000+05:30,10898,PENDING_PAYMENT
66228,2014-06-11T00:00:00.000+05:30,7710,PENDING_PAYMENT
66233,2014-06-12T00:00:00.000+05:30,11791,PENDING_PAYMENT
66234,2014-06-12T00:00:00.000+05:30,3079,PENDING_PAYMENT
66240,2014-06-12T00:00:00.000+05:30,1135,PENDING_PAYMENT
66246,2014-06-12T00:00:00.000+05:30,8944,PENDING_PAYMENT
66272,2014-06-13T00:00:00.000+05:30,12255,PENDING_PAYMENT
66273,2014-06-13T00:00:00.000+05:30,6654,PENDING_PAYMENT
66275,2014-06-13T00:00:00.000+05:30,9029,PENDING_PAYMENT
66278,2014-06-13T00:00:00.000+05:30,7966,PENDING_PAYMENT
66281,2014-06-13T00:00:00.000+05:30,8848,PENDING_PAYMENT
66283,2014-06-13T00:00:00.000+05:30,7215,PENDING_PAYMENT
66288,2014-06-13T00:00:00.000+05:30,3904,PENDING_PAYMENT
66296,2014-06-14T00:00:00.000+05:30,2920,PENDING_PAYMENT
66297,2014-06-14T00:00:00.000+05:30,9225,PENDING_PAYMENT
66299,2014-06-14T00:00:00.000+05:30,6367,PENDING_PAYMENT
66306,2014-06-14T00:00:00.000+05:30,7116,PENDING_PAYMENT
66307,2014-06-14T00:00:00.000+05:30,568,PENDING_PAYMENT
66309,2014-06-14T00:00:00.000+05:30,2365,PENDING_PAYMENT
66313,2014-06-14T00:00:00.000+05:30,8440,PENDING_PAYMENT
66319,2014-06-14T00:00:00.000+05:30,1848,PENDING_PAYMENT
66326,2014-06-14T00:00:00.000+05:30,98,PENDING_PAYMENT
66333,2014-06-14T00:00:00.000+05:30,314,PENDING_PAYMENT
66342,2014-06-15T00:00:00.000+05:30,1309,PENDING_PAYMENT
66343,2014-06-15T00:00:00.000+05:30,14,PENDING_PAYMENT
66347,2014-06-15T00:00:00.000+05:30,5910,PENDING_PAYMENT
66349,2014-06-15T00:00:00.000+05:30,7093,PENDING_PAYMENT
66352,2014-06-16T00:00:00.000+05:30,10877,PENDING_PAYMENT
66355,2014-06-16T00:00:00.000+05:30,10153,PENDING_PAYMENT
66359,2014-06-16T00:00:00.000+05:30,1754,PENDING_PAYMENT
66371,2014-06-17T00:00:00.000+05:30,7377,PENDING_PAYMENT
66373,2014-06-17T00:00:00.000+05:30,2655,PENDING_PAYMENT
66381,2014-06-17T00:00:00.000+05:30,10681,PENDING_PAYMENT
66382,2014-06-17T00:00:00.000+05:30,194,PENDING_PAYMENT
66390,2014-06-17T00:00:00.000+05:30,6365,PENDING_PAYMENT
66391,2014-06-17T00:00:00.000+05:30,828,PENDING_PAYMENT
66402,2014-06-18T00:00:00.000+05:30,2620,PENDING_PAYMENT
66409,2014-06-18T00:00:00.000+05:30,5617,PENDING_PAYMENT
66417,2014-06-18T00:00:00.000+05:30,11303,PENDING_PAYMENT
66420,2014-06-18T00:00:00.000+05:30,8669,PENDING_PAYMENT
66429,2014-06-19T00:00:00.000+05:30,4524,PENDING_PAYMENT
66431,2014-06-19T00:00:00.000+05:30,6916,PENDING_PAYMENT
66451,2014-06-19T00:00:00.000+05:30,6893,PENDING_PAYMENT
66453,2014-06-19T00:00:00.000+05:30,5689,PENDING_PAYMENT
66461,2014-06-19T00:00:00.000+05:30,4259,PENDING_PAYMENT
66463,2014-06-19T00:00:00.000+05:30,1392,PENDING_PAYMENT
66465,2014-06-20T00:00:00.000+05:30,4933,PENDING_PAYMENT
66471,2014-06-20T00:00:00.000+05:30,8563,PENDING_PAYMENT
66475,2014-06-20T00:00:00.000+05:30,4848,PENDING_PAYMENT
66476,2014-06-20T00:00:00.000+05:30,12315,PENDING_PAYMENT
66478,2014-06-20T00:00:00.000+05:30,936,PENDING_PAYMENT
66480,2014-06-20T00:00:00.000+05:30,3541,PENDING_PAYMENT
66490,2014-06-20T00:00:00.000+05:30,5132,PENDING_PAYMENT
66494,2014-06-20T00:00:00.000+05:30,12425,PENDING_PAYMENT
66495,2014-06-20T00:00:00.000+05:30,9640,PENDING_PAYMENT
66498,2014-06-20T00:00:00.000+05:30,146,PENDING_PAYMENT
66501,2014-06-20T00:00:00.000+05:30,1967,PENDING_PAYMENT
66508,2014-06-21T00:00:00.000+05:30,7081,PENDING_PAYMENT
66516,2014-06-21T00:00:00.000+05:30,5674,PENDING_PAYMENT
66517,2014-06-21T00:00:00.000+05:30,249,PENDING_PAYMENT
66530,2014-06-22T00:00:00.000+05:30,8492,PENDING_PAYMENT
66531,2014-06-22T00:00:00.000+05:30,2602,PENDING_PAYMENT
66533,2014-06-22T00:00:00.000+05:30,1289,PENDING_PAYMENT
66538,2014-06-22T00:00:00.000+05:30,6348,PENDING_PAYMENT
66542,2014-06-22T00:00:00.000+05:30,11227,PENDING_PAYMENT
66549,2014-06-22T00:00:00.000+05:30,967,PENDING_PAYMENT
66565,2014-06-23T00:00:00.000+05:30,8339,PENDING_PAYMENT
66572,2014-06-23T00:00:00.000+05:30,6922,PENDING_PAYMENT
66577,2014-06-23T00:00:00.000+05:30,11960,PENDING_PAYMENT
66582,2014-06-23T00:00:00.000+05:30,11094,PENDING_PAYMENT
66583,2014-06-23T00:00:00.000+05:30,2267,PENDING_PAYMENT
66588,2014-06-24T00:00:00.000+05:30,6680,PENDING_PAYMENT
66589,2014-06-24T00:00:00.000+05:30,1147,PENDING_PAYMENT
66594,2014-06-24T00:00:00.000+05:30,8873,PENDING_PAYMENT
66597,2014-06-24T00:00:00.000+05:30,3239,PENDING_PAYMENT
66614,2014-06-25T00:00:00.000+05:30,8076,PENDING_PAYMENT
66615,2014-06-25T00:00:00.000+05:30,7262,PENDING_PAYMENT
66621,2014-06-25T00:00:00.000+05:30,9940,PENDING_PAYMENT
66625,2014-06-25T00:00:00.000+05:30,9290,PENDING_PAYMENT
66629,2014-06-25T00:00:00.000+05:30,1093,PENDING_PAYMENT
66634,2014-06-26T00:00:00.000+05:30,3104,PENDING_PAYMENT
66637,2014-06-26T00:00:00.000+05:30,6755,PENDING_PAYMENT
66638,2014-06-26T00:00:00.000+05:30,11828,PENDING_PAYMENT
66641,2014-06-26T00:00:00.000+05:30,8360,PENDING_PAYMENT
66646,2014-06-26T00:00:00.000+05:30,1406,PENDING_PAYMENT
66651,2014-06-26T00:00:00.000+05:30,12422,PENDING_PAYMENT
66653,2014-06-26T00:00:00.000+05:30,1101,PENDING_PAYMENT
66655,2014-06-26T00:00:00.000+05:30,11084,PENDING_PAYMENT
66664,2014-06-27T00:00:00.000+05:30,9316,PENDING_PAYMENT
66666,2014-06-27T00:00:00.000+05:30,5803,PENDING_PAYMENT
66671,2014-06-27T00:00:00.000+05:30,3081,PENDING_PAYMENT
66678,2014-06-27T00:00:00.000+05:30,9716,PENDING_PAYMENT
66681,2014-06-27T00:00:00.000+05:30,2826,PENDING_PAYMENT
66690,2014-06-28T00:00:00.000+05:30,1273,PENDING_PAYMENT
66720,2014-06-29T00:00:00.000+05:30,11090,PENDING_PAYMENT
66722,2014-06-29T00:00:00.000+05:30,6603,PENDING_PAYMENT
66726,2014-06-29T00:00:00.000+05:30,8935,PENDING_PAYMENT
66732,2014-06-29T00:00:00.000+05:30,11110,PENDING_PAYMENT
66735,2014-06-29T00:00:00.000+05:30,5805,PENDING_PAYMENT
66737,2014-06-29T00:00:00.000+05:30,9880,PENDING_PAYMENT
66738,2014-06-29T00:00:00.000+05:30,6289,PENDING_PAYMENT
66739,2014-06-29T00:00:00.000+05:30,4653,PENDING_PAYMENT
66744,2014-06-29T00:00:00.000+05:30,11041,PENDING_PAYMENT
66754,2014-06-30T00:00:00.000+05:30,5096,PENDING_PAYMENT
66761,2014-06-30T00:00:00.000+05:30,2866,PENDING_PAYMENT
66763,2014-06-30T00:00:00.000+05:30,8337,PENDING_PAYMENT
66765,2014-06-30T00:00:00.000+05:30,8917,PENDING_PAYMENT
66773,2014-06-30T00:00:00.000+05:30,10233,PENDING_PAYMENT
66779,2014-06-30T00:00:00.000+05:30,3575,PENDING_PAYMENT
66787,2014-07-01T00:00:00.000+05:30,279,PENDING_PAYMENT
66801,2014-07-01T00:00:00.000+05:30,8669,PENDING_PAYMENT
66802,2014-07-01T00:00:00.000+05:30,2680,PENDING_PAYMENT
66803,2014-07-02T00:00:00.000+05:30,3544,PENDING_PAYMENT
66807,2014-07-02T00:00:00.000+05:30,321,PENDING_PAYMENT
66815,2014-07-02T00:00:00.000+05:30,2447,PENDING_PAYMENT
66825,2014-07-03T00:00:00.000+05:30,9891,PENDING_PAYMENT
66828,2014-07-03T00:00:00.000+05:30,12188,PENDING_PAYMENT
66830,2014-07-04T00:00:00.000+05:30,3375,PENDING_PAYMENT
66831,2014-07-04T00:00:00.000+05:30,4400,PENDING_PAYMENT
66834,2014-07-04T00:00:00.000+05:30,3104,PENDING_PAYMENT
66835,2014-07-04T00:00:00.000+05:30,12282,PENDING_PAYMENT
66837,2014-07-04T00:00:00.000+05:30,3311,PENDING_PAYMENT
66838,2014-07-04T00:00:00.000+05:30,2040,PENDING_PAYMENT
66850,2014-07-04T00:00:00.000+05:30,4253,PENDING_PAYMENT
66852,2014-07-04T00:00:00.000+05:30,9161,PENDING_PAYMENT
66864,2014-07-05T00:00:00.000+05:30,12301,PENDING_PAYMENT
66869,2014-07-05T00:00:00.000+05:30,2828,PENDING_PAYMENT
66872,2014-07-05T00:00:00.000+05:30,1522,PENDING_PAYMENT
66877,2014-07-05T00:00:00.000+05:30,8027,PENDING_PAYMENT
66880,2014-07-05T00:00:00.000+05:30,8829,PENDING_PAYMENT
66882,2014-07-05T00:00:00.000+05:30,7401,PENDING_PAYMENT
66885,2014-07-05T00:00:00.000+05:30,4907,PENDING_PAYMENT
66886,2014-07-05T00:00:00.000+05:30,6111,PENDING_PAYMENT
66895,2014-07-05T00:00:00.000+05:30,5298,PENDING_PAYMENT
66905,2014-07-06T00:00:00.000+05:30,6736,PENDING_PAYMENT
66908,2014-07-06T00:00:00.000+05:30,4792,PENDING_PAYMENT
66911,2014-07-06T00:00:00.000+05:30,637,PENDING_PAYMENT
66913,2014-07-06T00:00:00.000+05:30,11297,PENDING_PAYMENT
66918,2014-07-06T00:00:00.000+05:30,6830,PENDING_PAYMENT
66931,2014-07-07T00:00:00.000+05:30,2753,PENDING_PAYMENT
66932,2014-07-07T00:00:00.000+05:30,9106,PENDING_PAYMENT
66933,2014-07-07T00:00:00.000+05:30,9915,PENDING_PAYMENT
66943,2014-07-07T00:00:00.000+05:30,5962,PENDING_PAYMENT
66946,2014-07-07T00:00:00.000+05:30,6333,PENDING_PAYMENT
66951,2014-07-07T00:00:00.000+05:30,301,PENDING_PAYMENT
66952,2014-07-07T00:00:00.000+05:30,6527,PENDING_PAYMENT
66955,2014-07-07T00:00:00.000+05:30,3938,PENDING_PAYMENT
66956,2014-07-07T00:00:00.000+05:30,1266,PENDING_PAYMENT
66957,2014-07-07T00:00:00.000+05:30,3746,PENDING_PAYMENT
66964,2014-07-07T00:00:00.000+05:30,5956,PENDING_PAYMENT
66979,2014-07-08T00:00:00.000+05:30,7998,PENDING_PAYMENT
66984,2014-07-08T00:00:00.000+05:30,7425,PENDING_PAYMENT
66987,2014-07-09T00:00:00.000+05:30,8994,PENDING_PAYMENT
66991,2014-07-09T00:00:00.000+05:30,10769,PENDING_PAYMENT
66993,2014-07-09T00:00:00.000+05:30,898,PENDING_PAYMENT
66999,2014-07-09T00:00:00.000+05:30,12341,PENDING_PAYMENT
67004,2014-07-09T00:00:00.000+05:30,6123,PENDING_PAYMENT
67010,2014-07-09T00:00:00.000+05:30,10125,PENDING_PAYMENT
67015,2014-07-10T00:00:00.000+05:30,6188,PENDING_PAYMENT
67022,2014-07-10T00:00:00.000+05:30,9016,PENDING_PAYMENT
67026,2014-07-11T00:00:00.000+05:30,11498,PENDING_PAYMENT
67042,2014-07-12T00:00:00.000+05:30,284,PENDING_PAYMENT
67060,2014-07-13T00:00:00.000+05:30,7978,PENDING_PAYMENT
67062,2014-07-13T00:00:00.000+05:30,5829,PENDING_PAYMENT
67074,2014-07-13T00:00:00.000+05:30,477,PENDING_PAYMENT
67076,2014-07-13T00:00:00.000+05:30,11080,PENDING_PAYMENT
67081,2014-07-13T00:00:00.000+05:30,4113,PENDING_PAYMENT
67082,2014-07-13T00:00:00.000+05:30,12117,PENDING_PAYMENT
67090,2014-07-13T00:00:00.000+05:30,10728,PENDING_PAYMENT
67091,2014-07-13T00:00:00.000+05:30,7104,PENDING_PAYMENT
67103,2014-07-14T00:00:00.000+05:30,6523,PENDING_PAYMENT
67104,2014-07-14T00:00:00.000+05:30,1224,PENDING_PAYMENT
67122,2014-07-15T00:00:00.000+05:30,7582,PENDING_PAYMENT
67125,2014-07-15T00:00:00.000+05:30,11068,PENDING_PAYMENT
67127,2014-07-15T00:00:00.000+05:30,9981,PENDING_PAYMENT
67131,2014-07-15T00:00:00.000+05:30,6047,PENDING_PAYMENT
67132,2014-07-15T00:00:00.000+05:30,9371,PENDING_PAYMENT
67133,2014-07-15T00:00:00.000+05:30,5197,PENDING_PAYMENT
67139,2014-07-15T00:00:00.000+05:30,3864,PENDING_PAYMENT
67140,2014-07-15T00:00:00.000+05:30,4553,PENDING_PAYMENT
67145,2014-07-15T00:00:00.000+05:30,7954,PENDING_PAYMENT
67146,2014-07-15T00:00:00.000+05:30,4469,PENDING_PAYMENT
67150,2014-07-15T00:00:00.000+05:30,2434,PENDING_PAYMENT
67165,2014-07-16T00:00:00.000+05:30,10814,PENDING_PAYMENT
67173,2014-07-16T00:00:00.000+05:30,7532,PENDING_PAYMENT
67177,2014-07-16T00:00:00.000+05:30,3297,PENDING_PAYMENT
67185,2014-07-16T00:00:00.000+05:30,975,PENDING_PAYMENT
67186,2014-07-16T00:00:00.000+05:30,6483,PENDING_PAYMENT
67187,2014-07-16T00:00:00.000+05:30,11734,PENDING_PAYMENT
67192,2014-07-17T00:00:00.000+05:30,7251,PENDING_PAYMENT
67199,2014-07-17T00:00:00.000+05:30,8966,PENDING_PAYMENT
67201,2014-07-17T00:00:00.000+05:30,7258,PENDING_PAYMENT
67207,2014-07-17T00:00:00.000+05:30,3461,PENDING_PAYMENT
67209,2014-07-17T00:00:00.000+05:30,6720,PENDING_PAYMENT
67210,2014-07-17T00:00:00.000+05:30,535,PENDING_PAYMENT
67217,2014-07-17T00:00:00.000+05:30,3670,PENDING_PAYMENT
67220,2014-07-17T00:00:00.000+05:30,218,PENDING_PAYMENT
67228,2014-07-18T00:00:00.000+05:30,10424,PENDING_PAYMENT
67239,2014-07-18T00:00:00.000+05:30,10656,PENDING_PAYMENT
67245,2014-07-19T00:00:00.000+05:30,10103,PENDING_PAYMENT
67249,2014-07-19T00:00:00.000+05:30,5051,PENDING_PAYMENT
67261,2014-07-19T00:00:00.000+05:30,11645,PENDING_PAYMENT
67266,2014-07-19T00:00:00.000+05:30,5897,PENDING_PAYMENT
67268,2014-07-20T00:00:00.000+05:30,10136,PENDING_PAYMENT
67273,2014-07-20T00:00:00.000+05:30,7175,PENDING_PAYMENT
67277,2014-07-20T00:00:00.000+05:30,2047,PENDING_PAYMENT
67278,2014-07-20T00:00:00.000+05:30,2781,PENDING_PAYMENT
67281,2014-07-20T00:00:00.000+05:30,3834,PENDING_PAYMENT
67284,2014-07-20T00:00:00.000+05:30,4605,PENDING_PAYMENT
67285,2014-07-20T00:00:00.000+05:30,8514,PENDING_PAYMENT
67287,2014-07-20T00:00:00.000+05:30,11314,PENDING_PAYMENT
67294,2014-07-20T00:00:00.000+05:30,2429,PENDING_PAYMENT
67296,2014-07-20T00:00:00.000+05:30,7334,PENDING_PAYMENT
67299,2014-07-20T00:00:00.000+05:30,3167,PENDING_PAYMENT
67307,2014-07-20T00:00:00.000+05:30,4397,PENDING_PAYMENT
67311,2014-07-21T00:00:00.000+05:30,10985,PENDING_PAYMENT
67317,2014-07-21T00:00:00.000+05:30,10352,PENDING_PAYMENT
67319,2014-07-22T00:00:00.000+05:30,1124,PENDING_PAYMENT
67320,2014-07-22T00:00:00.000+05:30,2913,PENDING_PAYMENT
67321,2014-07-22T00:00:00.000+05:30,2845,PENDING_PAYMENT
67322,2014-07-22T00:00:00.000+05:30,6980,PENDING_PAYMENT
67324,2014-07-22T00:00:00.000+05:30,12378,PENDING_PAYMENT
67325,2014-07-22T00:00:00.000+05:30,9184,PENDING_PAYMENT
67326,2014-07-22T00:00:00.000+05:30,2784,PENDING_PAYMENT
67327,2014-07-22T00:00:00.000+05:30,1728,PENDING_PAYMENT
67343,2014-07-22T00:00:00.000+05:30,10420,PENDING_PAYMENT
67344,2014-07-22T00:00:00.000+05:30,872,PENDING_PAYMENT
67362,2014-07-23T00:00:00.000+05:30,6968,PENDING_PAYMENT
67372,2014-07-23T00:00:00.000+05:30,1604,PENDING_PAYMENT
67374,2014-07-23T00:00:00.000+05:30,5600,PENDING_PAYMENT
67376,2014-07-23T00:00:00.000+05:30,961,PENDING_PAYMENT
67384,2014-07-23T00:00:00.000+05:30,11512,PENDING_PAYMENT
67391,2014-07-23T00:00:00.000+05:30,525,PENDING_PAYMENT
67395,2014-07-24T00:00:00.000+05:30,9599,PENDING_PAYMENT
67396,2014-07-24T00:00:00.000+05:30,282,PENDING_PAYMENT
67397,2014-07-24T00:00:00.000+05:30,8067,PENDING_PAYMENT
67402,2014-07-24T00:00:00.000+05:30,9048,PENDING_PAYMENT
67409,2014-07-24T00:00:00.000+05:30,4140,PENDING_PAYMENT
67412,2014-07-24T00:00:00.000+05:30,4690,PENDING_PAYMENT
67418,2013-07-26T00:00:00.000+05:30,1779,PENDING_PAYMENT
67421,2013-07-26T00:00:00.000+05:30,748,PENDING_PAYMENT
67425,2013-07-27T00:00:00.000+05:30,12325,PENDING_PAYMENT
67429,2013-07-28T00:00:00.000+05:30,10365,PENDING_PAYMENT
67434,2013-07-29T00:00:00.000+05:30,3773,PENDING_PAYMENT
67437,2013-07-29T00:00:00.000+05:30,6446,PENDING_PAYMENT
67441,2013-07-30T00:00:00.000+05:30,6655,PENDING_PAYMENT
67442,2013-07-30T00:00:00.000+05:30,10029,PENDING_PAYMENT
67445,2013-07-31T00:00:00.000+05:30,1175,PENDING_PAYMENT
67446,2013-07-31T00:00:00.000+05:30,882,PENDING_PAYMENT
67449,2013-08-02T00:00:00.000+05:30,7960,PENDING_PAYMENT
67459,2013-08-04T00:00:00.000+05:30,11613,PENDING_PAYMENT
67460,2013-08-04T00:00:00.000+05:30,10110,PENDING_PAYMENT
67462,2013-08-05T00:00:00.000+05:30,10446,PENDING_PAYMENT
67470,2013-08-07T00:00:00.000+05:30,977,PENDING_PAYMENT
67480,2013-08-10T00:00:00.000+05:30,11410,PENDING_PAYMENT
67493,2013-08-14T00:00:00.000+05:30,5945,PENDING_PAYMENT
67498,2013-08-16T00:00:00.000+05:30,12018,PENDING_PAYMENT
67500,2013-08-16T00:00:00.000+05:30,1116,PENDING_PAYMENT
67501,2013-08-16T00:00:00.000+05:30,610,PENDING_PAYMENT
67502,2013-08-16T00:00:00.000+05:30,1356,PENDING_PAYMENT
67505,2013-08-17T00:00:00.000+05:30,791,PENDING_PAYMENT
67511,2013-08-19T00:00:00.000+05:30,5518,PENDING_PAYMENT
67512,2013-08-19T00:00:00.000+05:30,9764,PENDING_PAYMENT
67515,2013-08-20T00:00:00.000+05:30,743,PENDING_PAYMENT
67519,2013-08-21T00:00:00.000+05:30,10954,PENDING_PAYMENT
67528,2013-08-23T00:00:00.000+05:30,8517,PENDING_PAYMENT
67534,2013-08-25T00:00:00.000+05:30,9413,PENDING_PAYMENT
67542,2013-08-27T00:00:00.000+05:30,9392,PENDING_PAYMENT
67545,2013-08-28T00:00:00.000+05:30,7027,PENDING_PAYMENT
67547,2013-08-28T00:00:00.000+05:30,2018,PENDING_PAYMENT
67551,2013-08-29T00:00:00.000+05:30,7478,PENDING_PAYMENT
67552,2013-08-29T00:00:00.000+05:30,1123,PENDING_PAYMENT
67559,2013-08-31T00:00:00.000+05:30,10575,PENDING_PAYMENT
67574,2013-09-04T00:00:00.000+05:30,627,PENDING_PAYMENT
67577,2013-09-04T00:00:00.000+05:30,12057,PENDING_PAYMENT
67581,2013-09-05T00:00:00.000+05:30,2304,PENDING_PAYMENT
67591,2013-09-08T00:00:00.000+05:30,9897,PENDING_PAYMENT
67594,2013-09-08T00:00:00.000+05:30,10725,PENDING_PAYMENT
67596,2013-09-09T00:00:00.000+05:30,8225,PENDING_PAYMENT
67609,2013-09-12T00:00:00.000+05:30,325,PENDING_PAYMENT
67610,2013-09-12T00:00:00.000+05:30,9,PENDING_PAYMENT
67613,2013-09-14T00:00:00.000+05:30,10620,PENDING_PAYMENT
67616,2013-09-14T00:00:00.000+05:30,3216,PENDING_PAYMENT
67619,2013-09-15T00:00:00.000+05:30,1711,PENDING_PAYMENT
67626,2013-09-16T00:00:00.000+05:30,1694,PENDING_PAYMENT
67627,2013-09-16T00:00:00.000+05:30,4294,PENDING_PAYMENT
67628,2013-09-17T00:00:00.000+05:30,1294,PENDING_PAYMENT
67630,2013-09-18T00:00:00.000+05:30,3509,PENDING_PAYMENT
67635,2013-09-19T00:00:00.000+05:30,6031,PENDING_PAYMENT
67643,2013-09-22T00:00:00.000+05:30,3463,PENDING_PAYMENT
67646,2013-09-22T00:00:00.000+05:30,3173,PENDING_PAYMENT
67649,2013-09-24T00:00:00.000+05:30,11829,PENDING_PAYMENT
67650,2013-09-24T00:00:00.000+05:30,6598,PENDING_PAYMENT
67658,2013-09-28T00:00:00.000+05:30,7679,PENDING_PAYMENT
67661,2013-09-28T00:00:00.000+05:30,3052,PENDING_PAYMENT
67662,2013-09-29T00:00:00.000+05:30,4789,PENDING_PAYMENT
67667,2013-10-01T00:00:00.000+05:30,7978,PENDING_PAYMENT
67675,2013-10-05T00:00:00.000+05:30,4044,PENDING_PAYMENT
67676,2013-10-05T00:00:00.000+05:30,2031,PENDING_PAYMENT
67678,2013-10-06T00:00:00.000+05:30,5247,PENDING_PAYMENT
67680,2013-10-06T00:00:00.000+05:30,8512,PENDING_PAYMENT
67681,2013-10-07T00:00:00.000+05:30,4620,PENDING_PAYMENT
67683,2013-10-08T00:00:00.000+05:30,4479,PENDING_PAYMENT
67686,2013-10-08T00:00:00.000+05:30,8718,PENDING_PAYMENT
67688,2013-10-08T00:00:00.000+05:30,4774,PENDING_PAYMENT
67689,2013-10-09T00:00:00.000+05:30,6227,PENDING_PAYMENT
67693,2013-10-09T00:00:00.000+05:30,3550,PENDING_PAYMENT
67694,2013-10-10T00:00:00.000+05:30,7623,PENDING_PAYMENT
67698,2013-10-10T00:00:00.000+05:30,9401,PENDING_PAYMENT
67704,2013-10-13T00:00:00.000+05:30,7536,PENDING_PAYMENT
67709,2013-10-15T00:00:00.000+05:30,7099,PENDING_PAYMENT
67713,2013-10-16T00:00:00.000+05:30,8370,PENDING_PAYMENT
67715,2013-10-16T00:00:00.000+05:30,6659,PENDING_PAYMENT
67718,2013-10-17T00:00:00.000+05:30,1673,PENDING_PAYMENT
67720,2013-10-17T00:00:00.000+05:30,5378,PENDING_PAYMENT
67722,2013-10-18T00:00:00.000+05:30,5389,PENDING_PAYMENT
67726,2013-10-19T00:00:00.000+05:30,1982,PENDING_PAYMENT
67727,2013-10-19T00:00:00.000+05:30,5666,PENDING_PAYMENT
67737,2013-10-24T00:00:00.000+05:30,11393,PENDING_PAYMENT
67742,2013-10-26T00:00:00.000+05:30,2793,PENDING_PAYMENT
67747,2013-10-27T00:00:00.000+05:30,5449,PENDING_PAYMENT
67748,2013-10-27T00:00:00.000+05:30,4168,PENDING_PAYMENT
67755,2013-10-30T00:00:00.000+05:30,8386,PENDING_PAYMENT
67759,2013-10-31T00:00:00.000+05:30,10759,PENDING_PAYMENT
67760,2013-11-01T00:00:00.000+05:30,11023,PENDING_PAYMENT
67763,2013-11-01T00:00:00.000+05:30,4164,PENDING_PAYMENT
67767,2013-11-02T00:00:00.000+05:30,5769,PENDING_PAYMENT
67772,2013-11-03T00:00:00.000+05:30,3342,PENDING_PAYMENT
67792,2013-11-08T00:00:00.000+05:30,197,PENDING_PAYMENT
67798,2013-11-10T00:00:00.000+05:30,6050,PENDING_PAYMENT
67805,2013-11-12T00:00:00.000+05:30,8251,PENDING_PAYMENT
67810,2013-11-13T00:00:00.000+05:30,10899,PENDING_PAYMENT
67812,2013-11-14T00:00:00.000+05:30,4150,PENDING_PAYMENT
67813,2013-11-15T00:00:00.000+05:30,6161,PENDING_PAYMENT
67826,2013-11-19T00:00:00.000+05:30,267,PENDING_PAYMENT
67843,2013-11-23T00:00:00.000+05:30,11752,PENDING_PAYMENT
67844,2013-11-24T00:00:00.000+05:30,8806,PENDING_PAYMENT
67849,2013-11-25T00:00:00.000+05:30,1012,PENDING_PAYMENT
67850,2013-11-25T00:00:00.000+05:30,133,PENDING_PAYMENT
67853,2013-11-26T00:00:00.000+05:30,5989,PENDING_PAYMENT
67854,2013-11-27T00:00:00.000+05:30,2356,PENDING_PAYMENT
67858,2013-11-28T00:00:00.000+05:30,4179,PENDING_PAYMENT
67859,2013-11-28T00:00:00.000+05:30,3136,PENDING_PAYMENT
67861,2013-11-29T00:00:00.000+05:30,8615,PENDING_PAYMENT
67864,2013-12-01T00:00:00.000+05:30,9393,PENDING_PAYMENT
67883,2013-12-07T00:00:00.000+05:30,3418,PENDING_PAYMENT
67886,2013-12-08T00:00:00.000+05:30,569,PENDING_PAYMENT
67887,2013-12-08T00:00:00.000+05:30,12108,PENDING_PAYMENT
67889,2013-12-08T00:00:00.000+05:30,5493,PENDING_PAYMENT
67890,2013-12-09T00:00:00.000+05:30,5272,PENDING_PAYMENT
67892,2013-12-09T00:00:00.000+05:30,3182,PENDING_PAYMENT
67895,2013-12-09T00:00:00.000+05:30,6978,PENDING_PAYMENT
67901,2013-12-12T00:00:00.000+05:30,5646,PENDING_PAYMENT
67915,2013-12-17T00:00:00.000+05:30,10852,PENDING_PAYMENT
67920,2013-12-18T00:00:00.000+05:30,4889,PENDING_PAYMENT
67921,2013-12-19T00:00:00.000+05:30,2215,PENDING_PAYMENT
67944,2013-12-25T00:00:00.000+05:30,9739,PENDING_PAYMENT
67947,2013-12-25T00:00:00.000+05:30,9412,PENDING_PAYMENT
67950,2013-12-26T00:00:00.000+05:30,11048,PENDING_PAYMENT
67951,2013-12-26T00:00:00.000+05:30,5030,PENDING_PAYMENT
67961,2013-12-28T00:00:00.000+05:30,3532,PENDING_PAYMENT
67970,2013-12-31T00:00:00.000+05:30,10182,PENDING_PAYMENT
67976,2014-01-03T00:00:00.000+05:30,7972,PENDING_PAYMENT
67979,2014-01-03T00:00:00.000+05:30,1568,PENDING_PAYMENT
67998,2014-01-10T00:00:00.000+05:30,1807,PENDING_PAYMENT
68002,2014-01-11T00:00:00.000+05:30,9889,PENDING_PAYMENT
68006,2014-01-12T00:00:00.000+05:30,6842,PENDING_PAYMENT
68013,2014-01-14T00:00:00.000+05:30,11369,PENDING_PAYMENT
68014,2014-01-14T00:00:00.000+05:30,3639,PENDING_PAYMENT
68015,2014-01-15T00:00:00.000+05:30,10597,PENDING_PAYMENT
68016,2014-01-15T00:00:00.000+05:30,7148,PENDING_PAYMENT
68019,2014-01-16T00:00:00.000+05:30,3924,PENDING_PAYMENT
68020,2014-01-16T00:00:00.000+05:30,9529,PENDING_PAYMENT
68031,2014-01-19T00:00:00.000+05:30,5247,PENDING_PAYMENT
68032,2014-01-19T00:00:00.000+05:30,3589,PENDING_PAYMENT
68035,2014-01-20T00:00:00.000+05:30,9181,PENDING_PAYMENT
68036,2014-01-20T00:00:00.000+05:30,10223,PENDING_PAYMENT
68037,2014-01-20T00:00:00.000+05:30,3232,PENDING_PAYMENT
68045,2014-01-22T00:00:00.000+05:30,4584,PENDING_PAYMENT
68049,2014-01-23T00:00:00.000+05:30,5391,PENDING_PAYMENT
68052,2014-01-24T00:00:00.000+05:30,2912,PENDING_PAYMENT
68054,2014-01-24T00:00:00.000+05:30,4132,PENDING_PAYMENT
68055,2014-01-24T00:00:00.000+05:30,7348,PENDING_PAYMENT
68056,2014-01-25T00:00:00.000+05:30,7158,PENDING_PAYMENT
68058,2014-01-25T00:00:00.000+05:30,943,PENDING_PAYMENT
68063,2014-01-26T00:00:00.000+05:30,5384,PENDING_PAYMENT
68070,2014-01-29T00:00:00.000+05:30,2701,PENDING_PAYMENT
68071,2014-01-29T00:00:00.000+05:30,5209,PENDING_PAYMENT
68074,2014-01-30T00:00:00.000+05:30,10565,PENDING_PAYMENT
68075,2014-01-30T00:00:00.000+05:30,9325,PENDING_PAYMENT
68080,2014-01-31T00:00:00.000+05:30,6138,PENDING_PAYMENT
68086,2014-02-01T00:00:00.000+05:30,8733,PENDING_PAYMENT
68088,2014-02-01T00:00:00.000+05:30,12174,PENDING_PAYMENT
68095,2014-02-03T00:00:00.000+05:30,4855,PENDING_PAYMENT
68098,2014-02-03T00:00:00.000+05:30,11846,PENDING_PAYMENT
68099,2014-02-04T00:00:00.000+05:30,6184,PENDING_PAYMENT
68105,2014-02-07T00:00:00.000+05:30,7754,PENDING_PAYMENT
68112,2014-02-08T00:00:00.000+05:30,7798,PENDING_PAYMENT
68115,2014-02-10T00:00:00.000+05:30,5283,PENDING_PAYMENT
68121,2014-02-11T00:00:00.000+05:30,8061,PENDING_PAYMENT
68125,2014-02-11T00:00:00.000+05:30,8905,PENDING_PAYMENT
68135,2014-02-13T00:00:00.000+05:30,254,PENDING_PAYMENT
68149,2014-02-17T00:00:00.000+05:30,11926,PENDING_PAYMENT
68156,2014-02-19T00:00:00.000+05:30,8233,PENDING_PAYMENT
68160,2014-02-19T00:00:00.000+05:30,3334,PENDING_PAYMENT
68162,2014-02-20T00:00:00.000+05:30,6874,PENDING_PAYMENT
68163,2014-02-21T00:00:00.000+05:30,9382,PENDING_PAYMENT
68166,2014-02-22T00:00:00.000+05:30,12418,PENDING_PAYMENT
68168,2014-02-22T00:00:00.000+05:30,7347,PENDING_PAYMENT
68170,2014-02-22T00:00:00.000+05:30,3565,PENDING_PAYMENT
68171,2014-02-23T00:00:00.000+05:30,3760,PENDING_PAYMENT
68172,2014-02-23T00:00:00.000+05:30,5998,PENDING_PAYMENT
68173,2014-02-23T00:00:00.000+05:30,8578,PENDING_PAYMENT
68174,2014-02-24T00:00:00.000+05:30,4689,PENDING_PAYMENT
68178,2014-02-26T00:00:00.000+05:30,6248,PENDING_PAYMENT
68185,2014-02-27T00:00:00.000+05:30,3269,PENDING_PAYMENT
68188,2014-02-28T00:00:00.000+05:30,7403,PENDING_PAYMENT
68189,2014-02-28T00:00:00.000+05:30,1365,PENDING_PAYMENT
68192,2014-02-28T00:00:00.000+05:30,7771,PENDING_PAYMENT
68193,2014-03-01T00:00:00.000+05:30,1261,PENDING_PAYMENT
68198,2014-03-02T00:00:00.000+05:30,1230,PENDING_PAYMENT
68203,2014-03-03T00:00:00.000+05:30,4521,PENDING_PAYMENT
68204,2014-03-03T00:00:00.000+05:30,12349,PENDING_PAYMENT
68207,2014-03-04T00:00:00.000+05:30,3022,PENDING_PAYMENT
68209,2014-03-04T00:00:00.000+05:30,6051,PENDING_PAYMENT
68213,2014-03-07T00:00:00.000+05:30,6282,PENDING_PAYMENT
68214,2014-03-07T00:00:00.000+05:30,6998,PENDING_PAYMENT
68215,2014-03-07T00:00:00.000+05:30,182,PENDING_PAYMENT
68217,2014-03-07T00:00:00.000+05:30,4615,PENDING_PAYMENT
68242,2014-03-16T00:00:00.000+05:30,2733,PENDING_PAYMENT
68244,2014-03-18T00:00:00.000+05:30,2945,PENDING_PAYMENT
68251,2014-03-20T00:00:00.000+05:30,2571,PENDING_PAYMENT
68259,2014-03-22T00:00:00.000+05:30,3549,PENDING_PAYMENT
68261,2014-03-22T00:00:00.000+05:30,482,PENDING_PAYMENT
68265,2014-03-23T00:00:00.000+05:30,3770,PENDING_PAYMENT
68266,2014-03-23T00:00:00.000+05:30,2336,PENDING_PAYMENT
68270,2014-03-24T00:00:00.000+05:30,6888,PENDING_PAYMENT
68272,2014-03-25T00:00:00.000+05:30,3540,PENDING_PAYMENT
68277,2014-03-25T00:00:00.000+05:30,1741,PENDING_PAYMENT
68287,2014-03-29T00:00:00.000+05:30,623,PENDING_PAYMENT
68294,2014-03-31T00:00:00.000+05:30,10003,PENDING_PAYMENT
68308,2014-04-03T00:00:00.000+05:30,358,PENDING_PAYMENT
68316,2014-04-06T00:00:00.000+05:30,8867,PENDING_PAYMENT
68319,2014-04-07T00:00:00.000+05:30,6695,PENDING_PAYMENT
68323,2014-04-08T00:00:00.000+05:30,10683,PENDING_PAYMENT
68329,2014-04-09T00:00:00.000+05:30,6688,PENDING_PAYMENT
68332,2014-04-10T00:00:00.000+05:30,8227,PENDING_PAYMENT
68337,2014-04-11T00:00:00.000+05:30,8897,PENDING_PAYMENT
68338,2014-04-12T00:00:00.000+05:30,942,PENDING_PAYMENT
68342,2014-04-13T00:00:00.000+05:30,10009,PENDING_PAYMENT
68350,2014-04-15T00:00:00.000+05:30,6649,PENDING_PAYMENT
68359,2014-04-18T00:00:00.000+05:30,11512,PENDING_PAYMENT
68360,2014-04-18T00:00:00.000+05:30,5402,PENDING_PAYMENT
68363,2014-04-19T00:00:00.000+05:30,9471,PENDING_PAYMENT
68367,2014-04-21T00:00:00.000+05:30,7962,PENDING_PAYMENT
68375,2014-04-22T00:00:00.000+05:30,9709,PENDING_PAYMENT
68376,2014-04-23T00:00:00.000+05:30,1644,PENDING_PAYMENT
68378,2014-04-23T00:00:00.000+05:30,5175,PENDING_PAYMENT
68379,2014-04-23T00:00:00.000+05:30,8018,PENDING_PAYMENT
68388,2014-04-26T00:00:00.000+05:30,7110,PENDING_PAYMENT
68389,2014-04-26T00:00:00.000+05:30,12121,PENDING_PAYMENT
68390,2014-04-26T00:00:00.000+05:30,8939,PENDING_PAYMENT
68391,2014-04-27T00:00:00.000+05:30,4852,PENDING_PAYMENT
68393,2014-04-27T00:00:00.000+05:30,2928,PENDING_PAYMENT
68394,2014-04-27T00:00:00.000+05:30,7939,PENDING_PAYMENT
68405,2014-04-30T00:00:00.000+05:30,6224,PENDING_PAYMENT
68409,2014-05-01T00:00:00.000+05:30,11684,PENDING_PAYMENT
68417,2014-05-04T00:00:00.000+05:30,7553,PENDING_PAYMENT
68425,2014-05-07T00:00:00.000+05:30,10080,PENDING_PAYMENT
68427,2014-05-07T00:00:00.000+05:30,2484,PENDING_PAYMENT
68436,2014-05-11T00:00:00.000+05:30,6589,PENDING_PAYMENT
68440,2014-05-12T00:00:00.000+05:30,791,PENDING_PAYMENT
68446,2014-05-13T00:00:00.000+05:30,4147,PENDING_PAYMENT
68453,2014-05-15T00:00:00.000+05:30,4400,PENDING_PAYMENT
68458,2014-05-17T00:00:00.000+05:30,10089,PENDING_PAYMENT
68462,2014-05-17T00:00:00.000+05:30,10438,PENDING_PAYMENT
68464,2014-05-18T00:00:00.000+05:30,11001,PENDING_PAYMENT
68465,2014-05-18T00:00:00.000+05:30,10745,PENDING_PAYMENT
68466,2014-05-18T00:00:00.000+05:30,334,PENDING_PAYMENT
68470,2014-05-19T00:00:00.000+05:30,3270,PENDING_PAYMENT
68475,2014-05-20T00:00:00.000+05:30,883,PENDING_PAYMENT
68481,2014-05-21T00:00:00.000+05:30,2000,PENDING_PAYMENT
68491,2014-05-24T00:00:00.000+05:30,7736,PENDING_PAYMENT
68496,2014-05-25T00:00:00.000+05:30,3156,PENDING_PAYMENT
68497,2014-05-25T00:00:00.000+05:30,1973,PENDING_PAYMENT
68498,2014-05-26T00:00:00.000+05:30,11257,PENDING_PAYMENT
68499,2014-05-26T00:00:00.000+05:30,10220,PENDING_PAYMENT
68508,2014-05-30T00:00:00.000+05:30,3081,PENDING_PAYMENT
68511,2014-05-31T00:00:00.000+05:30,5012,PENDING_PAYMENT
68512,2014-06-01T00:00:00.000+05:30,1137,PENDING_PAYMENT
68517,2014-06-04T00:00:00.000+05:30,931,PENDING_PAYMENT
68523,2014-06-05T00:00:00.000+05:30,1432,PENDING_PAYMENT
68533,2014-06-07T00:00:00.000+05:30,10699,PENDING_PAYMENT
68538,2014-06-09T00:00:00.000+05:30,915,PENDING_PAYMENT
68539,2014-06-10T00:00:00.000+05:30,7445,PENDING_PAYMENT
68540,2014-06-10T00:00:00.000+05:30,5211,PENDING_PAYMENT
68545,2014-06-12T00:00:00.000+05:30,3582,PENDING_PAYMENT
68546,2014-06-12T00:00:00.000+05:30,6405,PENDING_PAYMENT
68550,2014-06-13T00:00:00.000+05:30,11785,PENDING_PAYMENT
68553,2014-06-13T00:00:00.000+05:30,10037,PENDING_PAYMENT
68560,2014-06-15T00:00:00.000+05:30,2572,PENDING_PAYMENT
68563,2014-06-16T00:00:00.000+05:30,4378,PENDING_PAYMENT
68580,2014-06-22T00:00:00.000+05:30,4751,PENDING_PAYMENT
68591,2014-06-24T00:00:00.000+05:30,8704,PENDING_PAYMENT
68597,2014-06-25T00:00:00.000+05:30,9506,PENDING_PAYMENT
68608,2014-06-28T00:00:00.000+05:30,419,PENDING_PAYMENT
68609,2014-06-28T00:00:00.000+05:30,3342,PENDING_PAYMENT
68616,2014-06-29T00:00:00.000+05:30,1475,PENDING_PAYMENT
68633,2014-07-05T00:00:00.000+05:30,10481,PENDING_PAYMENT
68640,2014-07-07T00:00:00.000+05:30,11447,PENDING_PAYMENT
68641,2014-07-07T00:00:00.000+05:30,221,PENDING_PAYMENT
68644,2014-07-09T00:00:00.000+05:30,4115,PENDING_PAYMENT
68645,2014-07-09T00:00:00.000+05:30,10013,PENDING_PAYMENT
68654,2014-07-12T00:00:00.000+05:30,9486,PENDING_PAYMENT
68655,2014-07-13T00:00:00.000+05:30,84,PENDING_PAYMENT
68656,2014-07-13T00:00:00.000+05:30,12154,PENDING_PAYMENT
68658,2014-07-14T00:00:00.000+05:30,7177,PENDING_PAYMENT
68660,2014-07-15T00:00:00.000+05:30,8420,PENDING_PAYMENT
68663,2014-07-15T00:00:00.000+05:30,6176,PENDING_PAYMENT
68678,2014-07-20T00:00:00.000+05:30,684,PENDING_PAYMENT
68680,2014-07-20T00:00:00.000+05:30,3636,PENDING_PAYMENT
68681,2014-07-20T00:00:00.000+05:30,11014,PENDING_PAYMENT
68683,2014-07-21T00:00:00.000+05:30,1338,PENDING_PAYMENT
68685,2014-07-23T00:00:00.000+05:30,11426,PENDING_PAYMENT
68693,2013-07-27T00:00:00.000+05:30,228,PENDING_PAYMENT
68698,2013-08-07T00:00:00.000+05:30,9100,PENDING_PAYMENT
68699,2013-08-08T00:00:00.000+05:30,2983,PENDING_PAYMENT
68702,2013-08-14T00:00:00.000+05:30,2277,PENDING_PAYMENT
68714,2013-09-06T00:00:00.000+05:30,8889,PENDING_PAYMENT
68715,2013-09-09T00:00:00.000+05:30,12034,PENDING_PAYMENT
68716,2013-09-12T00:00:00.000+05:30,8872,PENDING_PAYMENT
68726,2013-10-02T00:00:00.000+05:30,8817,PENDING_PAYMENT
68727,2013-10-05T00:00:00.000+05:30,5880,PENDING_PAYMENT
68729,2013-10-09T00:00:00.000+05:30,8043,PENDING_PAYMENT
68730,2013-10-11T00:00:00.000+05:30,3568,PENDING_PAYMENT
68731,2013-10-13T00:00:00.000+05:30,8102,PENDING_PAYMENT
68741,2013-10-30T00:00:00.000+05:30,5974,PENDING_PAYMENT
68748,2013-11-08T00:00:00.000+05:30,11421,PENDING_PAYMENT
68749,2013-11-09T00:00:00.000+05:30,10868,PENDING_PAYMENT
68752,2013-11-14T00:00:00.000+05:30,8271,PENDING_PAYMENT
68757,2013-11-20T00:00:00.000+05:30,6462,PENDING_PAYMENT
68762,2013-12-05T00:00:00.000+05:30,1761,PENDING_PAYMENT
68770,2013-12-15T00:00:00.000+05:30,1087,PENDING_PAYMENT
68777,2014-01-02T00:00:00.000+05:30,11022,PENDING_PAYMENT
68795,2014-02-09T00:00:00.000+05:30,6950,PENDING_PAYMENT
68801,2014-02-18T00:00:00.000+05:30,2079,PENDING_PAYMENT
68808,2014-03-10T00:00:00.000+05:30,2708,PENDING_PAYMENT
68824,2014-04-08T00:00:00.000+05:30,876,PENDING_PAYMENT
68825,2014-04-10T00:00:00.000+05:30,10201,PENDING_PAYMENT
68833,2014-04-30T00:00:00.000+05:30,12428,PENDING_PAYMENT
68836,2014-05-03T00:00:00.000+05:30,8009,PENDING_PAYMENT
68851,2014-05-26T00:00:00.000+05:30,11193,PENDING_PAYMENT
68853,2014-05-31T00:00:00.000+05:30,1202,PENDING_PAYMENT
68855,2014-06-02T00:00:00.000+05:30,403,PENDING_PAYMENT
68861,2014-06-13T00:00:00.000+05:30,3031,PENDING_PAYMENT
68866,2014-06-20T00:00:00.000+05:30,3890,PENDING_PAYMENT
68881,2014-07-19T00:00:00.000+05:30,2518,PENDING_PAYMENT
