9842,2013-07-25 00:00:00.0
9198,2013-07-25 00:00:00.0
4189,2013-07-25 00:00:00.0
12256,2013-07-25 00:00:00.0
395,2013-07-26 00:00:00.0
5383,2013-07-26 00:00:00.0
236,2013-07-26 00:00:00.0
7834,2013-07-26 00:00:00.0
12096,2013-07-26 00:00:00.0
7923,2013-07-26 00:00:00.0
10655,2013-07-26 00:00:00.0
5506,2013-07-26 00:00:00.0
3870,2013-07-26 00:00:00.0
2234,2013-07-27 00:00:00.0
5862,2013-07-27 00:00:00.0
10167,2013-07-27 00:00:00.0
6035,2013-07-27 00:00:00.0
8143,2013-07-27 00:00:00.0
1473,2013-07-27 00:00:00.0
2457,2013-07-27 00:00:00.0
12341,2013-07-27 00:00:00.0
5698,2013-07-27 00:00:00.0
486,2013-07-28 00:00:00.0
6147,2013-07-28 00:00:00.0
4871,2013-07-28 00:00:00.0
2873,2013-07-28 00:00:00.0
132,2013-07-28 00:00:00.0
11473,2013-07-28 00:00:00.0
12224,2013-07-29 00:00:00.0
1826,2013-07-29 00:00:00.0
4768,2013-07-29 00:00:00.0
5104,2013-07-29 00:00:00.0
7435,2013-07-29 00:00:00.0
2863,2013-07-29 00:00:00.0
7725,2013-07-29 00:00:00.0
9876,2013-07-29 00:00:00.0
2117,2013-07-29 00:00:00.0
2759,2013-07-30 00:00:00.0
1641,2013-07-30 00:00:00.0
7141,2013-07-30 00:00:00.0
4130,2013-07-30 00:00:00.0
7473,2013-07-30 00:00:00.0
7820,2013-07-30 00:00:00.0
4979,2013-07-30 00:00:00.0
9358,2013-07-30 00:00:00.0
9474,2013-07-30 00:00:00.0
11873,2013-07-30 00:00:00.0
12148,2013-07-30 00:00:00.0
6318,2013-07-31 00:00:00.0
1372,2013-07-31 00:00:00.0
1279,2013-07-31 00:00:00.0
10519,2013-07-31 00:00:00.0
3083,2013-07-31 00:00:00.0
9735,2013-07-31 00:00:00.0
12032,2013-07-31 00:00:00.0
987,2013-07-31 00:00:00.0
10095,2013-07-31 00:00:00.0
7018,2013-08-01 00:00:00.0
10007,2013-08-01 00:00:00.0
9729,2013-08-01 00:00:00.0
4914,2013-08-01 00:00:00.0
3410,2013-08-01 00:00:00.0
1932,2013-08-01 00:00:00.0
11956,2013-08-01 00:00:00.0
10515,2013-08-01 00:00:00.0
2345,2013-08-02 00:00:00.0
6747,2013-08-02 00:00:00.0
9152,2013-08-02 00:00:00.0
2126,2013-08-02 00:00:00.0
3567,2013-08-03 00:00:00.0
5399,2013-08-03 00:00:00.0
11052,2013-08-03 00:00:00.0
11308,2013-08-03 00:00:00.0
11296,2013-08-03 00:00:00.0
11772,2013-08-03 00:00:00.0
6663,2013-08-03 00:00:00.0
8217,2013-08-04 00:00:00.0
6323,2013-08-04 00:00:00.0
693,2013-08-04 00:00:00.0
4136,2013-08-04 00:00:00.0
3050,2013-08-05 00:00:00.0
965,2013-08-05 00:00:00.0
2153,2013-08-05 00:00:00.0
4981,2013-08-05 00:00:00.0
2337,2013-08-05 00:00:00.0
3658,2013-08-05 00:00:00.0
6316,2013-08-06 00:00:00.0
7693,2013-08-06 00:00:00.0
11303,2013-08-06 00:00:00.0
7516,2013-08-06 00:00:00.0
11890,2013-08-06 00:00:00.0
2019,2013-08-06 00:00:00.0
10010,2013-08-06 00:00:00.0
6649,2013-08-06 00:00:00.0
9378,2013-08-06 00:00:00.0
2270,2013-08-06 00:00:00.0
6376,2013-08-06 00:00:00.0
9371,2013-08-07 00:00:00.0
5965,2013-08-07 00:00:00.0
12359,2013-08-07 00:00:00.0
6255,2013-08-07 00:00:00.0
10354,2013-08-07 00:00:00.0
11467,2013-08-08 00:00:00.0
3682,2013-08-08 00:00:00.0
2183,2013-08-08 00:00:00.0
8762,2013-08-08 00:00:00.0
3500,2013-08-08 00:00:00.0
9784,2013-08-08 00:00:00.0
6980,2013-08-08 00:00:00.0
12362,2013-08-08 00:00:00.0
7278,2013-08-09 00:00:00.0
7109,2013-08-09 00:00:00.0
11995,2013-08-09 00:00:00.0
8710,2013-08-09 00:00:00.0
7911,2013-08-10 00:00:00.0
6917,2013-08-10 00:00:00.0
1810,2013-08-10 00:00:00.0
11177,2013-08-10 00:00:00.0
422,2013-08-10 00:00:00.0
10860,2013-08-10 00:00:00.0
7065,2013-08-10 00:00:00.0
5541,2013-08-10 00:00:00.0
4018,2013-08-10 00:00:00.0
1056,2013-08-10 00:00:00.0
10039,2013-08-10 00:00:00.0
4935,2013-08-10 00:00:00.0
9173,2013-08-11 00:00:00.0
6049,2013-08-11 00:00:00.0
8469,2013-08-12 00:00:00.0
2796,2013-08-12 00:00:00.0
938,2013-08-12 00:00:00.0
7076,2013-08-12 00:00:00.0
10093,2013-08-12 00:00:00.0
7841,2013-08-12 00:00:00.0
6129,2013-08-12 00:00:00.0
142,2013-08-12 00:00:00.0
9126,2013-08-12 00:00:00.0
1970,2013-08-12 00:00:00.0
5014,2013-08-12 00:00:00.0
3579,2013-08-12 00:00:00.0
10359,2013-08-12 00:00:00.0
8529,2013-08-13 00:00:00.0
8710,2013-08-13 00:00:00.0
1627,2013-08-14 00:00:00.0
12019,2013-08-14 00:00:00.0
96,2013-08-14 00:00:00.0
8498,2013-08-14 00:00:00.0
355,2013-08-14 00:00:00.0
5297,2013-08-14 00:00:00.0
8401,2013-08-14 00:00:00.0
8653,2013-08-14 00:00:00.0
11629,2013-08-15 00:00:00.0
7080,2013-08-15 00:00:00.0
6608,2013-08-15 00:00:00.0
3679,2013-08-15 00:00:00.0
8987,2013-08-15 00:00:00.0
3574,2013-08-15 00:00:00.0
4110,2013-08-15 00:00:00.0
3101,2013-08-15 00:00:00.0
2457,2013-08-16 00:00:00.0
9650,2013-08-16 00:00:00.0
8439,2013-08-16 00:00:00.0
4272,2013-08-16 00:00:00.0
10933,2013-08-16 00:00:00.0
5423,2013-08-16 00:00:00.0
10727,2013-08-16 00:00:00.0
9084,2013-08-17 00:00:00.0
9883,2013-08-17 00:00:00.0
7772,2013-08-17 00:00:00.0
8430,2013-08-17 00:00:00.0
3618,2013-08-17 00:00:00.0
9639,2013-08-17 00:00:00.0
6758,2013-08-18 00:00:00.0
8974,2013-08-18 00:00:00.0
11598,2013-08-18 00:00:00.0
12106,2013-08-18 00:00:00.0
9568,2013-08-19 00:00:00.0
7847,2013-08-19 00:00:00.0
4729,2013-08-19 00:00:00.0
2175,2013-08-20 00:00:00.0
3867,2013-08-20 00:00:00.0
6629,2013-08-20 00:00:00.0
11706,2013-08-20 00:00:00.0
202,2013-08-20 00:00:00.0
9120,2013-08-20 00:00:00.0
9125,2013-08-20 00:00:00.0
4259,2013-08-20 00:00:00.0
6285,2013-08-20 00:00:00.0
6634,2013-08-21 00:00:00.0
5367,2013-08-21 00:00:00.0
5218,2013-08-22 00:00:00.0
3428,2013-08-22 00:00:00.0
12004,2013-08-22 00:00:00.0
9884,2013-08-22 00:00:00.0
11746,2013-08-22 00:00:00.0
7891,2013-08-22 00:00:00.0
11505,2013-08-23 00:00:00.0
3775,2013-08-23 00:00:00.0
6385,2013-08-23 00:00:00.0
6436,2013-08-23 00:00:00.0
3442,2013-08-23 00:00:00.0
6288,2013-08-23 00:00:00.0
4409,2013-08-23 00:00:00.0
9820,2013-08-23 00:00:00.0
7600,2013-08-23 00:00:00.0
7796,2013-08-23 00:00:00.0
8418,2013-08-24 00:00:00.0
8498,2013-08-24 00:00:00.0
2909,2013-08-24 00:00:00.0
7150,2013-08-24 00:00:00.0
2353,2013-08-24 00:00:00.0
1300,2013-08-24 00:00:00.0
4389,2013-08-24 00:00:00.0
6285,2013-08-24 00:00:00.0
3510,2013-08-24 00:00:00.0
6570,2013-08-24 00:00:00.0
10269,2013-08-25 00:00:00.0
440,2013-08-25 00:00:00.0
11387,2013-08-25 00:00:00.0
12422,2013-08-25 00:00:00.0
1736,2013-08-25 00:00:00.0
12310,2013-08-25 00:00:00.0
5016,2013-08-25 00:00:00.0
8143,2013-08-25 00:00:00.0
2613,2013-08-25 00:00:00.0
6285,2013-08-26 00:00:00.0
4014,2013-08-26 00:00:00.0
4459,2013-08-27 00:00:00.0
10357,2013-08-27 00:00:00.0
6071,2013-08-27 00:00:00.0
1969,2013-08-28 00:00:00.0
1385,2013-08-28 00:00:00.0
9796,2013-08-28 00:00:00.0
1304,2013-08-28 00:00:00.0
700,2013-08-29 00:00:00.0
2683,2013-08-29 00:00:00.0
10830,2013-08-29 00:00:00.0
11660,2013-08-29 00:00:00.0
6361,2013-08-29 00:00:00.0
9589,2013-08-29 00:00:00.0
1224,2013-08-29 00:00:00.0
6294,2013-08-29 00:00:00.0
5273,2013-08-31 00:00:00.0
12230,2013-08-31 00:00:00.0
12266,2013-08-31 00:00:00.0
9126,2013-09-01 00:00:00.0
6916,2013-09-01 00:00:00.0
8061,2013-09-01 00:00:00.0
383,2013-09-01 00:00:00.0
7777,2013-09-01 00:00:00.0
5244,2013-09-01 00:00:00.0
812,2013-09-02 00:00:00.0
3359,2013-09-02 00:00:00.0
7189,2013-09-02 00:00:00.0
8212,2013-09-02 00:00:00.0
10427,2013-09-02 00:00:00.0
4869,2013-09-02 00:00:00.0
9933,2013-09-02 00:00:00.0
3206,2013-09-02 00:00:00.0
3504,2013-09-03 00:00:00.0
9178,2013-09-03 00:00:00.0
1656,2013-09-03 00:00:00.0
6445,2013-09-03 00:00:00.0
10073,2013-09-04 00:00:00.0
8045,2013-09-04 00:00:00.0
2644,2013-09-04 00:00:00.0
5679,2013-09-04 00:00:00.0
10408,2013-09-05 00:00:00.0
1641,2013-09-05 00:00:00.0
7137,2013-09-05 00:00:00.0
2593,2013-09-05 00:00:00.0
9919,2013-09-05 00:00:00.0
10031,2013-09-05 00:00:00.0
6976,2013-09-05 00:00:00.0
5507,2013-09-05 00:00:00.0
7307,2013-09-05 00:00:00.0
6890,2013-09-05 00:00:00.0
8853,2013-09-06 00:00:00.0
4261,2013-09-06 00:00:00.0
11806,2013-09-06 00:00:00.0
1826,2013-09-06 00:00:00.0
6811,2013-09-06 00:00:00.0
10020,2013-09-06 00:00:00.0
1114,2013-09-06 00:00:00.0
7868,2013-09-06 00:00:00.0
9775,2013-09-07 00:00:00.0
1606,2013-09-07 00:00:00.0
1746,2013-09-07 00:00:00.0
1667,2013-09-07 00:00:00.0
7211,2013-09-08 00:00:00.0
1323,2013-09-08 00:00:00.0
11018,2013-09-08 00:00:00.0
9354,2013-09-08 00:00:00.0
9378,2013-09-08 00:00:00.0
5787,2013-09-08 00:00:00.0
11016,2013-09-08 00:00:00.0
11678,2013-09-08 00:00:00.0
5890,2013-09-09 00:00:00.0
5207,2013-09-09 00:00:00.0
12360,2013-09-09 00:00:00.0
6,2013-09-09 00:00:00.0
9754,2013-09-09 00:00:00.0
4487,2013-09-09 00:00:00.0
4935,2013-09-10 00:00:00.0
1927,2013-09-10 00:00:00.0
4574,2013-09-10 00:00:00.0
7930,2013-09-10 00:00:00.0
4562,2013-09-10 00:00:00.0
7230,2013-09-10 00:00:00.0
5447,2013-09-10 00:00:00.0
2551,2013-09-11 00:00:00.0
2197,2013-09-12 00:00:00.0
7970,2013-09-12 00:00:00.0
10778,2013-09-12 00:00:00.0
6737,2013-09-12 00:00:00.0
7949,2013-09-12 00:00:00.0
9329,2013-09-12 00:00:00.0
10738,2013-09-12 00:00:00.0
6938,2013-09-12 00:00:00.0
8699,2013-09-12 00:00:00.0
12376,2013-09-13 00:00:00.0
4974,2013-09-14 00:00:00.0
4635,2013-09-14 00:00:00.0
107,2013-09-14 00:00:00.0
357,2013-09-14 00:00:00.0
12113,2013-09-14 00:00:00.0
8771,2013-09-14 00:00:00.0
10901,2013-09-14 00:00:00.0
11267,2013-09-15 00:00:00.0
3678,2013-09-15 00:00:00.0
1270,2013-09-15 00:00:00.0
11237,2013-09-15 00:00:00.0
9806,2013-09-15 00:00:00.0
8733,2013-09-15 00:00:00.0
5683,2013-09-15 00:00:00.0
9164,2013-09-17 00:00:00.0
8986,2013-09-17 00:00:00.0
11149,2013-09-18 00:00:00.0
9501,2013-09-18 00:00:00.0
10518,2013-09-18 00:00:00.0
4076,2013-09-18 00:00:00.0
6737,2013-09-18 00:00:00.0
1069,2013-09-18 00:00:00.0
2521,2013-09-18 00:00:00.0
4422,2013-09-19 00:00:00.0
312,2013-09-19 00:00:00.0
6957,2013-09-19 00:00:00.0
6141,2013-09-19 00:00:00.0
4562,2013-09-19 00:00:00.0
5041,2013-09-19 00:00:00.0
4600,2013-09-19 00:00:00.0
1736,2013-09-19 00:00:00.0
10166,2013-09-19 00:00:00.0
8860,2013-09-20 00:00:00.0
1222,2013-09-20 00:00:00.0
11520,2013-09-20 00:00:00.0
2179,2013-09-20 00:00:00.0
9743,2013-09-21 00:00:00.0
4376,2013-09-21 00:00:00.0
9282,2013-09-21 00:00:00.0
11801,2013-09-21 00:00:00.0
11778,2013-09-21 00:00:00.0
4786,2013-09-21 00:00:00.0
10346,2013-09-21 00:00:00.0
5981,2013-09-21 00:00:00.0
8719,2013-09-21 00:00:00.0
4348,2013-09-21 00:00:00.0
9967,2013-09-21 00:00:00.0
6306,2013-09-22 00:00:00.0
7260,2013-09-22 00:00:00.0
2327,2013-09-22 00:00:00.0
5297,2013-09-22 00:00:00.0
12215,2013-09-22 00:00:00.0
6769,2013-09-22 00:00:00.0
8071,2013-09-22 00:00:00.0
10617,2013-09-23 00:00:00.0
5935,2013-09-23 00:00:00.0
4376,2013-09-23 00:00:00.0
6534,2013-09-23 00:00:00.0
9238,2013-09-23 00:00:00.0
685,2013-09-23 00:00:00.0
534,2013-09-23 00:00:00.0
6118,2013-09-23 00:00:00.0
3220,2013-09-23 00:00:00.0
9310,2013-09-23 00:00:00.0
3897,2013-09-24 00:00:00.0
4978,2013-09-24 00:00:00.0
2367,2013-09-24 00:00:00.0
11593,2013-09-24 00:00:00.0
10100,2013-09-24 00:00:00.0
5995,2013-09-24 00:00:00.0
11272,2013-09-24 00:00:00.0
7042,2013-09-24 00:00:00.0
6279,2013-09-24 00:00:00.0
2260,2013-09-24 00:00:00.0
9885,2013-09-25 00:00:00.0
5376,2013-09-25 00:00:00.0
10329,2013-09-25 00:00:00.0
6812,2013-09-25 00:00:00.0
5207,2013-09-26 00:00:00.0
959,2013-09-26 00:00:00.0
2433,2013-09-26 00:00:00.0
9084,2013-09-26 00:00:00.0
7741,2013-09-26 00:00:00.0
6089,2013-09-26 00:00:00.0
10142,2013-09-26 00:00:00.0
7605,2013-09-27 00:00:00.0
7268,2013-09-27 00:00:00.0
865,2013-09-27 00:00:00.0
1794,2013-09-27 00:00:00.0
4851,2013-09-27 00:00:00.0
8618,2013-09-27 00:00:00.0
767,2013-09-27 00:00:00.0
6615,2013-09-28 00:00:00.0
10664,2013-09-28 00:00:00.0
8408,2013-09-28 00:00:00.0
3409,2013-09-28 00:00:00.0
11462,2013-09-28 00:00:00.0
9406,2013-09-28 00:00:00.0
262,2013-09-28 00:00:00.0
8684,2013-09-29 00:00:00.0
791,2013-09-29 00:00:00.0
11130,2013-09-29 00:00:00.0
2861,2013-09-29 00:00:00.0
3779,2013-09-29 00:00:00.0
5974,2013-09-29 00:00:00.0
7596,2013-09-29 00:00:00.0
10888,2013-09-30 00:00:00.0
5851,2013-09-30 00:00:00.0
5168,2013-09-30 00:00:00.0
636,2013-09-30 00:00:00.0
6685,2013-09-30 00:00:00.0
4848,2013-09-30 00:00:00.0
3154,2013-10-01 00:00:00.0
9330,2013-10-01 00:00:00.0
1417,2013-10-01 00:00:00.0
1872,2013-10-01 00:00:00.0
7781,2013-10-02 00:00:00.0
9829,2013-10-02 00:00:00.0
5272,2013-10-02 00:00:00.0
12150,2013-10-02 00:00:00.0
10315,2013-10-02 00:00:00.0
2378,2013-10-02 00:00:00.0
10656,2013-10-02 00:00:00.0
6573,2013-10-02 00:00:00.0
5017,2013-10-02 00:00:00.0
5158,2013-10-02 00:00:00.0
12329,2013-10-02 00:00:00.0
3465,2013-10-03 00:00:00.0
5013,2013-10-03 00:00:00.0
11780,2013-10-03 00:00:00.0
9941,2013-10-03 00:00:00.0
1385,2013-10-03 00:00:00.0
2654,2013-10-03 00:00:00.0
5151,2013-10-04 00:00:00.0
4131,2013-10-04 00:00:00.0
8853,2013-10-04 00:00:00.0
534,2013-10-04 00:00:00.0
7452,2013-10-04 00:00:00.0
5952,2013-10-04 00:00:00.0
8229,2013-10-04 00:00:00.0
5549,2013-10-04 00:00:00.0
8148,2013-10-04 00:00:00.0
7898,2013-10-04 00:00:00.0
6892,2013-10-04 00:00:00.0
10721,2013-10-04 00:00:00.0
3274,2013-10-04 00:00:00.0
3841,2013-10-04 00:00:00.0
4599,2013-10-04 00:00:00.0
7883,2013-10-05 00:00:00.0
3583,2013-10-05 00:00:00.0
8419,2013-10-05 00:00:00.0
134,2013-10-05 00:00:00.0
12162,2013-10-05 00:00:00.0
2097,2013-10-05 00:00:00.0
5558,2013-10-05 00:00:00.0
7020,2013-10-05 00:00:00.0
809,2013-10-05 00:00:00.0
4078,2013-10-05 00:00:00.0
1242,2013-10-05 00:00:00.0
11440,2013-10-05 00:00:00.0
2213,2013-10-06 00:00:00.0
12399,2013-10-06 00:00:00.0
2477,2013-10-06 00:00:00.0
3031,2013-10-06 00:00:00.0
1647,2013-10-06 00:00:00.0
1394,2013-10-06 00:00:00.0
5867,2013-10-06 00:00:00.0
11126,2013-10-06 00:00:00.0
10294,2013-10-06 00:00:00.0
6961,2013-10-07 00:00:00.0
9704,2013-10-07 00:00:00.0
6795,2013-10-07 00:00:00.0
3138,2013-10-07 00:00:00.0
9253,2013-10-07 00:00:00.0
2608,2013-10-07 00:00:00.0
4600,2013-10-08 00:00:00.0
11811,2013-10-08 00:00:00.0
8104,2013-10-08 00:00:00.0
3897,2013-10-08 00:00:00.0
4669,2013-10-08 00:00:00.0
9203,2013-10-08 00:00:00.0
10793,2013-10-08 00:00:00.0
5245,2013-10-08 00:00:00.0
4253,2013-10-08 00:00:00.0
9473,2013-10-08 00:00:00.0
10467,2013-10-08 00:00:00.0
11453,2013-10-08 00:00:00.0
2121,2013-10-08 00:00:00.0
840,2013-10-08 00:00:00.0
3947,2013-10-09 00:00:00.0
10861,2013-10-09 00:00:00.0
8386,2013-10-09 00:00:00.0
7243,2013-10-10 00:00:00.0
1641,2013-10-10 00:00:00.0
11014,2013-10-10 00:00:00.0
11199,2013-10-10 00:00:00.0
203,2013-10-10 00:00:00.0
10634,2013-10-10 00:00:00.0
5979,2013-10-10 00:00:00.0
6085,2013-10-10 00:00:00.0
10844,2013-10-11 00:00:00.0
1835,2013-10-11 00:00:00.0
1102,2013-10-11 00:00:00.0
9411,2013-10-11 00:00:00.0
4482,2013-10-11 00:00:00.0
7076,2013-10-11 00:00:00.0
4713,2013-10-11 00:00:00.0
7282,2013-10-12 00:00:00.0
7522,2013-10-12 00:00:00.0
11650,2013-10-12 00:00:00.0
9216,2013-10-12 00:00:00.0
168,2013-10-13 00:00:00.0
5829,2013-10-13 00:00:00.0
9951,2013-10-13 00:00:00.0
5959,2013-10-13 00:00:00.0
10765,2013-10-13 00:00:00.0
7144,2013-10-13 00:00:00.0
7891,2013-10-13 00:00:00.0
3964,2013-10-13 00:00:00.0
6192,2013-10-13 00:00:00.0
9755,2013-10-13 00:00:00.0
8500,2013-10-13 00:00:00.0
2163,2013-10-13 00:00:00.0
6890,2013-10-13 00:00:00.0
2567,2013-10-14 00:00:00.0
8374,2013-10-14 00:00:00.0
7997,2013-10-14 00:00:00.0
3887,2013-10-14 00:00:00.0
3153,2013-10-15 00:00:00.0
2031,2013-10-15 00:00:00.0
2997,2013-10-15 00:00:00.0
5371,2013-10-15 00:00:00.0
1386,2013-10-15 00:00:00.0
6385,2013-10-15 00:00:00.0
7282,2013-10-16 00:00:00.0
1718,2013-10-16 00:00:00.0
5016,2013-10-16 00:00:00.0
865,2013-10-16 00:00:00.0
11177,2013-10-17 00:00:00.0
5243,2013-10-17 00:00:00.0
1854,2013-10-17 00:00:00.0
8467,2013-10-18 00:00:00.0
9197,2013-10-18 00:00:00.0
3522,2013-10-18 00:00:00.0
4184,2013-10-18 00:00:00.0
2031,2013-10-18 00:00:00.0
168,2013-10-19 00:00:00.0
2873,2013-10-19 00:00:00.0
8016,2013-10-19 00:00:00.0
4022,2013-10-19 00:00:00.0
5913,2013-10-19 00:00:00.0
168,2013-10-19 00:00:00.0
12164,2013-10-19 00:00:00.0
10147,2013-10-20 00:00:00.0
5226,2013-10-20 00:00:00.0
9116,2013-10-20 00:00:00.0
5460,2013-10-20 00:00:00.0
5821,2013-10-20 00:00:00.0
12300,2013-10-20 00:00:00.0
5907,2013-10-20 00:00:00.0
2919,2013-10-20 00:00:00.0
169,2013-10-20 00:00:00.0
4034,2013-10-21 00:00:00.0
8629,2013-10-21 00:00:00.0
8726,2013-10-21 00:00:00.0
6454,2013-10-21 00:00:00.0
7448,2013-10-22 00:00:00.0
8458,2013-10-22 00:00:00.0
3441,2013-10-23 00:00:00.0
1309,2013-10-23 00:00:00.0
2042,2013-10-23 00:00:00.0
11984,2013-10-23 00:00:00.0
6378,2013-10-23 00:00:00.0
1908,2013-10-23 00:00:00.0
8530,2013-10-23 00:00:00.0
6511,2013-10-23 00:00:00.0
8552,2013-10-23 00:00:00.0
6341,2013-10-23 00:00:00.0
9205,2013-10-23 00:00:00.0
2904,2013-10-23 00:00:00.0
10960,2013-10-23 00:00:00.0
8994,2013-10-24 00:00:00.0
9883,2013-10-24 00:00:00.0
11686,2013-10-24 00:00:00.0
9459,2013-10-24 00:00:00.0
10761,2013-10-24 00:00:00.0
12069,2013-10-24 00:00:00.0
10838,2013-10-25 00:00:00.0
293,2013-10-25 00:00:00.0
12152,2013-10-25 00:00:00.0
1581,2013-10-25 00:00:00.0
544,2013-10-25 00:00:00.0
11133,2013-10-25 00:00:00.0
1391,2013-10-26 00:00:00.0
203,2013-10-26 00:00:00.0
7267,2013-10-26 00:00:00.0
5171,2013-10-26 00:00:00.0
4729,2013-10-27 00:00:00.0
6667,2013-10-27 00:00:00.0
9026,2013-10-27 00:00:00.0
5300,2013-10-27 00:00:00.0
10503,2013-10-27 00:00:00.0
5625,2013-10-27 00:00:00.0
10483,2013-10-27 00:00:00.0
8726,2013-10-28 00:00:00.0
6213,2013-10-28 00:00:00.0
9951,2013-10-28 00:00:00.0
4187,2013-10-28 00:00:00.0
11922,2013-10-28 00:00:00.0
636,2013-10-28 00:00:00.0
10567,2013-10-28 00:00:00.0
7695,2013-10-29 00:00:00.0
3360,2013-10-29 00:00:00.0
3678,2013-10-29 00:00:00.0
881,2013-10-29 00:00:00.0
6229,2013-10-29 00:00:00.0
11928,2013-10-29 00:00:00.0
9649,2013-10-29 00:00:00.0
3138,2013-10-30 00:00:00.0
6338,2013-10-30 00:00:00.0
1424,2013-10-30 00:00:00.0
5669,2013-10-30 00:00:00.0
6892,2013-10-30 00:00:00.0
1804,2013-10-30 00:00:00.0
5655,2013-10-31 00:00:00.0
10634,2013-10-31 00:00:00.0
4940,2013-10-31 00:00:00.0
7757,2013-10-31 00:00:00.0
468,2013-10-31 00:00:00.0
6704,2013-10-31 00:00:00.0
9670,2013-10-31 00:00:00.0
7504,2013-10-31 00:00:00.0
630,2013-10-31 00:00:00.0
12106,2013-10-31 00:00:00.0
638,2013-11-01 00:00:00.0
4313,2013-11-01 00:00:00.0
10982,2013-11-01 00:00:00.0
7322,2013-11-01 00:00:00.0
6316,2013-11-01 00:00:00.0
3397,2013-11-01 00:00:00.0
8815,2013-11-02 00:00:00.0
5516,2013-11-02 00:00:00.0
11923,2013-11-02 00:00:00.0
5323,2013-11-03 00:00:00.0
1015,2013-11-03 00:00:00.0
9595,2013-11-03 00:00:00.0
1996,2013-11-03 00:00:00.0
8049,2013-11-03 00:00:00.0
3428,2013-11-03 00:00:00.0
9890,2013-11-03 00:00:00.0
7997,2013-11-03 00:00:00.0
7785,2013-11-03 00:00:00.0
11613,2013-11-03 00:00:00.0
1258,2013-11-03 00:00:00.0
2854,2013-11-03 00:00:00.0
6901,2013-11-03 00:00:00.0
1902,2013-11-04 00:00:00.0
1132,2013-11-04 00:00:00.0
8483,2013-11-04 00:00:00.0
1695,2013-11-04 00:00:00.0
9238,2013-11-04 00:00:00.0
2725,2013-11-04 00:00:00.0
11048,2013-11-04 00:00:00.0
6121,2013-11-04 00:00:00.0
598,2013-11-04 00:00:00.0
10503,2013-11-05 00:00:00.0
6812,2013-11-05 00:00:00.0
3973,2013-11-05 00:00:00.0
1394,2013-11-05 00:00:00.0
12099,2013-11-05 00:00:00.0
1166,2013-11-05 00:00:00.0
5481,2013-11-06 00:00:00.0
2257,2013-11-06 00:00:00.0
8179,2013-11-06 00:00:00.0
5063,2013-11-06 00:00:00.0
5271,2013-11-06 00:00:00.0
5897,2013-11-06 00:00:00.0
5841,2013-11-06 00:00:00.0
11429,2013-11-06 00:00:00.0
9302,2013-11-06 00:00:00.0
9253,2013-11-06 00:00:00.0
495,2013-11-06 00:00:00.0
5861,2013-11-06 00:00:00.0
5900,2013-11-06 00:00:00.0
397,2013-11-06 00:00:00.0
8123,2013-11-06 00:00:00.0
4905,2013-11-06 00:00:00.0
5644,2013-11-07 00:00:00.0
11401,2013-11-07 00:00:00.0
4295,2013-11-07 00:00:00.0
3574,2013-11-07 00:00:00.0
5046,2013-11-07 00:00:00.0
10842,2013-11-08 00:00:00.0
11410,2013-11-08 00:00:00.0
7504,2013-11-08 00:00:00.0
4656,2013-11-08 00:00:00.0
289,2013-11-08 00:00:00.0
7508,2013-11-08 00:00:00.0
7898,2013-11-08 00:00:00.0
9479,2013-11-09 00:00:00.0
1846,2013-11-09 00:00:00.0
2848,2013-11-09 00:00:00.0
6379,2013-11-09 00:00:00.0
8794,2013-11-09 00:00:00.0
11332,2013-11-09 00:00:00.0
5954,2013-11-09 00:00:00.0
9209,2013-11-09 00:00:00.0
3220,2013-11-10 00:00:00.0
634,2013-11-10 00:00:00.0
10294,2013-11-10 00:00:00.0
8263,2013-11-11 00:00:00.0
10426,2013-11-11 00:00:00.0
7247,2013-11-11 00:00:00.0
4257,2013-11-11 00:00:00.0
11365,2013-11-11 00:00:00.0
6017,2013-11-12 00:00:00.0
11968,2013-11-12 00:00:00.0
1695,2013-11-12 00:00:00.0
3574,2013-11-12 00:00:00.0
7771,2013-11-12 00:00:00.0
4495,2013-11-12 00:00:00.0
2922,2013-11-13 00:00:00.0
9098,2013-11-13 00:00:00.0
11778,2013-11-13 00:00:00.0
5784,2013-11-13 00:00:00.0
7767,2013-11-13 00:00:00.0
10823,2013-11-13 00:00:00.0
12301,2013-11-13 00:00:00.0
3365,2013-11-13 00:00:00.0
6959,2013-11-13 00:00:00.0
5684,2013-11-13 00:00:00.0
1940,2013-11-14 00:00:00.0
1307,2013-11-14 00:00:00.0
9216,2013-11-14 00:00:00.0
11850,2013-11-14 00:00:00.0
2909,2013-11-14 00:00:00.0
12187,2013-11-14 00:00:00.0
2134,2013-11-14 00:00:00.0
10616,2013-11-14 00:00:00.0
1518,2013-11-14 00:00:00.0
12393,2013-11-14 00:00:00.0
39,2013-11-14 00:00:00.0
2684,2013-11-14 00:00:00.0
7802,2013-11-14 00:00:00.0
11966,2013-11-14 00:00:00.0
7021,2013-11-15 00:00:00.0
1368,2013-11-15 00:00:00.0
4897,2013-11-15 00:00:00.0
3826,2013-11-16 00:00:00.0
4620,2013-11-16 00:00:00.0
3369,2013-11-16 00:00:00.0
3591,2013-11-16 00:00:00.0
218,2013-11-17 00:00:00.0
7513,2013-11-17 00:00:00.0
4409,2013-11-17 00:00:00.0
2205,2013-11-17 00:00:00.0
9197,2013-11-18 00:00:00.0
142,2013-11-19 00:00:00.0
8188,2013-11-19 00:00:00.0
5684,2013-11-19 00:00:00.0
6230,2013-11-20 00:00:00.0
7303,2013-11-20 00:00:00.0
4017,2013-11-20 00:00:00.0
9924,2013-11-20 00:00:00.0
11410,2013-11-20 00:00:00.0
7815,2013-11-20 00:00:00.0
2965,2013-11-20 00:00:00.0
5258,2013-11-20 00:00:00.0
11686,2013-11-20 00:00:00.0
4448,2013-11-21 00:00:00.0
2174,2013-11-21 00:00:00.0
3212,2013-11-21 00:00:00.0
1820,2013-11-21 00:00:00.0
9764,2013-11-21 00:00:00.0
9699,2013-11-21 00:00:00.0
4574,2013-11-22 00:00:00.0
12132,2013-11-22 00:00:00.0
2885,2013-11-22 00:00:00.0
10369,2013-11-23 00:00:00.0
9823,2013-11-23 00:00:00.0
5940,2013-11-23 00:00:00.0
1491,2013-11-23 00:00:00.0
1658,2013-11-23 00:00:00.0
6610,2013-11-23 00:00:00.0
10776,2013-11-23 00:00:00.0
2419,2013-11-23 00:00:00.0
6615,2013-11-24 00:00:00.0
10617,2013-11-24 00:00:00.0
10835,2013-11-24 00:00:00.0
512,2013-11-24 00:00:00.0
5060,2013-11-24 00:00:00.0
9003,2013-11-24 00:00:00.0
5870,2013-11-24 00:00:00.0
4877,2013-11-24 00:00:00.0
2654,2013-11-24 00:00:00.0
5330,2013-11-24 00:00:00.0
3642,2013-11-24 00:00:00.0
10458,2013-11-24 00:00:00.0
96,2013-11-24 00:00:00.0
5433,2013-11-24 00:00:00.0
8093,2013-11-24 00:00:00.0
6706,2013-11-24 00:00:00.0
145,2013-11-25 00:00:00.0
9653,2013-11-25 00:00:00.0
2648,2013-11-25 00:00:00.0
6554,2013-11-26 00:00:00.0
6433,2013-11-26 00:00:00.0
5377,2013-11-26 00:00:00.0
5191,2013-11-27 00:00:00.0
1232,2013-11-27 00:00:00.0
8011,2013-11-27 00:00:00.0
9168,2013-11-27 00:00:00.0
3360,2013-11-27 00:00:00.0
7949,2013-11-28 00:00:00.0
3918,2013-11-28 00:00:00.0
5674,2013-11-28 00:00:00.0
5536,2013-11-28 00:00:00.0
8683,2013-11-28 00:00:00.0
6316,2013-11-28 00:00:00.0
7278,2013-11-28 00:00:00.0
7432,2013-11-28 00:00:00.0
12379,2013-11-28 00:00:00.0
8027,2013-11-28 00:00:00.0
10011,2013-11-29 00:00:00.0
10067,2013-11-29 00:00:00.0
7982,2013-11-29 00:00:00.0
7588,2013-11-29 00:00:00.0
1169,2013-11-29 00:00:00.0
378,2013-11-29 00:00:00.0
4750,2013-11-29 00:00:00.0
8266,2013-11-29 00:00:00.0
6285,2013-11-30 00:00:00.0
6739,2013-11-30 00:00:00.0
9790,2013-11-30 00:00:00.0
10213,2013-11-30 00:00:00.0
3833,2013-11-30 00:00:00.0
5968,2013-11-30 00:00:00.0
4799,2013-12-01 00:00:00.0
12072,2013-12-01 00:00:00.0
5243,2013-12-01 00:00:00.0
10952,2013-12-01 00:00:00.0
1880,2013-12-01 00:00:00.0
12285,2013-12-01 00:00:00.0
3515,2013-12-01 00:00:00.0
2607,2013-12-01 00:00:00.0
3153,2013-12-01 00:00:00.0
5844,2013-12-01 00:00:00.0
4884,2013-12-01 00:00:00.0
6517,2013-12-02 00:00:00.0
1592,2013-12-03 00:00:00.0
6706,2013-12-03 00:00:00.0
4578,2013-12-03 00:00:00.0
1877,2013-12-03 00:00:00.0
4027,2013-12-03 00:00:00.0
1804,2013-12-04 00:00:00.0
3977,2013-12-04 00:00:00.0
11463,2013-12-04 00:00:00.0
5652,2013-12-04 00:00:00.0
11623,2013-12-04 00:00:00.0
11277,2013-12-05 00:00:00.0
3316,2013-12-05 00:00:00.0
3110,2013-12-05 00:00:00.0
11048,2013-12-05 00:00:00.0
2249,2013-12-05 00:00:00.0
5549,2013-12-05 00:00:00.0
10878,2013-12-06 00:00:00.0
8545,2013-12-06 00:00:00.0
10117,2013-12-06 00:00:00.0
2969,2013-12-06 00:00:00.0
4380,2013-12-06 00:00:00.0
11230,2013-12-06 00:00:00.0
2796,2013-12-06 00:00:00.0
7065,2013-12-07 00:00:00.0
4903,2013-12-07 00:00:00.0
2628,2013-12-07 00:00:00.0
2654,2013-12-07 00:00:00.0
1574,2013-12-07 00:00:00.0
6184,2013-12-07 00:00:00.0
6165,2013-12-07 00:00:00.0
7889,2013-12-07 00:00:00.0
7820,2013-12-08 00:00:00.0
5751,2013-12-08 00:00:00.0
6074,2013-12-08 00:00:00.0
4849,2013-12-08 00:00:00.0
1000,2013-12-09 00:00:00.0
10781,2013-12-09 00:00:00.0
10542,2013-12-09 00:00:00.0
7266,2013-12-09 00:00:00.0
10391,2013-12-10 00:00:00.0
11534,2013-12-10 00:00:00.0
5821,2013-12-10 00:00:00.0
5430,2013-12-10 00:00:00.0
7274,2013-12-10 00:00:00.0
9387,2013-12-11 00:00:00.0
1007,2013-12-11 00:00:00.0
11003,2013-12-11 00:00:00.0
3071,2013-12-11 00:00:00.0
6110,2013-12-11 00:00:00.0
5376,2013-12-11 00:00:00.0
1923,2013-12-11 00:00:00.0
11890,2013-12-11 00:00:00.0
4905,2013-12-11 00:00:00.0
3747,2013-12-11 00:00:00.0
11200,2013-12-11 00:00:00.0
496,2013-12-11 00:00:00.0
4756,2013-12-11 00:00:00.0
5625,2013-12-11 00:00:00.0
3660,2013-12-11 00:00:00.0
847,2013-12-11 00:00:00.0
4729,2013-12-11 00:00:00.0
10743,2013-12-11 00:00:00.0
237,2013-12-12 00:00:00.0
10916,2013-12-12 00:00:00.0
3545,2013-12-12 00:00:00.0
465,2013-12-13 00:00:00.0
5519,2013-12-13 00:00:00.0
4756,2013-12-13 00:00:00.0
1568,2013-12-14 00:00:00.0
11491,2013-12-14 00:00:00.0
4698,2013-12-14 00:00:00.0
1335,2013-12-14 00:00:00.0
4638,2013-12-15 00:00:00.0
5541,2013-12-15 00:00:00.0
3428,2013-12-15 00:00:00.0
10111,2013-12-15 00:00:00.0
6165,2013-12-15 00:00:00.0
9022,2013-12-15 00:00:00.0
5047,2013-12-15 00:00:00.0
7200,2013-12-16 00:00:00.0
3711,2013-12-16 00:00:00.0
9143,2013-12-17 00:00:00.0
2095,2013-12-17 00:00:00.0
5221,2013-12-17 00:00:00.0
4545,2013-12-18 00:00:00.0
5311,2013-12-18 00:00:00.0
11448,2013-12-18 00:00:00.0
5061,2013-12-18 00:00:00.0
3029,2013-12-18 00:00:00.0
10994,2013-12-18 00:00:00.0
1394,2013-12-18 00:00:00.0
1611,2013-12-18 00:00:00.0
11059,2013-12-18 00:00:00.0
2453,2013-12-18 00:00:00.0
7888,2013-12-18 00:00:00.0
3366,2013-12-18 00:00:00.0
4838,2013-12-19 00:00:00.0
3934,2013-12-19 00:00:00.0
3237,2013-12-19 00:00:00.0
12319,2013-12-19 00:00:00.0
9250,2013-12-19 00:00:00.0
4397,2013-12-19 00:00:00.0
3965,2013-12-20 00:00:00.0
3163,2013-12-20 00:00:00.0
9649,2013-12-20 00:00:00.0
4406,2013-12-20 00:00:00.0
3316,2013-12-20 00:00:00.0
8418,2013-12-20 00:00:00.0
5361,2013-12-20 00:00:00.0
7369,2013-12-20 00:00:00.0
4686,2013-12-21 00:00:00.0
12214,2013-12-21 00:00:00.0
7786,2013-12-21 00:00:00.0
6230,2013-12-21 00:00:00.0
8027,2013-12-22 00:00:00.0
1048,2013-12-22 00:00:00.0
2327,2013-12-22 00:00:00.0
830,2013-12-22 00:00:00.0
2132,2013-12-22 00:00:00.0
4422,2013-12-22 00:00:00.0
5976,2013-12-22 00:00:00.0
4669,2013-12-22 00:00:00.0
2893,2013-12-23 00:00:00.0
9238,2013-12-24 00:00:00.0
847,2013-12-24 00:00:00.0
8206,2013-12-24 00:00:00.0
7511,2013-12-24 00:00:00.0
11822,2013-12-24 00:00:00.0
10570,2013-12-24 00:00:00.0
1774,2013-12-25 00:00:00.0
5212,2013-12-25 00:00:00.0
119,2013-12-25 00:00:00.0
12285,2013-12-25 00:00:00.0
4008,2013-12-25 00:00:00.0
11739,2013-12-26 00:00:00.0
6469,2013-12-26 00:00:00.0
6584,2013-12-26 00:00:00.0
964,2013-12-26 00:00:00.0
11728,2013-12-26 00:00:00.0
11751,2013-12-26 00:00:00.0
11081,2013-12-26 00:00:00.0
11344,2013-12-27 00:00:00.0
39,2013-12-27 00:00:00.0
2520,2013-12-27 00:00:00.0
10279,2013-12-27 00:00:00.0
4187,2013-12-27 00:00:00.0
6532,2013-12-29 00:00:00.0
6969,2013-12-29 00:00:00.0
8166,2013-12-29 00:00:00.0
4246,2013-12-29 00:00:00.0
11880,2013-12-30 00:00:00.0
3493,2013-12-30 00:00:00.0
6348,2013-12-30 00:00:00.0
6126,2013-12-30 00:00:00.0
4469,2013-12-30 00:00:00.0
6669,2013-12-31 00:00:00.0
10736,2013-12-31 00:00:00.0
1013,2013-12-31 00:00:00.0
8697,2013-12-31 00:00:00.0
8268,2013-12-31 00:00:00.0
9477,2013-12-31 00:00:00.0
10352,2013-12-31 00:00:00.0
8853,2013-12-31 00:00:00.0
9937,2013-12-31 00:00:00.0
6669,2014-01-01 00:00:00.0
297,2014-01-01 00:00:00.0
7478,2014-01-01 00:00:00.0
492,2014-01-01 00:00:00.0
11965,2014-01-02 00:00:00.0
3726,2014-01-02 00:00:00.0
8203,2014-01-02 00:00:00.0
7614,2014-01-02 00:00:00.0
8574,2014-01-03 00:00:00.0
2759,2014-01-03 00:00:00.0
5335,2014-01-03 00:00:00.0
7194,2014-01-03 00:00:00.0
8211,2014-01-03 00:00:00.0
5362,2014-01-03 00:00:00.0
5066,2014-01-04 00:00:00.0
7194,2014-01-04 00:00:00.0
2485,2014-01-04 00:00:00.0
5899,2014-01-04 00:00:00.0
2608,2014-01-04 00:00:00.0
10391,2014-01-05 00:00:00.0
1023,2014-01-05 00:00:00.0
4565,2014-01-05 00:00:00.0
7340,2014-01-05 00:00:00.0
3554,2014-01-05 00:00:00.0
9661,2014-01-05 00:00:00.0
8548,2014-01-05 00:00:00.0
11531,2014-01-05 00:00:00.0
3369,2014-01-05 00:00:00.0
2586,2014-01-06 00:00:00.0
422,2014-01-06 00:00:00.0
4005,2014-01-06 00:00:00.0
1027,2014-01-06 00:00:00.0
2904,2014-01-06 00:00:00.0
133,2014-01-06 00:00:00.0
9945,2014-01-07 00:00:00.0
4474,2014-01-08 00:00:00.0
6812,2014-01-08 00:00:00.0
10976,2014-01-09 00:00:00.0
9070,2014-01-09 00:00:00.0
5775,2014-01-09 00:00:00.0
5105,2014-01-09 00:00:00.0
929,2014-01-09 00:00:00.0
12393,2014-01-09 00:00:00.0
9168,2014-01-09 00:00:00.0
10039,2014-01-10 00:00:00.0
10901,2014-01-10 00:00:00.0
8333,2014-01-10 00:00:00.0
6927,2014-01-10 00:00:00.0
5105,2014-01-10 00:00:00.0
2983,2014-01-10 00:00:00.0
164,2014-01-10 00:00:00.0
1385,2014-01-10 00:00:00.0
6685,2014-01-10 00:00:00.0
9883,2014-01-10 00:00:00.0
685,2014-01-10 00:00:00.0
5481,2014-01-10 00:00:00.0
4961,2014-01-11 00:00:00.0
8146,2014-01-11 00:00:00.0
10168,2014-01-11 00:00:00.0
1762,2014-01-11 00:00:00.0
4535,2014-01-11 00:00:00.0
7881,2014-01-11 00:00:00.0
12431,2014-01-12 00:00:00.0
3163,2014-01-12 00:00:00.0
5851,2014-01-12 00:00:00.0
54,2014-01-12 00:00:00.0
3858,2014-01-12 00:00:00.0
10632,2014-01-12 00:00:00.0
7757,2014-01-12 00:00:00.0
4835,2014-01-12 00:00:00.0
13,2014-01-12 00:00:00.0
10122,2014-01-12 00:00:00.0
4560,2014-01-12 00:00:00.0
11728,2014-01-13 00:00:00.0
9844,2014-01-13 00:00:00.0
1109,2014-01-13 00:00:00.0
10458,2014-01-13 00:00:00.0
1424,2014-01-13 00:00:00.0
6958,2014-01-13 00:00:00.0
10519,2014-01-13 00:00:00.0
8146,2014-01-14 00:00:00.0
11218,2014-01-14 00:00:00.0
9945,2014-01-14 00:00:00.0
11232,2014-01-14 00:00:00.0
5104,2014-01-14 00:00:00.0
1904,2014-01-14 00:00:00.0
192,2014-01-14 00:00:00.0
11964,2014-01-14 00:00:00.0
894,2014-01-15 00:00:00.0
12069,2014-01-15 00:00:00.0
10841,2014-01-15 00:00:00.0
1876,2014-01-15 00:00:00.0
11620,2014-01-15 00:00:00.0
3082,2014-01-15 00:00:00.0
8013,2014-01-15 00:00:00.0
7998,2014-01-15 00:00:00.0
3709,2014-01-15 00:00:00.0
4276,2014-01-15 00:00:00.0
2958,2014-01-15 00:00:00.0
7771,2014-01-16 00:00:00.0
8928,2014-01-16 00:00:00.0
6074,2014-01-16 00:00:00.0
2000,2014-01-16 00:00:00.0
8929,2014-01-16 00:00:00.0
11535,2014-01-16 00:00:00.0
3813,2014-01-17 00:00:00.0
3726,2014-01-17 00:00:00.0
4017,2014-01-17 00:00:00.0
10815,2014-01-17 00:00:00.0
2367,2014-01-17 00:00:00.0
8180,2014-01-17 00:00:00.0
10898,2014-01-18 00:00:00.0
1131,2014-01-18 00:00:00.0
7786,2014-01-19 00:00:00.0
10164,2014-01-19 00:00:00.0
806,2014-01-19 00:00:00.0
39,2014-01-19 00:00:00.0
8760,2014-01-19 00:00:00.0
2437,2014-01-19 00:00:00.0
10617,2014-01-19 00:00:00.0
6341,2014-01-19 00:00:00.0
2331,2014-01-20 00:00:00.0
8203,2014-01-20 00:00:00.0
1107,2014-01-20 00:00:00.0
1924,2014-01-20 00:00:00.0
5568,2014-01-20 00:00:00.0
11778,2014-01-20 00:00:00.0
7121,2014-01-20 00:00:00.0
5844,2014-01-21 00:00:00.0
11704,2014-01-21 00:00:00.0
7295,2014-01-21 00:00:00.0
10969,2014-01-21 00:00:00.0
10053,2014-01-21 00:00:00.0
4080,2014-01-21 00:00:00.0
1528,2014-01-22 00:00:00.0
11343,2014-01-22 00:00:00.0
10936,2014-01-22 00:00:00.0
2176,2014-01-22 00:00:00.0
3567,2014-01-22 00:00:00.0
8790,2014-01-22 00:00:00.0
3685,2014-01-22 00:00:00.0
7849,2014-01-22 00:00:00.0
6341,2014-01-22 00:00:00.0
6181,2014-01-22 00:00:00.0
1909,2014-01-22 00:00:00.0
3885,2014-01-23 00:00:00.0
3204,2014-01-23 00:00:00.0
3147,2014-01-23 00:00:00.0
8352,2014-01-24 00:00:00.0
6151,2014-01-24 00:00:00.0
11987,2014-01-24 00:00:00.0
11342,2014-01-24 00:00:00.0
10092,2014-01-24 00:00:00.0
3720,2014-01-24 00:00:00.0
3200,2014-01-25 00:00:00.0
8460,2014-01-25 00:00:00.0
7233,2014-01-26 00:00:00.0
4331,2014-01-26 00:00:00.0
9459,2014-01-26 00:00:00.0
3660,2014-01-26 00:00:00.0
5672,2014-01-26 00:00:00.0
3317,2014-01-27 00:00:00.0
4349,2014-01-27 00:00:00.0
387,2014-01-27 00:00:00.0
12233,2014-01-27 00:00:00.0
5941,2014-01-28 00:00:00.0
9319,2014-01-28 00:00:00.0
1658,2014-01-28 00:00:00.0
11785,2014-01-28 00:00:00.0
1205,2014-01-28 00:00:00.0
11079,2014-01-29 00:00:00.0
61,2014-01-29 00:00:00.0
10192,2014-01-29 00:00:00.0
2485,2014-01-29 00:00:00.0
1125,2014-01-29 00:00:00.0
1302,2014-01-30 00:00:00.0
9954,2014-01-30 00:00:00.0
4574,2014-01-30 00:00:00.0
1695,2014-01-30 00:00:00.0
865,2014-01-30 00:00:00.0
3606,2014-01-30 00:00:00.0
5358,2014-01-30 00:00:00.0
3995,2014-01-31 00:00:00.0
5354,2014-01-31 00:00:00.0
1470,2014-01-31 00:00:00.0
5797,2014-01-31 00:00:00.0
4713,2014-01-31 00:00:00.0
1866,2014-01-31 00:00:00.0
6560,2014-02-01 00:00:00.0
9872,2014-02-01 00:00:00.0
2128,2014-02-01 00:00:00.0
8948,2014-02-01 00:00:00.0
1222,2014-02-01 00:00:00.0
10097,2014-02-01 00:00:00.0
6598,2014-02-01 00:00:00.0
586,2014-02-01 00:00:00.0
5543,2014-02-02 00:00:00.0
5041,2014-02-02 00:00:00.0
9194,2014-02-02 00:00:00.0
5211,2014-02-02 00:00:00.0
5789,2014-02-02 00:00:00.0
10741,2014-02-02 00:00:00.0
521,2014-02-02 00:00:00.0
3179,2014-02-02 00:00:00.0
5787,2014-02-02 00:00:00.0
5060,2014-02-03 00:00:00.0
11061,2014-02-03 00:00:00.0
9924,2014-02-03 00:00:00.0
3050,2014-02-03 00:00:00.0
6109,2014-02-03 00:00:00.0
11857,2014-02-03 00:00:00.0
9126,2014-02-04 00:00:00.0
4274,2014-02-04 00:00:00.0
3360,2014-02-04 00:00:00.0
3271,2014-02-04 00:00:00.0
1064,2014-02-04 00:00:00.0
3163,2014-02-04 00:00:00.0
8180,2014-02-04 00:00:00.0
4622,2014-02-04 00:00:00.0
3302,2014-02-04 00:00:00.0
8980,2014-02-05 00:00:00.0
11721,2014-02-05 00:00:00.0
6961,2014-02-05 00:00:00.0
3138,2014-02-05 00:00:00.0
8529,2014-02-05 00:00:00.0
6975,2014-02-05 00:00:00.0
2871,2014-02-05 00:00:00.0
4990,2014-02-06 00:00:00.0
979,2014-02-06 00:00:00.0
9230,2014-02-06 00:00:00.0
2644,2014-02-06 00:00:00.0
7730,2014-02-06 00:00:00.0
5935,2014-02-06 00:00:00.0
11133,2014-02-07 00:00:00.0
3954,2014-02-07 00:00:00.0
11504,2014-02-07 00:00:00.0
12069,2014-02-07 00:00:00.0
952,2014-02-09 00:00:00.0
8697,2014-02-09 00:00:00.0
6302,2014-02-09 00:00:00.0
4638,2014-02-09 00:00:00.0
8229,2014-02-09 00:00:00.0
7319,2014-02-09 00:00:00.0
5888,2014-02-09 00:00:00.0
10147,2014-02-09 00:00:00.0
2873,2014-02-09 00:00:00.0
8863,2014-02-10 00:00:00.0
5103,2014-02-10 00:00:00.0
7684,2014-02-10 00:00:00.0
644,2014-02-10 00:00:00.0
3071,2014-02-10 00:00:00.0
7039,2014-02-10 00:00:00.0
2805,2014-02-10 00:00:00.0
5751,2014-02-10 00:00:00.0
3954,2014-02-10 00:00:00.0
4684,2014-02-11 00:00:00.0
8948,2014-02-11 00:00:00.0
6773,2014-02-11 00:00:00.0
1983,2014-02-11 00:00:00.0
11366,2014-02-12 00:00:00.0
5377,2014-02-12 00:00:00.0
6315,2014-02-12 00:00:00.0
1175,2014-02-12 00:00:00.0
9821,2014-02-12 00:00:00.0
6026,2014-02-12 00:00:00.0
4158,2014-02-12 00:00:00.0
3023,2014-02-12 00:00:00.0
6285,2014-02-12 00:00:00.0
10304,2014-02-12 00:00:00.0
5821,2014-02-13 00:00:00.0
2907,2014-02-13 00:00:00.0
8804,2014-02-13 00:00:00.0
10650,2014-02-13 00:00:00.0
10182,2014-02-13 00:00:00.0
9724,2014-02-13 00:00:00.0
4236,2014-02-13 00:00:00.0
1564,2014-02-13 00:00:00.0
4737,2014-02-14 00:00:00.0
2909,2014-02-14 00:00:00.0
10108,2014-02-14 00:00:00.0
453,2014-02-14 00:00:00.0
9169,2014-02-14 00:00:00.0
1575,2014-02-15 00:00:00.0
9632,2014-02-15 00:00:00.0
10888,2014-02-15 00:00:00.0
12142,2014-02-15 00:00:00.0
140,2014-02-15 00:00:00.0
5063,2014-02-15 00:00:00.0
8710,2014-02-16 00:00:00.0
9116,2014-02-16 00:00:00.0
4680,2014-02-16 00:00:00.0
1804,2014-02-16 00:00:00.0
9801,2014-02-16 00:00:00.0
7862,2014-02-16 00:00:00.0
11648,2014-02-16 00:00:00.0
1348,2014-02-16 00:00:00.0
4078,2014-02-16 00:00:00.0
6995,2014-02-16 00:00:00.0
6986,2014-02-16 00:00:00.0
8761,2014-02-16 00:00:00.0
5543,2014-02-16 00:00:00.0
7036,2014-02-16 00:00:00.0
10747,2014-02-16 00:00:00.0
8270,2014-02-16 00:00:00.0
1684,2014-02-17 00:00:00.0
9954,2014-02-17 00:00:00.0
4133,2014-02-17 00:00:00.0
10577,2014-02-17 00:00:00.0
9604,2014-02-17 00:00:00.0
11783,2014-02-17 00:00:00.0
5966,2014-02-17 00:00:00.0
2249,2014-02-17 00:00:00.0
6007,2014-02-18 00:00:00.0
6611,2014-02-18 00:00:00.0
6184,2014-02-18 00:00:00.0
9823,2014-02-18 00:00:00.0
6811,2014-02-18 00:00:00.0
249,2014-02-18 00:00:00.0
5569,2014-02-18 00:00:00.0
3354,2014-02-18 00:00:00.0
7191,2014-02-19 00:00:00.0
7786,2014-02-19 00:00:00.0
8637,2014-02-19 00:00:00.0
8927,2014-02-19 00:00:00.0
8143,2014-02-19 00:00:00.0
4877,2014-02-20 00:00:00.0
7888,2014-02-20 00:00:00.0
10106,2014-02-20 00:00:00.0
1224,2014-02-20 00:00:00.0
12069,2014-02-21 00:00:00.0
559,2014-02-21 00:00:00.0
312,2014-02-21 00:00:00.0
4407,2014-02-21 00:00:00.0
1069,2014-02-21 00:00:00.0
11706,2014-02-22 00:00:00.0
10656,2014-02-22 00:00:00.0
6279,2014-02-22 00:00:00.0
10902,2014-02-22 00:00:00.0
11535,2014-02-23 00:00:00.0
2248,2014-02-23 00:00:00.0
11478,2014-02-23 00:00:00.0
3478,2014-02-23 00:00:00.0
798,2014-02-23 00:00:00.0
1285,2014-02-23 00:00:00.0
8348,2014-02-23 00:00:00.0
3302,2014-02-23 00:00:00.0
137,2014-02-24 00:00:00.0
4799,2014-02-24 00:00:00.0
9622,2014-02-24 00:00:00.0
1032,2014-02-24 00:00:00.0
5640,2014-02-24 00:00:00.0
10430,2014-02-24 00:00:00.0
7268,2014-02-25 00:00:00.0
4817,2014-02-25 00:00:00.0
11984,2014-02-25 00:00:00.0
11324,2014-02-25 00:00:00.0
140,2014-02-25 00:00:00.0
6573,2014-02-25 00:00:00.0
11734,2014-02-25 00:00:00.0
7661,2014-02-25 00:00:00.0
12214,2014-02-25 00:00:00.0
245,2014-02-25 00:00:00.0
12037,2014-02-25 00:00:00.0
7421,2014-02-26 00:00:00.0
11286,2014-02-26 00:00:00.0
7692,2014-02-26 00:00:00.0
9200,2014-02-27 00:00:00.0
4875,2014-02-27 00:00:00.0
12051,2014-02-27 00:00:00.0
9775,2014-02-27 00:00:00.0
2357,2014-02-27 00:00:00.0
3818,2014-02-27 00:00:00.0
5074,2014-02-27 00:00:00.0
3724,2014-02-27 00:00:00.0
3871,2014-02-27 00:00:00.0
1746,2014-02-28 00:00:00.0
5986,2014-02-28 00:00:00.0
2922,2014-02-28 00:00:00.0
7589,2014-02-28 00:00:00.0
3995,2014-03-01 00:00:00.0
3969,2014-03-01 00:00:00.0
1705,2014-03-01 00:00:00.0
3566,2014-03-01 00:00:00.0
4422,2014-03-01 00:00:00.0
9743,2014-03-01 00:00:00.0
5734,2014-03-01 00:00:00.0
11679,2014-03-01 00:00:00.0
912,2014-03-01 00:00:00.0
10039,2014-03-02 00:00:00.0
8451,2014-03-02 00:00:00.0
2378,2014-03-02 00:00:00.0
1202,2014-03-02 00:00:00.0
5291,2014-03-02 00:00:00.0
941,2014-03-03 00:00:00.0
4295,2014-03-03 00:00:00.0
11490,2014-03-03 00:00:00.0
4105,2014-03-03 00:00:00.0
11647,2014-03-03 00:00:00.0
9208,2014-03-03 00:00:00.0
3812,2014-03-03 00:00:00.0
6381,2014-03-03 00:00:00.0
10307,2014-03-03 00:00:00.0
7090,2014-03-04 00:00:00.0
10567,2014-03-04 00:00:00.0
9788,2014-03-04 00:00:00.0
11294,2014-03-04 00:00:00.0
8474,2014-03-04 00:00:00.0
9084,2014-03-04 00:00:00.0
6330,2014-03-04 00:00:00.0
6660,2014-03-04 00:00:00.0
10610,2014-03-04 00:00:00.0
2482,2014-03-04 00:00:00.0
2194,2014-03-04 00:00:00.0
275,2014-03-04 00:00:00.0
1684,2014-03-05 00:00:00.0
6994,2014-03-05 00:00:00.0
4427,2014-03-05 00:00:00.0
11245,2014-03-05 00:00:00.0
1058,2014-03-05 00:00:00.0
9663,2014-03-05 00:00:00.0
12257,2014-03-05 00:00:00.0
10664,2014-03-05 00:00:00.0
11087,2014-03-05 00:00:00.0
12234,2014-03-06 00:00:00.0
3925,2014-03-06 00:00:00.0
11753,2014-03-06 00:00:00.0
2121,2014-03-06 00:00:00.0
3747,2014-03-06 00:00:00.0
5897,2014-03-06 00:00:00.0
1322,2014-03-06 00:00:00.0
11709,2014-03-06 00:00:00.0
9197,2014-03-06 00:00:00.0
9003,2014-03-06 00:00:00.0
6106,2014-03-06 00:00:00.0
6975,2014-03-06 00:00:00.0
10350,2014-03-07 00:00:00.0
6679,2014-03-07 00:00:00.0
10340,2014-03-07 00:00:00.0
8534,2014-03-07 00:00:00.0
7330,2014-03-08 00:00:00.0
12009,2014-03-08 00:00:00.0
6228,2014-03-08 00:00:00.0
11316,2014-03-08 00:00:00.0
7294,2014-03-08 00:00:00.0
3700,2014-03-10 00:00:00.0
5158,2014-03-10 00:00:00.0
9728,2014-03-10 00:00:00.0
6773,2014-03-10 00:00:00.0
6227,2014-03-10 00:00:00.0
9198,2014-03-10 00:00:00.0
8270,2014-03-10 00:00:00.0
10217,2014-03-10 00:00:00.0
6463,2014-03-10 00:00:00.0
7813,2014-03-10 00:00:00.0
12406,2014-03-11 00:00:00.0
8860,2014-03-11 00:00:00.0
11784,2014-03-11 00:00:00.0
2870,2014-03-11 00:00:00.0
1221,2014-03-11 00:00:00.0
7329,2014-03-11 00:00:00.0
1853,2014-03-11 00:00:00.0
6316,2014-03-11 00:00:00.0
9164,2014-03-11 00:00:00.0
9768,2014-03-11 00:00:00.0
4049,2014-03-12 00:00:00.0
128,2014-03-12 00:00:00.0
12341,2014-03-12 00:00:00.0
6865,2014-03-12 00:00:00.0
10067,2014-03-12 00:00:00.0
2573,2014-03-12 00:00:00.0
4535,2014-03-12 00:00:00.0
4457,2014-03-12 00:00:00.0
5203,2014-03-13 00:00:00.0
2644,2014-03-13 00:00:00.0
12144,2014-03-14 00:00:00.0
2136,2014-03-14 00:00:00.0
10902,2014-03-14 00:00:00.0
7643,2014-03-14 00:00:00.0
5465,2014-03-14 00:00:00.0
9200,2014-03-14 00:00:00.0
10977,2014-03-14 00:00:00.0
12081,2014-03-14 00:00:00.0
4724,2014-03-14 00:00:00.0
12360,2014-03-14 00:00:00.0
12429,2014-03-14 00:00:00.0
9633,2014-03-14 00:00:00.0
6181,2014-03-14 00:00:00.0
11223,2014-03-15 00:00:00.0
5059,2014-03-15 00:00:00.0
165,2014-03-15 00:00:00.0
8387,2014-03-15 00:00:00.0
9253,2014-03-15 00:00:00.0
5652,2014-03-15 00:00:00.0
5785,2014-03-15 00:00:00.0
5271,2014-03-16 00:00:00.0
9944,2014-03-16 00:00:00.0
9407,2014-03-16 00:00:00.0
6773,2014-03-16 00:00:00.0
5656,2014-03-16 00:00:00.0
1761,2014-03-16 00:00:00.0
3957,2014-03-18 00:00:00.0
11048,2014-03-18 00:00:00.0
4203,2014-03-18 00:00:00.0
9664,2014-03-18 00:00:00.0
187,2014-03-18 00:00:00.0
809,2014-03-18 00:00:00.0
10982,2014-03-19 00:00:00.0
11139,2014-03-19 00:00:00.0
2163,2014-03-19 00:00:00.0
5127,2014-03-19 00:00:00.0
11566,2014-03-19 00:00:00.0
6407,2014-03-19 00:00:00.0
10370,2014-03-19 00:00:00.0
6463,2014-03-20 00:00:00.0
6348,2014-03-20 00:00:00.0
6795,2014-03-20 00:00:00.0
12026,2014-03-20 00:00:00.0
11344,2014-03-20 00:00:00.0
11728,2014-03-20 00:00:00.0
11763,2014-03-21 00:00:00.0
10182,2014-03-21 00:00:00.0
1543,2014-03-21 00:00:00.0
9613,2014-03-22 00:00:00.0
929,2014-03-22 00:00:00.0
8683,2014-03-22 00:00:00.0
1605,2014-03-22 00:00:00.0
492,2014-03-22 00:00:00.0
4728,2014-03-22 00:00:00.0
8685,2014-03-23 00:00:00.0
2511,2014-03-23 00:00:00.0
1958,2014-03-23 00:00:00.0
2485,2014-03-23 00:00:00.0
5941,2014-03-23 00:00:00.0
1658,2014-03-23 00:00:00.0
4945,2014-03-23 00:00:00.0
6304,2014-03-23 00:00:00.0
3493,2014-03-23 00:00:00.0
4116,2014-03-23 00:00:00.0
5297,2014-03-24 00:00:00.0
11390,2014-03-24 00:00:00.0
2207,2014-03-24 00:00:00.0
3029,2014-03-24 00:00:00.0
6376,2014-03-24 00:00:00.0
3304,2014-03-25 00:00:00.0
11824,2014-03-25 00:00:00.0
165,2014-03-26 00:00:00.0
9164,2014-03-26 00:00:00.0
11523,2014-03-26 00:00:00.0
12166,2014-03-26 00:00:00.0
10765,2014-03-26 00:00:00.0
4498,2014-03-26 00:00:00.0
4958,2014-03-26 00:00:00.0
4131,2014-03-27 00:00:00.0
11264,2014-03-27 00:00:00.0
9573,2014-03-27 00:00:00.0
11891,2014-03-27 00:00:00.0
8069,2014-03-27 00:00:00.0
5640,2014-03-27 00:00:00.0
7243,2014-03-28 00:00:00.0
1909,2014-03-28 00:00:00.0
4259,2014-03-28 00:00:00.0
9253,2014-03-29 00:00:00.0
9580,2014-03-29 00:00:00.0
12058,2014-03-30 00:00:00.0
9445,2014-03-30 00:00:00.0
2249,2014-03-30 00:00:00.0
11375,2014-03-30 00:00:00.0
3597,2014-03-30 00:00:00.0
5546,2014-03-30 00:00:00.0
3977,2014-03-30 00:00:00.0
9632,2014-03-30 00:00:00.0
9728,2014-03-31 00:00:00.0
1411,2014-03-31 00:00:00.0
12019,2014-03-31 00:00:00.0
107,2014-03-31 00:00:00.0
5588,2014-03-31 00:00:00.0
6928,2014-03-31 00:00:00.0
4098,2014-03-31 00:00:00.0
11706,2014-03-31 00:00:00.0
4406,2014-03-31 00:00:00.0
11264,2014-03-31 00:00:00.0
7362,2014-03-31 00:00:00.0
12098,2014-04-01 00:00:00.0
8155,2014-04-01 00:00:00.0
697,2014-04-01 00:00:00.0
6896,2014-04-01 00:00:00.0
4684,2014-04-01 00:00:00.0
317,2014-04-01 00:00:00.0
11113,2014-04-01 00:00:00.0
9558,2014-04-01 00:00:00.0
5465,2014-04-01 00:00:00.0
5935,2014-04-01 00:00:00.0
3814,2014-04-01 00:00:00.0
8379,2014-04-01 00:00:00.0
7160,2014-04-02 00:00:00.0
8021,2014-04-02 00:00:00.0
2634,2014-04-02 00:00:00.0
10809,2014-04-02 00:00:00.0
7687,2014-04-02 00:00:00.0
2509,2014-04-02 00:00:00.0
10011,2014-04-02 00:00:00.0
7478,2014-04-02 00:00:00.0
4108,2014-04-02 00:00:00.0
9663,2014-04-02 00:00:00.0
12081,2014-04-02 00:00:00.0
11458,2014-04-02 00:00:00.0
6655,2014-04-02 00:00:00.0
5356,2014-04-02 00:00:00.0
9586,2014-04-03 00:00:00.0
7411,2014-04-03 00:00:00.0
2919,2014-04-03 00:00:00.0
3451,2014-04-03 00:00:00.0
831,2014-04-03 00:00:00.0
3355,2014-04-04 00:00:00.0
4929,2014-04-04 00:00:00.0
3282,2014-04-04 00:00:00.0
7774,2014-04-04 00:00:00.0
7468,2014-04-04 00:00:00.0
12363,2014-04-04 00:00:00.0
6731,2014-04-04 00:00:00.0
5103,2014-04-04 00:00:00.0
12411,2014-04-05 00:00:00.0
11041,2014-04-05 00:00:00.0
2021,2014-04-05 00:00:00.0
10081,2014-04-05 00:00:00.0
5624,2014-04-05 00:00:00.0
7986,2014-04-06 00:00:00.0
12285,2014-04-06 00:00:00.0
297,2014-04-06 00:00:00.0
3553,2014-04-06 00:00:00.0
2486,2014-04-06 00:00:00.0
8017,2014-04-06 00:00:00.0
175,2014-04-06 00:00:00.0
1627,2014-04-07 00:00:00.0
1292,2014-04-08 00:00:00.0
10031,2014-04-08 00:00:00.0
2805,2014-04-08 00:00:00.0
10849,2014-04-08 00:00:00.0
1038,2014-04-08 00:00:00.0
1222,2014-04-08 00:00:00.0
3478,2014-04-08 00:00:00.0
3717,2014-04-08 00:00:00.0
3006,2014-04-08 00:00:00.0
11531,2014-04-08 00:00:00.0
5995,2014-04-08 00:00:00.0
1323,2014-04-08 00:00:00.0
10999,2014-04-08 00:00:00.0
2937,2014-04-09 00:00:00.0
6089,2014-04-09 00:00:00.0
2021,2014-04-09 00:00:00.0
8163,2014-04-09 00:00:00.0
7600,2014-04-09 00:00:00.0
11884,2014-04-09 00:00:00.0
8638,2014-04-09 00:00:00.0
2748,2014-04-09 00:00:00.0
3282,2014-04-09 00:00:00.0
192,2014-04-09 00:00:00.0
2134,2014-04-09 00:00:00.0
722,2014-04-10 00:00:00.0
8530,2014-04-10 00:00:00.0
10957,2014-04-10 00:00:00.0
11977,2014-04-10 00:00:00.0
9168,2014-04-10 00:00:00.0
3402,2014-04-10 00:00:00.0
7648,2014-04-11 00:00:00.0
10994,2014-04-11 00:00:00.0
8502,2014-04-12 00:00:00.0
563,2014-04-12 00:00:00.0
8578,2014-04-12 00:00:00.0
5145,2014-04-12 00:00:00.0
4744,2014-04-12 00:00:00.0
4654,2014-04-12 00:00:00.0
34,2014-04-12 00:00:00.0
3221,2014-04-13 00:00:00.0
7780,2014-04-13 00:00:00.0
3110,2014-04-13 00:00:00.0
5063,2014-04-13 00:00:00.0
9944,2014-04-13 00:00:00.0
9238,2014-04-13 00:00:00.0
10370,2014-04-14 00:00:00.0
245,2014-04-15 00:00:00.0
8978,2014-04-15 00:00:00.0
7573,2014-04-15 00:00:00.0
1175,2014-04-15 00:00:00.0
4388,2014-04-15 00:00:00.0
2946,2014-04-16 00:00:00.0
8240,2014-04-16 00:00:00.0
2720,2014-04-16 00:00:00.0
2041,2014-04-16 00:00:00.0
8384,2014-04-16 00:00:00.0
11953,2014-04-16 00:00:00.0
8129,2014-04-16 00:00:00.0
7330,2014-04-17 00:00:00.0
7354,2014-04-18 00:00:00.0
12047,2014-04-18 00:00:00.0
11503,2014-04-18 00:00:00.0
1205,2014-04-18 00:00:00.0
12109,2014-04-18 00:00:00.0
1662,2014-04-18 00:00:00.0
3741,2014-04-18 00:00:00.0
2477,2014-04-18 00:00:00.0
1377,2014-04-18 00:00:00.0
8337,2014-04-19 00:00:00.0
5329,2014-04-19 00:00:00.0
6670,2014-04-19 00:00:00.0
5952,2014-04-20 00:00:00.0
1624,2014-04-20 00:00:00.0
5497,2014-04-20 00:00:00.0
10730,2014-04-20 00:00:00.0
4958,2014-04-20 00:00:00.0
8603,2014-04-20 00:00:00.0
345,2014-04-20 00:00:00.0
6656,2014-04-21 00:00:00.0
10386,2014-04-21 00:00:00.0
3501,2014-04-21 00:00:00.0
9598,2014-04-21 00:00:00.0
938,2014-04-21 00:00:00.0
2683,2014-04-21 00:00:00.0
12406,2014-04-21 00:00:00.0
9754,2014-04-21 00:00:00.0
4410,2014-04-21 00:00:00.0
11154,2014-04-21 00:00:00.0
12368,2014-04-21 00:00:00.0
6075,2014-04-22 00:00:00.0
7954,2014-04-22 00:00:00.0
10925,2014-04-23 00:00:00.0
11571,2014-04-23 00:00:00.0
198,2014-04-23 00:00:00.0
6995,2014-04-23 00:00:00.0
12294,2014-04-23 00:00:00.0
2243,2014-04-23 00:00:00.0
6289,2014-04-24 00:00:00.0
604,2014-04-24 00:00:00.0
6121,2014-04-24 00:00:00.0
119,2014-04-24 00:00:00.0
9234,2014-04-25 00:00:00.0
1639,2014-04-25 00:00:00.0
4628,2014-04-25 00:00:00.0
6529,2014-04-25 00:00:00.0
5351,2014-04-25 00:00:00.0
7891,2014-04-25 00:00:00.0
5393,2014-04-25 00:00:00.0
2097,2014-04-25 00:00:00.0
3512,2014-04-25 00:00:00.0
9922,2014-04-25 00:00:00.0
5073,2014-04-25 00:00:00.0
9079,2014-04-25 00:00:00.0
10118,2014-04-25 00:00:00.0
9636,2014-04-25 00:00:00.0
9664,2014-04-26 00:00:00.0
1395,2014-04-26 00:00:00.0
870,2014-04-26 00:00:00.0
4743,2014-04-26 00:00:00.0
11081,2014-04-26 00:00:00.0
7884,2014-04-26 00:00:00.0
12274,2014-04-26 00:00:00.0
4830,2014-04-26 00:00:00.0
9604,2014-04-26 00:00:00.0
5039,2014-04-26 00:00:00.0
6670,2014-04-27 00:00:00.0
11808,2014-04-27 00:00:00.0
3706,2014-04-27 00:00:00.0
1739,2014-04-27 00:00:00.0
4818,2014-04-27 00:00:00.0
5873,2014-04-27 00:00:00.0
8105,2014-04-27 00:00:00.0
4289,2014-04-28 00:00:00.0
11015,2014-04-29 00:00:00.0
8113,2014-04-29 00:00:00.0
11048,2014-04-29 00:00:00.0
544,2014-04-29 00:00:00.0
6348,2014-04-30 00:00:00.0
12361,2014-04-30 00:00:00.0
6670,2014-04-30 00:00:00.0
8641,2014-04-30 00:00:00.0
8211,2014-04-30 00:00:00.0
10555,2014-05-01 00:00:00.0
7080,2014-05-01 00:00:00.0
8375,2014-05-02 00:00:00.0
6524,2014-05-02 00:00:00.0
154,2014-05-02 00:00:00.0
12391,2014-05-02 00:00:00.0
8217,2014-05-02 00:00:00.0
7390,2014-05-03 00:00:00.0
2035,2014-05-03 00:00:00.0
1632,2014-05-03 00:00:00.0
6237,2014-05-03 00:00:00.0
5272,2014-05-03 00:00:00.0
9996,2014-05-03 00:00:00.0
7380,2014-05-03 00:00:00.0
7997,2014-05-03 00:00:00.0
4830,2014-05-03 00:00:00.0
1257,2014-05-04 00:00:00.0
8078,2014-05-04 00:00:00.0
8551,2014-05-04 00:00:00.0
11303,2014-05-04 00:00:00.0
3562,2014-05-04 00:00:00.0
10441,2014-05-05 00:00:00.0
3723,2014-05-05 00:00:00.0
11847,2014-05-05 00:00:00.0
7282,2014-05-05 00:00:00.0
10357,2014-05-05 00:00:00.0
5867,2014-05-05 00:00:00.0
1880,2014-05-05 00:00:00.0
598,2014-05-05 00:00:00.0
9613,2014-05-06 00:00:00.0
7354,2014-05-06 00:00:00.0
4004,2014-05-06 00:00:00.0
4535,2014-05-06 00:00:00.0
2551,2014-05-06 00:00:00.0
2829,2014-05-06 00:00:00.0
10823,2014-05-06 00:00:00.0
8075,2014-05-06 00:00:00.0
1850,2014-05-06 00:00:00.0
7080,2014-05-06 00:00:00.0
10634,2014-05-07 00:00:00.0
8369,2014-05-07 00:00:00.0
11860,2014-05-07 00:00:00.0
938,2014-05-07 00:00:00.0
11899,2014-05-07 00:00:00.0
290,2014-05-07 00:00:00.0
11554,2014-05-07 00:00:00.0
11011,2014-05-08 00:00:00.0
4098,2014-05-08 00:00:00.0
3110,2014-05-09 00:00:00.0
11237,2014-05-09 00:00:00.0
5687,2014-05-09 00:00:00.0
6565,2014-05-09 00:00:00.0
1601,2014-05-09 00:00:00.0
6688,2014-05-10 00:00:00.0
12355,2014-05-10 00:00:00.0
1940,2014-05-10 00:00:00.0
12072,2014-05-10 00:00:00.0
8684,2014-05-11 00:00:00.0
8180,2014-05-11 00:00:00.0
8027,2014-05-11 00:00:00.0
6928,2014-05-11 00:00:00.0
6417,2014-05-11 00:00:00.0
7537,2014-05-11 00:00:00.0
7200,2014-05-11 00:00:00.0
10039,2014-05-11 00:00:00.0
3135,2014-05-11 00:00:00.0
9872,2014-05-12 00:00:00.0
9573,2014-05-12 00:00:00.0
5624,2014-05-12 00:00:00.0
5064,2014-05-12 00:00:00.0
1447,2014-05-13 00:00:00.0
11182,2014-05-13 00:00:00.0
1413,2014-05-13 00:00:00.0
9876,2014-05-13 00:00:00.0
5009,2014-05-14 00:00:00.0
461,2014-05-14 00:00:00.0
7487,2014-05-14 00:00:00.0
1156,2014-05-14 00:00:00.0
10846,2014-05-14 00:00:00.0
11395,2014-05-14 00:00:00.0
12021,2014-05-14 00:00:00.0
7949,2014-05-14 00:00:00.0
1854,2014-05-14 00:00:00.0
5951,2014-05-14 00:00:00.0
7328,2014-05-15 00:00:00.0
1377,2014-05-15 00:00:00.0
8015,2014-05-15 00:00:00.0
12355,2014-05-15 00:00:00.0
9304,2014-05-15 00:00:00.0
7088,2014-05-15 00:00:00.0
11236,2014-05-16 00:00:00.0
2648,2014-05-16 00:00:00.0
1491,2014-05-16 00:00:00.0
7677,2014-05-16 00:00:00.0
10815,2014-05-16 00:00:00.0
2427,2014-05-16 00:00:00.0
3702,2014-05-17 00:00:00.0
10131,2014-05-17 00:00:00.0
2600,2014-05-17 00:00:00.0
7326,2014-05-17 00:00:00.0
8792,2014-05-18 00:00:00.0
2192,2014-05-18 00:00:00.0
10679,2014-05-18 00:00:00.0
8726,2014-05-18 00:00:00.0
2709,2014-05-18 00:00:00.0
4864,2014-05-19 00:00:00.0
3127,2014-05-20 00:00:00.0
11881,2014-05-20 00:00:00.0
8157,2014-05-20 00:00:00.0
11531,2014-05-20 00:00:00.0
6514,2014-05-20 00:00:00.0
3522,2014-05-21 00:00:00.0
9513,2014-05-21 00:00:00.0
6838,2014-05-21 00:00:00.0
10022,2014-05-21 00:00:00.0
8188,2014-05-21 00:00:00.0
450,2014-05-21 00:00:00.0
11079,2014-05-21 00:00:00.0
12162,2014-05-21 00:00:00.0
9278,2014-05-22 00:00:00.0
6902,2014-05-22 00:00:00.0
11149,2014-05-22 00:00:00.0
6393,2014-05-23 00:00:00.0
10634,2014-05-23 00:00:00.0
6412,2014-05-23 00:00:00.0
6706,2014-05-23 00:00:00.0
4068,2014-05-24 00:00:00.0
4474,2014-05-24 00:00:00.0
10360,2014-05-24 00:00:00.0
2972,2014-05-25 00:00:00.0
3624,2014-05-25 00:00:00.0
8838,2014-05-25 00:00:00.0
586,2014-05-25 00:00:00.0
7737,2014-05-26 00:00:00.0
10372,2014-05-26 00:00:00.0
6588,2014-05-26 00:00:00.0
1355,2014-05-27 00:00:00.0
4313,2014-05-27 00:00:00.0
10694,2014-05-27 00:00:00.0
9882,2014-05-28 00:00:00.0
10626,2014-05-28 00:00:00.0
3471,2014-05-28 00:00:00.0
3587,2014-05-28 00:00:00.0
10318,2014-05-28 00:00:00.0
4853,2014-05-28 00:00:00.0
3206,2014-05-28 00:00:00.0
11751,2014-05-28 00:00:00.0
3554,2014-05-29 00:00:00.0
4273,2014-05-29 00:00:00.0
3935,2014-05-29 00:00:00.0
1470,2014-05-29 00:00:00.0
4008,2014-05-30 00:00:00.0
5371,2014-05-30 00:00:00.0
818,2014-05-30 00:00:00.0
3813,2014-05-30 00:00:00.0
6346,2014-05-30 00:00:00.0
3877,2014-05-31 00:00:00.0
7187,2014-05-31 00:00:00.0
422,2014-05-31 00:00:00.0
12045,2014-05-31 00:00:00.0
10213,2014-06-01 00:00:00.0
2702,2014-06-01 00:00:00.0
2881,2014-06-01 00:00:00.0
6967,2014-06-01 00:00:00.0
1624,2014-06-01 00:00:00.0
2476,2014-06-01 00:00:00.0
10665,2014-06-02 00:00:00.0
7221,2014-06-02 00:00:00.0
7245,2014-06-02 00:00:00.0
3554,2014-06-02 00:00:00.0
1270,2014-06-02 00:00:00.0
5082,2014-06-02 00:00:00.0
10275,2014-06-02 00:00:00.0
11413,2014-06-02 00:00:00.0
4918,2014-06-02 00:00:00.0
6615,2014-06-03 00:00:00.0
3224,2014-06-03 00:00:00.0
10926,2014-06-03 00:00:00.0
1419,2014-06-03 00:00:00.0
11784,2014-06-04 00:00:00.0
8293,2014-06-04 00:00:00.0
9380,2014-06-05 00:00:00.0
9277,2014-06-05 00:00:00.0
5425,2014-06-05 00:00:00.0
12315,2014-06-05 00:00:00.0
1013,2014-06-05 00:00:00.0
1804,2014-06-06 00:00:00.0
8773,2014-06-06 00:00:00.0
5393,2014-06-06 00:00:00.0
7056,2014-06-06 00:00:00.0
10817,2014-06-06 00:00:00.0
8596,2014-06-07 00:00:00.0
2056,2014-06-07 00:00:00.0
4261,2014-06-07 00:00:00.0
1507,2014-06-07 00:00:00.0
2406,2014-06-07 00:00:00.0
9345,2014-06-07 00:00:00.0
3724,2014-06-08 00:00:00.0
5100,2014-06-08 00:00:00.0
11144,2014-06-08 00:00:00.0
2608,2014-06-08 00:00:00.0
8174,2014-06-08 00:00:00.0
11128,2014-06-08 00:00:00.0
6330,2014-06-08 00:00:00.0
1032,2014-06-08 00:00:00.0
11801,2014-06-08 00:00:00.0
256,2014-06-08 00:00:00.0
4135,2014-06-08 00:00:00.0
3264,2014-06-08 00:00:00.0
4742,2014-06-08 00:00:00.0
6735,2014-06-08 00:00:00.0
10864,2014-06-08 00:00:00.0
4863,2014-06-08 00:00:00.0
6729,2014-06-09 00:00:00.0
577,2014-06-09 00:00:00.0
352,2014-06-09 00:00:00.0
6302,2014-06-09 00:00:00.0
528,2014-06-09 00:00:00.0
4832,2014-06-09 00:00:00.0
2108,2014-06-09 00:00:00.0
2511,2014-06-09 00:00:00.0
6045,2014-06-09 00:00:00.0
1518,2014-06-09 00:00:00.0
4983,2014-06-09 00:00:00.0
5548,2014-06-09 00:00:00.0
10657,2014-06-09 00:00:00.0
9501,2014-06-10 00:00:00.0
9399,2014-06-10 00:00:00.0
3977,2014-06-10 00:00:00.0
261,2014-06-10 00:00:00.0
2652,2014-06-11 00:00:00.0
6007,2014-06-11 00:00:00.0
10300,2014-06-11 00:00:00.0
2680,2014-06-12 00:00:00.0
4899,2014-06-12 00:00:00.0
8833,2014-06-12 00:00:00.0
6482,2014-06-12 00:00:00.0
638,2014-06-13 00:00:00.0
6213,2014-06-13 00:00:00.0
5046,2014-06-13 00:00:00.0
438,2014-06-13 00:00:00.0
3457,2014-06-13 00:00:00.0
6288,2014-06-13 00:00:00.0
8348,2014-06-14 00:00:00.0
7294,2014-06-14 00:00:00.0
8234,2014-06-14 00:00:00.0
8815,2014-06-14 00:00:00.0
3154,2014-06-14 00:00:00.0
7677,2014-06-15 00:00:00.0
12431,2014-06-15 00:00:00.0
3797,2014-06-15 00:00:00.0
128,2014-06-16 00:00:00.0
6122,2014-06-16 00:00:00.0
4838,2014-06-16 00:00:00.0
7747,2014-06-16 00:00:00.0
10163,2014-06-16 00:00:00.0
3556,2014-06-16 00:00:00.0
5207,2014-06-17 00:00:00.0
1166,2014-06-17 00:00:00.0
3555,2014-06-17 00:00:00.0
3019,2014-06-17 00:00:00.0
10408,2014-06-18 00:00:00.0
7412,2014-06-18 00:00:00.0
8206,2014-06-18 00:00:00.0
4756,2014-06-18 00:00:00.0
8616,2014-06-18 00:00:00.0
2354,2014-06-19 00:00:00.0
4282,2014-06-19 00:00:00.0
7861,2014-06-19 00:00:00.0
5938,2014-06-19 00:00:00.0
1695,2014-06-19 00:00:00.0
12032,2014-06-19 00:00:00.0
7422,2014-06-19 00:00:00.0
9639,2014-06-20 00:00:00.0
6159,2014-06-20 00:00:00.0
6318,2014-06-20 00:00:00.0
5478,2014-06-21 00:00:00.0
9278,2014-06-21 00:00:00.0
236,2014-06-22 00:00:00.0
2053,2014-06-22 00:00:00.0
2787,2014-06-22 00:00:00.0
6412,2014-06-22 00:00:00.0
8499,2014-06-22 00:00:00.0
1608,2014-06-22 00:00:00.0
11488,2014-06-23 00:00:00.0
8907,2014-06-23 00:00:00.0
3213,2014-06-23 00:00:00.0
5047,2014-06-23 00:00:00.0
3251,2014-06-23 00:00:00.0
10488,2014-06-24 00:00:00.0
465,2014-06-24 00:00:00.0
4126,2014-06-24 00:00:00.0
2719,2014-06-25 00:00:00.0
5857,2014-06-25 00:00:00.0
5335,2014-06-25 00:00:00.0
2243,2014-06-25 00:00:00.0
9505,2014-06-26 00:00:00.0
10480,2014-06-26 00:00:00.0
10053,2014-06-26 00:00:00.0
7831,2014-06-26 00:00:00.0
8993,2014-06-26 00:00:00.0
5665,2014-06-27 00:00:00.0
4017,2014-06-27 00:00:00.0
1776,2014-06-27 00:00:00.0
6712,2014-06-27 00:00:00.0
11958,2014-06-27 00:00:00.0
5549,2014-06-27 00:00:00.0
5821,2014-06-27 00:00:00.0
4516,2014-06-27 00:00:00.0
11344,2014-06-27 00:00:00.0
8919,2014-06-27 00:00:00.0
5199,2014-06-27 00:00:00.0
9183,2014-06-27 00:00:00.0
12162,2014-06-28 00:00:00.0
8651,2014-06-28 00:00:00.0
8315,2014-06-28 00:00:00.0
1700,2014-06-29 00:00:00.0
2922,2014-06-30 00:00:00.0
5617,2014-06-30 00:00:00.0
7404,2014-06-30 00:00:00.0
7813,2014-06-30 00:00:00.0
12398,2014-06-30 00:00:00.0
3240,2014-07-01 00:00:00.0
10156,2014-07-01 00:00:00.0
5619,2014-07-02 00:00:00.0
1209,2014-07-02 00:00:00.0
2520,2014-07-02 00:00:00.0
10155,2014-07-02 00:00:00.0
1169,2014-07-03 00:00:00.0
9993,2014-07-03 00:00:00.0
8229,2014-07-03 00:00:00.0
3288,2014-07-03 00:00:00.0
11620,2014-07-03 00:00:00.0
6181,2014-07-03 00:00:00.0
7180,2014-07-03 00:00:00.0
8932,2014-07-03 00:00:00.0
11989,2014-07-04 00:00:00.0
7109,2014-07-04 00:00:00.0
10569,2014-07-04 00:00:00.0
9617,2014-07-04 00:00:00.0
8986,2014-07-05 00:00:00.0
7777,2014-07-05 00:00:00.0
7781,2014-07-05 00:00:00.0
6582,2014-07-05 00:00:00.0
19,2014-07-05 00:00:00.0
1215,2014-07-05 00:00:00.0
10011,2014-07-05 00:00:00.0
791,2014-07-05 00:00:00.0
6236,2014-07-05 00:00:00.0
3106,2014-07-06 00:00:00.0
2626,2014-07-07 00:00:00.0
874,2014-07-07 00:00:00.0
5653,2014-07-07 00:00:00.0
198,2014-07-07 00:00:00.0
6229,2014-07-07 00:00:00.0
4875,2014-07-08 00:00:00.0
7454,2014-07-08 00:00:00.0
7747,2014-07-08 00:00:00.0
3918,2014-07-08 00:00:00.0
8768,2014-07-08 00:00:00.0
4225,2014-07-08 00:00:00.0
3365,2014-07-08 00:00:00.0
9157,2014-07-08 00:00:00.0
4431,2014-07-08 00:00:00.0
11923,2014-07-08 00:00:00.0
2941,2014-07-09 00:00:00.0
949,2014-07-09 00:00:00.0
822,2014-07-09 00:00:00.0
9236,2014-07-09 00:00:00.0
6445,2014-07-10 00:00:00.0
11894,2014-07-10 00:00:00.0
1280,2014-07-10 00:00:00.0
3763,2014-07-10 00:00:00.0
3525,2014-07-10 00:00:00.0
187,2014-07-10 00:00:00.0
2014,2014-07-10 00:00:00.0
1853,2014-07-10 00:00:00.0
2028,2014-07-10 00:00:00.0
1249,2014-07-10 00:00:00.0
5751,2014-07-10 00:00:00.0
3458,2014-07-11 00:00:00.0
11755,2014-07-11 00:00:00.0
6572,2014-07-11 00:00:00.0
5647,2014-07-11 00:00:00.0
6634,2014-07-11 00:00:00.0
7216,2014-07-11 00:00:00.0
7961,2014-07-11 00:00:00.0
4326,2014-07-11 00:00:00.0
3353,2014-07-12 00:00:00.0
9580,2014-07-12 00:00:00.0
4501,2014-07-12 00:00:00.0
11964,2014-07-12 00:00:00.0
995,2014-07-12 00:00:00.0
10849,2014-07-12 00:00:00.0
3979,2014-07-13 00:00:00.0
5672,2014-07-13 00:00:00.0
10021,2014-07-13 00:00:00.0
7990,2014-07-13 00:00:00.0
7025,2014-07-13 00:00:00.0
5152,2014-07-13 00:00:00.0
7345,2014-07-13 00:00:00.0
9589,2014-07-13 00:00:00.0
11964,2014-07-13 00:00:00.0
971,2014-07-13 00:00:00.0
5421,2014-07-13 00:00:00.0
7333,2014-07-14 00:00:00.0
1835,2014-07-14 00:00:00.0
1285,2014-07-14 00:00:00.0
328,2014-07-14 00:00:00.0
2453,2014-07-14 00:00:00.0
12261,2014-07-14 00:00:00.0
11969,2014-07-14 00:00:00.0
8719,2014-07-14 00:00:00.0
9975,2014-07-14 00:00:00.0
9667,2014-07-15 00:00:00.0
9382,2014-07-15 00:00:00.0
8187,2014-07-15 00:00:00.0
3138,2014-07-15 00:00:00.0
1377,2014-07-15 00:00:00.0
12088,2014-07-15 00:00:00.0
1710,2014-07-15 00:00:00.0
3240,2014-07-15 00:00:00.0
10391,2014-07-15 00:00:00.0
9061,2014-07-15 00:00:00.0
12129,2014-07-15 00:00:00.0
4509,2014-07-15 00:00:00.0
1632,2014-07-15 00:00:00.0
7090,2014-07-16 00:00:00.0
9945,2014-07-16 00:00:00.0
10410,2014-07-16 00:00:00.0
3083,2014-07-16 00:00:00.0
4852,2014-07-16 00:00:00.0
6304,2014-07-17 00:00:00.0
11764,2014-07-17 00:00:00.0
9127,2014-07-17 00:00:00.0
11235,2014-07-18 00:00:00.0
5041,2014-07-18 00:00:00.0
8439,2014-07-18 00:00:00.0
5244,2014-07-18 00:00:00.0
801,2014-07-18 00:00:00.0
2229,2014-07-18 00:00:00.0
6588,2014-07-18 00:00:00.0
6688,2014-07-18 00:00:00.0
7934,2014-07-18 00:00:00.0
10467,2014-07-19 00:00:00.0
1694,2014-07-19 00:00:00.0
10449,2014-07-19 00:00:00.0
11381,2014-07-19 00:00:00.0
7394,2014-07-19 00:00:00.0
2862,2014-07-19 00:00:00.0
2520,2014-07-19 00:00:00.0
11087,2014-07-20 00:00:00.0
2788,2014-07-20 00:00:00.0
4348,2014-07-20 00:00:00.0
10093,2014-07-20 00:00:00.0
5735,2014-07-20 00:00:00.0
3471,2014-07-20 00:00:00.0
9812,2014-07-20 00:00:00.0
5632,2014-07-20 00:00:00.0
11458,2014-07-20 00:00:00.0
2643,2014-07-20 00:00:00.0
6338,2014-07-20 00:00:00.0
4784,2014-07-21 00:00:00.0
10717,2014-07-21 00:00:00.0
20,2014-07-21 00:00:00.0
774,2014-07-21 00:00:00.0
698,2014-07-21 00:00:00.0
5242,2014-07-21 00:00:00.0
2739,2014-07-21 00:00:00.0
2488,2014-07-21 00:00:00.0
1747,2014-07-21 00:00:00.0
6318,2014-07-21 00:00:00.0
8429,2014-07-21 00:00:00.0
11984,2014-07-21 00:00:00.0
4185,2014-07-22 00:00:00.0
652,2014-07-22 00:00:00.0
8474,2014-07-23 00:00:00.0
4768,2014-07-23 00:00:00.0
10873,2014-07-24 00:00:00.0
12270,2014-07-24 00:00:00.0
9542,2014-07-24 00:00:00.0
2941,2014-07-24 00:00:00.0
5488,2014-07-24 00:00:00.0
1011,2013-07-27 00:00:00.0
11463,2013-07-27 00:00:00.0
6071,2013-07-28 00:00:00.0
2713,2013-07-29 00:00:00.0
5737,2013-07-29 00:00:00.0
9275,2013-07-29 00:00:00.0
8444,2013-07-30 00:00:00.0
4225,2013-08-01 00:00:00.0
2608,2013-08-01 00:00:00.0
5065,2013-08-04 00:00:00.0
6277,2013-08-04 00:00:00.0
9522,2013-08-05 00:00:00.0
9241,2013-08-06 00:00:00.0
11984,2013-08-07 00:00:00.0
4914,2013-08-08 00:00:00.0
8685,2013-08-08 00:00:00.0
4804,2013-08-08 00:00:00.0
3566,2013-08-08 00:00:00.0
7209,2013-08-08 00:00:00.0
5327,2013-08-09 00:00:00.0
5672,2013-08-10 00:00:00.0
2626,2013-08-10 00:00:00.0
7796,2013-08-10 00:00:00.0
2095,2013-08-11 00:00:00.0
10749,2013-08-11 00:00:00.0
10222,2013-08-14 00:00:00.0
5082,2013-08-14 00:00:00.0
11534,2013-08-15 00:00:00.0
10252,2013-08-15 00:00:00.0
12382,2013-08-16 00:00:00.0
9290,2013-08-16 00:00:00.0
3279,2013-08-18 00:00:00.0
2680,2013-08-19 00:00:00.0
3914,2013-08-19 00:00:00.0
3821,2013-08-19 00:00:00.0
2785,2013-08-20 00:00:00.0
4863,2013-08-23 00:00:00.0
11528,2013-08-23 00:00:00.0
5242,2013-08-24 00:00:00.0
7599,2013-08-24 00:00:00.0
867,2013-08-25 00:00:00.0
10826,2013-08-27 00:00:00.0
337,2013-08-27 00:00:00.0
11942,2013-08-31 00:00:00.0
1874,2013-09-01 00:00:00.0
5152,2013-09-01 00:00:00.0
10292,2013-09-02 00:00:00.0
7970,2013-09-03 00:00:00.0
7330,2013-09-05 00:00:00.0
5612,2013-09-05 00:00:00.0
9823,2013-09-05 00:00:00.0
4903,2013-09-05 00:00:00.0
2433,2013-09-06 00:00:00.0
5903,2013-09-07 00:00:00.0
12411,2013-09-07 00:00:00.0
290,2013-09-09 00:00:00.0
4884,2013-09-14 00:00:00.0
8052,2013-09-14 00:00:00.0
11905,2013-09-16 00:00:00.0
11488,2013-09-18 00:00:00.0
2473,2013-09-24 00:00:00.0
3212,2013-09-24 00:00:00.0
5044,2013-09-24 00:00:00.0
5539,2013-09-24 00:00:00.0
5857,2013-09-25 00:00:00.0
1300,2013-09-25 00:00:00.0
7982,2013-09-26 00:00:00.0
11607,2013-09-27 00:00:00.0
10357,2013-09-27 00:00:00.0
1908,2013-09-28 00:00:00.0
1861,2013-09-29 00:00:00.0
12362,2013-09-30 00:00:00.0
11175,2013-10-01 00:00:00.0
8746,2013-10-01 00:00:00.0
2800,2013-10-02 00:00:00.0
3016,2013-10-02 00:00:00.0
8664,2013-10-03 00:00:00.0
847,2013-10-04 00:00:00.0
7198,2013-10-05 00:00:00.0
8665,2013-10-06 00:00:00.0
5858,2013-10-07 00:00:00.0
7298,2013-10-08 00:00:00.0
11520,2013-10-09 00:00:00.0
6505,2013-10-10 00:00:00.0
3997,2013-10-11 00:00:00.0
4300,2013-10-11 00:00:00.0
9200,2013-10-11 00:00:00.0
2049,2013-10-14 00:00:00.0
7241,2013-10-16 00:00:00.0
10970,2013-10-16 00:00:00.0
2829,2013-10-17 00:00:00.0
6702,2013-10-18 00:00:00.0
5530,2013-10-18 00:00:00.0
6456,2013-10-22 00:00:00.0
11534,2013-10-22 00:00:00.0
8174,2013-10-22 00:00:00.0
11784,2013-10-25 00:00:00.0
11742,2013-10-29 00:00:00.0
9275,2013-10-29 00:00:00.0
9286,2013-10-30 00:00:00.0
6230,2013-10-30 00:00:00.0
486,2013-11-01 00:00:00.0
7851,2013-11-03 00:00:00.0
12014,2013-11-03 00:00:00.0
8498,2013-11-03 00:00:00.0
6229,2013-11-03 00:00:00.0
2699,2013-11-03 00:00:00.0
5716,2013-11-04 00:00:00.0
11796,2013-11-06 00:00:00.0
11469,2013-11-07 00:00:00.0
40,2013-11-07 00:00:00.0
1184,2013-11-07 00:00:00.0
11316,2013-11-09 00:00:00.0
1341,2013-11-10 00:00:00.0
4945,2013-11-14 00:00:00.0
10223,2013-11-14 00:00:00.0
5117,2013-11-14 00:00:00.0
5436,2013-11-16 00:00:00.0
3972,2013-11-16 00:00:00.0
9358,2013-11-17 00:00:00.0
6962,2013-11-19 00:00:00.0
4803,2013-11-20 00:00:00.0
12373,2013-11-20 00:00:00.0
2520,2013-11-22 00:00:00.0
11753,2013-11-22 00:00:00.0
5278,2013-11-22 00:00:00.0
630,2013-11-24 00:00:00.0
4849,2013-11-25 00:00:00.0
8988,2013-11-26 00:00:00.0
3550,2013-11-27 00:00:00.0
4475,2013-11-27 00:00:00.0
8202,2013-11-28 00:00:00.0
5624,2013-11-30 00:00:00.0
11128,2013-12-02 00:00:00.0
9669,2013-12-03 00:00:00.0
39,2013-12-03 00:00:00.0
7303,2013-12-03 00:00:00.0
1819,2013-12-04 00:00:00.0
1978,2013-12-04 00:00:00.0
11510,2013-12-04 00:00:00.0
5559,2013-12-05 00:00:00.0
6795,2013-12-05 00:00:00.0
697,2013-12-05 00:00:00.0
635,2013-12-06 00:00:00.0
5840,2013-12-06 00:00:00.0
8018,2013-12-07 00:00:00.0
11362,2013-12-08 00:00:00.0
4056,2013-12-10 00:00:00.0
3296,2013-12-10 00:00:00.0
8320,2013-12-10 00:00:00.0
4078,2013-12-11 00:00:00.0
8991,2013-12-12 00:00:00.0
6082,2013-12-13 00:00:00.0
5672,2013-12-15 00:00:00.0
8978,2013-12-15 00:00:00.0
512,2013-12-16 00:00:00.0
9872,2013-12-17 00:00:00.0
9310,2013-12-17 00:00:00.0
4473,2013-12-18 00:00:00.0
2347,2013-12-18 00:00:00.0
3083,2013-12-19 00:00:00.0
3468,2013-12-20 00:00:00.0
10813,2013-12-21 00:00:00.0
10465,2013-12-22 00:00:00.0
4518,2013-12-23 00:00:00.0
12317,2013-12-25 00:00:00.0
10124,2013-12-29 00:00:00.0
3169,2013-12-31 00:00:00.0
7098,2013-12-31 00:00:00.0
7893,2014-01-01 00:00:00.0
10320,2014-01-01 00:00:00.0
9441,2014-01-01 00:00:00.0
1133,2014-01-01 00:00:00.0
6896,2014-01-02 00:00:00.0
4552,2014-01-04 00:00:00.0
3997,2014-01-06 00:00:00.0
11676,2014-01-06 00:00:00.0
2292,2014-01-07 00:00:00.0
221,2014-01-09 00:00:00.0
3971,2014-01-09 00:00:00.0
1902,2014-01-10 00:00:00.0
3914,2014-01-11 00:00:00.0
10592,2014-01-13 00:00:00.0
7065,2014-01-14 00:00:00.0
10164,2014-01-16 00:00:00.0
4871,2014-01-17 00:00:00.0
2832,2014-01-17 00:00:00.0
5665,2014-01-17 00:00:00.0
11995,2014-01-19 00:00:00.0
8208,2014-01-21 00:00:00.0
7040,2014-01-23 00:00:00.0
6165,2014-01-23 00:00:00.0
3041,2014-01-23 00:00:00.0
12162,2014-01-23 00:00:00.0
1449,2014-01-23 00:00:00.0
11647,2014-01-24 00:00:00.0
1970,2014-01-24 00:00:00.0
5361,2014-01-24 00:00:00.0
5153,2014-01-24 00:00:00.0
3319,2014-01-27 00:00:00.0
4005,2014-01-27 00:00:00.0
6780,2014-01-28 00:00:00.0
11079,2014-01-28 00:00:00.0
8948,2014-01-29 00:00:00.0
7955,2014-01-30 00:00:00.0
7066,2014-01-31 00:00:00.0
7885,2014-02-01 00:00:00.0
4133,2014-02-06 00:00:00.0
7775,2014-02-06 00:00:00.0
4410,2014-02-06 00:00:00.0
3954,2014-02-08 00:00:00.0
4877,2014-02-08 00:00:00.0
1503,2014-02-10 00:00:00.0
9637,2014-02-10 00:00:00.0
3501,2014-02-12 00:00:00.0
11753,2014-02-13 00:00:00.0
10961,2014-02-14 00:00:00.0
2553,2014-02-14 00:00:00.0
8407,2014-02-15 00:00:00.0
8932,2014-02-18 00:00:00.0
5060,2014-02-19 00:00:00.0
10396,2014-02-19 00:00:00.0
12053,2014-02-20 00:00:00.0
3790,2014-02-21 00:00:00.0
10294,2014-02-21 00:00:00.0
8773,2014-02-21 00:00:00.0
10925,2014-02-21 00:00:00.0
9733,2014-02-21 00:00:00.0
12019,2014-02-23 00:00:00.0
4126,2014-02-23 00:00:00.0
1992,2014-02-25 00:00:00.0
6201,2014-02-26 00:00:00.0
10496,2014-02-27 00:00:00.0
2767,2014-03-01 00:00:00.0
2750,2014-03-03 00:00:00.0
9218,2014-03-03 00:00:00.0
7051,2014-03-03 00:00:00.0
11762,2014-03-03 00:00:00.0
12393,2014-03-05 00:00:00.0
2687,2014-03-05 00:00:00.0
4660,2014-03-05 00:00:00.0
10846,2014-03-05 00:00:00.0
6368,2014-03-10 00:00:00.0
5775,2014-03-13 00:00:00.0
12063,2014-03-13 00:00:00.0
4225,2014-03-14 00:00:00.0
722,2014-03-14 00:00:00.0
836,2014-03-15 00:00:00.0
5471,2014-03-15 00:00:00.0
8202,2014-03-15 00:00:00.0
2719,2014-03-16 00:00:00.0
1430,2014-03-16 00:00:00.0
964,2014-03-17 00:00:00.0
4308,2014-03-17 00:00:00.0
5245,2014-03-18 00:00:00.0
4964,2014-03-19 00:00:00.0
12122,2014-03-19 00:00:00.0
6075,2014-03-20 00:00:00.0
5010,2014-03-21 00:00:00.0
2702,2014-03-21 00:00:00.0
8840,2014-03-23 00:00:00.0
1285,2014-03-24 00:00:00.0
4919,2014-03-24 00:00:00.0
6112,2014-03-24 00:00:00.0
634,2014-03-25 00:00:00.0
5250,2014-03-26 00:00:00.0
9663,2014-03-26 00:00:00.0
4378,2014-03-27 00:00:00.0
203,2014-03-27 00:00:00.0
12096,2014-03-28 00:00:00.0
2063,2014-03-29 00:00:00.0
9218,2014-04-01 00:00:00.0
7510,2014-04-01 00:00:00.0
1932,2014-04-02 00:00:00.0
1567,2014-04-05 00:00:00.0
10610,2014-04-05 00:00:00.0
9679,2014-04-07 00:00:00.0
2904,2014-04-07 00:00:00.0
12220,2014-04-08 00:00:00.0
6288,2014-04-08 00:00:00.0
376,2014-04-10 00:00:00.0
4826,2014-04-10 00:00:00.0
10932,2014-04-13 00:00:00.0
1011,2014-04-13 00:00:00.0
8726,2014-04-13 00:00:00.0
7160,2014-04-15 00:00:00.0
10354,2014-04-17 00:00:00.0
9333,2014-04-19 00:00:00.0
11355,2014-04-19 00:00:00.0
5074,2014-04-20 00:00:00.0
3723,2014-04-21 00:00:00.0
2947,2014-04-23 00:00:00.0
7258,2014-04-25 00:00:00.0
5046,2014-04-27 00:00:00.0
3797,2014-04-29 00:00:00.0
5423,2014-04-30 00:00:00.0
10300,2014-05-01 00:00:00.0
2205,2014-05-01 00:00:00.0
8719,2014-05-02 00:00:00.0
10778,2014-05-02 00:00:00.0
9221,2014-05-02 00:00:00.0
12232,2014-05-03 00:00:00.0
4187,2014-05-03 00:00:00.0
7997,2014-05-06 00:00:00.0
5568,2014-05-08 00:00:00.0
7328,2014-05-09 00:00:00.0
2919,2014-05-09 00:00:00.0
7086,2014-05-09 00:00:00.0
812,2014-05-10 00:00:00.0
9257,2014-05-10 00:00:00.0
7121,2014-05-10 00:00:00.0
8937,2014-05-10 00:00:00.0
5824,2014-05-11 00:00:00.0
3574,2014-05-12 00:00:00.0
4114,2014-05-12 00:00:00.0
7664,2014-05-14 00:00:00.0
9632,2014-05-14 00:00:00.0
11534,2014-05-16 00:00:00.0
7653,2014-05-17 00:00:00.0
8123,2014-05-19 00:00:00.0
7031,2014-05-22 00:00:00.0
6454,2014-05-24 00:00:00.0
9732,2014-05-26 00:00:00.0
3272,2014-05-26 00:00:00.0
4136,2014-05-27 00:00:00.0
8796,2014-05-28 00:00:00.0
4787,2014-05-29 00:00:00.0
1096,2014-06-01 00:00:00.0
5497,2014-06-02 00:00:00.0
7881,2014-06-03 00:00:00.0
6307,2014-06-04 00:00:00.0
5888,2014-06-04 00:00:00.0
5310,2014-06-08 00:00:00.0
7215,2014-06-09 00:00:00.0
9314,2014-06-10 00:00:00.0
9184,2014-06-10 00:00:00.0
1539,2014-06-11 00:00:00.0
7027,2014-06-11 00:00:00.0
2357,2014-06-11 00:00:00.0
3542,2014-06-13 00:00:00.0
9542,2014-06-14 00:00:00.0
5821,2014-06-14 00:00:00.0
12145,2014-06-16 00:00:00.0
7511,2014-06-16 00:00:00.0
4522,2014-06-17 00:00:00.0
2510,2014-06-18 00:00:00.0
7796,2014-06-18 00:00:00.0
6049,2014-06-19 00:00:00.0
5212,2014-06-21 00:00:00.0
6591,2014-06-22 00:00:00.0
4306,2014-06-22 00:00:00.0
7160,2014-06-22 00:00:00.0
10034,2014-06-24 00:00:00.0
828,2014-06-24 00:00:00.0
1898,2014-06-24 00:00:00.0
3057,2014-06-25 00:00:00.0
2900,2014-06-25 00:00:00.0
9743,2014-06-25 00:00:00.0
10496,2014-06-26 00:00:00.0
6049,2014-06-26 00:00:00.0
2064,2014-06-27 00:00:00.0
9821,2014-06-27 00:00:00.0
1939,2014-06-27 00:00:00.0
3453,2014-06-27 00:00:00.0
5213,2014-06-28 00:00:00.0
6873,2014-06-29 00:00:00.0
7066,2014-06-29 00:00:00.0
2473,2014-06-30 00:00:00.0
1157,2014-06-30 00:00:00.0
12413,2014-06-30 00:00:00.0
1133,2014-07-04 00:00:00.0
9679,2014-07-05 00:00:00.0
601,2014-07-07 00:00:00.0
5697,2014-07-08 00:00:00.0
4457,2014-07-10 00:00:00.0
3147,2014-07-11 00:00:00.0
3120,2014-07-13 00:00:00.0
9143,2014-07-13 00:00:00.0
7934,2014-07-13 00:00:00.0
5677,2014-07-16 00:00:00.0
3252,2014-07-16 00:00:00.0
1374,2014-07-18 00:00:00.0
1355,2014-07-19 00:00:00.0
5158,2014-07-19 00:00:00.0
7769,2014-07-19 00:00:00.0
10358,2014-07-20 00:00:00.0
3850,2014-07-22 00:00:00.0
3522,2014-07-23 00:00:00.0
585,2014-07-24 00:00:00.0
12341,2014-07-24 00:00:00.0
1150,2014-07-24 00:00:00.0
3726,2013-08-06 00:00:00.0
11707,2013-08-07 00:00:00.0
8715,2013-08-14 00:00:00.0
5656,2013-08-15 00:00:00.0
8018,2013-08-17 00:00:00.0
8865,2013-08-30 00:00:00.0
10823,2013-09-03 00:00:00.0
10155,2013-09-18 00:00:00.0
5899,2013-09-21 00:00:00.0
11889,2013-09-27 00:00:00.0
9876,2013-10-17 00:00:00.0
544,2013-11-08 00:00:00.0
11541,2013-11-10 00:00:00.0
3319,2013-11-10 00:00:00.0
809,2013-11-20 00:00:00.0
4884,2013-12-21 00:00:00.0
11362,2014-01-03 00:00:00.0
3977,2014-01-12 00:00:00.0
5760,2014-01-16 00:00:00.0
9319,2014-02-16 00:00:00.0
10741,2014-02-17 00:00:00.0
2433,2014-02-26 00:00:00.0
2140,2014-03-13 00:00:00.0
12228,2014-04-11 00:00:00.0
11361,2014-04-23 00:00:00.0
5433,2014-04-29 00:00:00.0
3471,2014-05-08 00:00:00.0
9688,2014-05-09 00:00:00.0
6812,2014-05-11 00:00:00.0
5710,2014-05-11 00:00:00.0
9844,2014-05-14 00:00:00.0
8791,2014-05-23 00:00:00.0
9730,2014-05-29 00:00:00.0
2105,2014-06-02 00:00:00.0
6917,2014-06-04 00:00:00.0
10605,2014-06-12 00:00:00.0
6184,2014-06-20 00:00:00.0
6129,2014-06-22 00:00:00.0
2056,2014-07-01 00:00:00.0
11490,2014-07-01 00:00:00.0
8379,2014-07-02 00:00:00.0
1765,2014-07-02 00:00:00.0
12430,2014-07-15 00:00:00.0
6668,2014-07-17 00:00:00.0
4380,2014-07-24 00:00:00.0
3918,2013-07-30 00:00:00.0
11243,2013-11-05 00:00:00.0
5243,2013-12-09 00:00:00.0
4077,2013-12-26 00:00:00.0
7172,2014-01-05 00:00:00.0
1733,2014-02-24 00:00:00.0
12393,2014-03-31 00:00:00.0
10347,2014-05-16 00:00:00.0
8853,2014-06-03 00:00:00.0
7326,2014-06-15 00:00:00.0
