11,2013-07-25T00:00:00.000+05:30,918,PAYMENT_REVIEW
31,2013-07-25T00:00:00.000+05:30,6983,PAYMENT_REVIEW
78,2013-07-25T00:00:00.000+05:30,8619,PAYMENT_REVIEW
170,2013-07-26T00:00:00.000+05:30,6295,PAYMENT_REVIEW
187,2013-07-26T00:00:00.000+05:30,1378,PAYMENT_REVIEW
200,2013-07-26T00:00:00.000+05:30,11116,PAYMENT_REVIEW
242,2013-07-26T00:00:00.000+05:30,3237,PAYMENT_REVIEW
278,2013-07-26T00:00:00.000+05:30,488,PAYMENT_REVIEW
396,2013-07-27T00:00:00.000+05:30,9078,PAYMENT_REVIEW
408,2013-07-27T00:00:00.000+05:30,2252,PAYMENT_REVIEW
595,2013-07-28T00:00:00.000+05:30,3531,PAYMENT_REVIEW
623,2013-07-28T00:00:00.000+05:30,3658,PAYMENT_REVIEW
663,2013-07-28T00:00:00.000+05:30,3531,PAYMENT_REVIEW
737,2013-07-29T00:00:00.000+05:30,3567,PAYMENT_REVIEW
857,2013-07-29T00:00:00.000+05:30,833,PAYMENT_REVIEW
1158,2013-07-31T00:00:00.000+05:30,7762,PAYMENT_REVIEW
1344,2013-08-01T00:00:00.000+05:30,1867,PAYMENT_REVIEW
1534,2013-08-02T00:00:00.000+05:30,10942,PAYMENT_REVIEW
1540,2013-08-02T00:00:00.000+05:30,3244,PAYMENT_REVIEW
1562,2013-08-02T00:00:00.000+05:30,7473,PAYMENT_REVIEW
1734,2013-08-03T00:00:00.000+05:30,5182,PAYMENT_REVIEW
1735,2013-08-03T00:00:00.000+05:30,11656,PAYMENT_REVIEW
1796,2013-08-03T00:00:00.000+05:30,2039,PAYMENT_REVIEW
1947,2013-08-04T00:00:00.000+05:30,8521,PAYMENT_REVIEW
2251,2013-08-06T00:00:00.000+05:30,4876,PAYMENT_REVIEW
2289,2013-08-06T00:00:00.000+05:30,1218,PAYMENT_REVIEW
2364,2013-08-06T00:00:00.000+05:30,1680,PAYMENT_REVIEW
2440,2013-08-07T00:00:00.000+05:30,3154,PAYMENT_REVIEW
2616,2013-08-08T00:00:00.000+05:30,165,PAYMENT_REVIEW
2644,2013-08-08T00:00:00.000+05:30,5005,PAYMENT_REVIEW
2667,2013-08-08T00:00:00.000+05:30,3228,PAYMENT_REVIEW
2802,2013-08-10T00:00:00.000+05:30,2115,PAYMENT_REVIEW
2989,2013-08-10T00:00:00.000+05:30,11162,PAYMENT_REVIEW
3019,2013-08-11T00:00:00.000+05:30,2707,PAYMENT_REVIEW
3061,2013-08-11T00:00:00.000+05:30,5469,PAYMENT_REVIEW
3125,2013-08-11T00:00:00.000+05:30,2942,PAYMENT_REVIEW
3131,2013-08-11T00:00:00.000+05:30,9556,PAYMENT_REVIEW
3210,2013-08-12T00:00:00.000+05:30,10634,PAYMENT_REVIEW
3298,2013-08-12T00:00:00.000+05:30,8071,PAYMENT_REVIEW
3549,2013-08-14T00:00:00.000+05:30,3664,PAYMENT_REVIEW
3697,2013-08-15T00:00:00.000+05:30,2966,PAYMENT_REVIEW
3832,2013-08-16T00:00:00.000+05:30,4517,PAYMENT_REVIEW
3888,2013-08-17T00:00:00.000+05:30,11089,PAYMENT_REVIEW
3892,2013-08-17T00:00:00.000+05:30,243,PAYMENT_REVIEW
3937,2013-08-17T00:00:00.000+05:30,2144,PAYMENT_REVIEW
4060,2013-08-17T00:00:00.000+05:30,8488,PAYMENT_REVIEW
4222,2013-08-18T00:00:00.000+05:30,4038,PAYMENT_REVIEW
4294,2013-08-19T00:00:00.000+05:30,5549,PAYMENT_REVIEW
4325,2013-08-20T00:00:00.000+05:30,11420,PAYMENT_REVIEW
4344,2013-08-20T00:00:00.000+05:30,8781,PAYMENT_REVIEW
4377,2013-08-20T00:00:00.000+05:30,3362,PAYMENT_REVIEW
4380,2013-08-20T00:00:00.000+05:30,8072,PAYMENT_REVIEW
4486,2013-08-21T00:00:00.000+05:30,7562,PAYMENT_REVIEW
4647,2013-08-22T00:00:00.000+05:30,7140,PAYMENT_REVIEW
4652,2013-08-22T00:00:00.000+05:30,4745,PAYMENT_REVIEW
4735,2013-08-23T00:00:00.000+05:30,6878,PAYMENT_REVIEW
4865,2013-08-23T00:00:00.000+05:30,10067,PAYMENT_REVIEW
5036,2013-08-24T00:00:00.000+05:30,8937,PAYMENT_REVIEW
5067,2013-08-24T00:00:00.000+05:30,10295,PAYMENT_REVIEW
5127,2013-08-25T00:00:00.000+05:30,5533,PAYMENT_REVIEW
5132,2013-08-25T00:00:00.000+05:30,11047,PAYMENT_REVIEW
5187,2013-08-25T00:00:00.000+05:30,4424,PAYMENT_REVIEW
5390,2013-08-26T00:00:00.000+05:30,12385,PAYMENT_REVIEW
5580,2013-08-28T00:00:00.000+05:30,316,PAYMENT_REVIEW
5621,2013-08-28T00:00:00.000+05:30,88,PAYMENT_REVIEW
5783,2013-08-29T00:00:00.000+05:30,1847,PAYMENT_REVIEW
6036,2013-08-31T00:00:00.000+05:30,1733,PAYMENT_REVIEW
6147,2013-09-02T00:00:00.000+05:30,11981,PAYMENT_REVIEW
6468,2013-09-03T00:00:00.000+05:30,2934,PAYMENT_REVIEW
6516,2013-09-04T00:00:00.000+05:30,319,PAYMENT_REVIEW
6580,2013-09-04T00:00:00.000+05:30,3269,PAYMENT_REVIEW
6795,2013-09-05T00:00:00.000+05:30,4539,PAYMENT_REVIEW
6800,2013-09-05T00:00:00.000+05:30,8464,PAYMENT_REVIEW
6931,2013-09-06T00:00:00.000+05:30,2922,PAYMENT_REVIEW
7130,2013-09-07T00:00:00.000+05:30,9726,PAYMENT_REVIEW
7136,2013-09-07T00:00:00.000+05:30,127,PAYMENT_REVIEW
7226,2013-09-08T00:00:00.000+05:30,2082,PAYMENT_REVIEW
7384,2013-09-09T00:00:00.000+05:30,1502,PAYMENT_REVIEW
7403,2013-09-09T00:00:00.000+05:30,9831,PAYMENT_REVIEW
7429,2013-09-09T00:00:00.000+05:30,11542,PAYMENT_REVIEW
7466,2013-09-09T00:00:00.000+05:30,5560,PAYMENT_REVIEW
7505,2013-09-09T00:00:00.000+05:30,4696,PAYMENT_REVIEW
7516,2013-09-09T00:00:00.000+05:30,11148,PAYMENT_REVIEW
7601,2013-09-10T00:00:00.000+05:30,8690,PAYMENT_REVIEW
7666,2013-09-10T00:00:00.000+05:30,1752,PAYMENT_REVIEW
7667,2013-09-10T00:00:00.000+05:30,898,PAYMENT_REVIEW
7734,2013-09-10T00:00:00.000+05:30,11872,PAYMENT_REVIEW
7907,2013-09-12T00:00:00.000+05:30,9691,PAYMENT_REVIEW
7953,2013-09-12T00:00:00.000+05:30,11500,PAYMENT_REVIEW
7984,2013-09-12T00:00:00.000+05:30,5637,PAYMENT_REVIEW
8048,2013-09-13T00:00:00.000+05:30,9314,PAYMENT_REVIEW
8058,2013-09-13T00:00:00.000+05:30,9076,PAYMENT_REVIEW
8063,2013-09-13T00:00:00.000+05:30,3055,PAYMENT_REVIEW
8072,2013-09-13T00:00:00.000+05:30,1497,PAYMENT_REVIEW
8086,2013-09-13T00:00:00.000+05:30,1310,PAYMENT_REVIEW
8218,2013-09-14T00:00:00.000+05:30,5011,PAYMENT_REVIEW
8413,2013-09-15T00:00:00.000+05:30,8846,PAYMENT_REVIEW
8457,2013-09-15T00:00:00.000+05:30,3776,PAYMENT_REVIEW
8496,2013-09-16T00:00:00.000+05:30,8559,PAYMENT_REVIEW
8561,2013-09-17T00:00:00.000+05:30,11713,PAYMENT_REVIEW
8585,2013-09-17T00:00:00.000+05:30,5651,PAYMENT_REVIEW
8807,2013-09-18T00:00:00.000+05:30,5853,PAYMENT_REVIEW
8919,2013-09-19T00:00:00.000+05:30,10965,PAYMENT_REVIEW
8998,2013-09-19T00:00:00.000+05:30,7548,PAYMENT_REVIEW
9193,2013-09-20T00:00:00.000+05:30,2295,PAYMENT_REVIEW
9282,2013-09-21T00:00:00.000+05:30,6782,PAYMENT_REVIEW
9332,2013-09-21T00:00:00.000+05:30,176,PAYMENT_REVIEW
9421,2013-09-22T00:00:00.000+05:30,10601,PAYMENT_REVIEW
9585,2013-09-23T00:00:00.000+05:30,4435,PAYMENT_REVIEW
9669,2013-09-24T00:00:00.000+05:30,3571,PAYMENT_REVIEW
9834,2013-09-24T00:00:00.000+05:30,11904,PAYMENT_REVIEW
10008,2013-09-25T00:00:00.000+05:30,10516,PAYMENT_REVIEW
10152,2013-09-26T00:00:00.000+05:30,265,PAYMENT_REVIEW
10201,2013-09-26T00:00:00.000+05:30,5973,PAYMENT_REVIEW
10408,2013-09-27T00:00:00.000+05:30,5392,PAYMENT_REVIEW
10424,2013-09-27T00:00:00.000+05:30,12130,PAYMENT_REVIEW
10537,2013-09-27T00:00:00.000+05:30,11940,PAYMENT_REVIEW
10610,2013-09-28T00:00:00.000+05:30,11448,PAYMENT_REVIEW
10649,2013-09-28T00:00:00.000+05:30,1413,PAYMENT_REVIEW
10802,2013-09-29T00:00:00.000+05:30,11276,PAYMENT_REVIEW
10819,2013-09-29T00:00:00.000+05:30,3823,PAYMENT_REVIEW
10840,2013-09-30T00:00:00.000+05:30,5154,PAYMENT_REVIEW
10881,2013-09-30T00:00:00.000+05:30,3635,PAYMENT_REVIEW
10947,2013-09-30T00:00:00.000+05:30,1973,PAYMENT_REVIEW
11063,2013-10-01T00:00:00.000+05:30,9071,PAYMENT_REVIEW
11338,2013-10-03T00:00:00.000+05:30,8697,PAYMENT_REVIEW
11717,2013-10-05T00:00:00.000+05:30,10951,PAYMENT_REVIEW
11758,2013-10-05T00:00:00.000+05:30,4050,PAYMENT_REVIEW
11967,2013-10-06T00:00:00.000+05:30,11924,PAYMENT_REVIEW
12087,2013-10-06T00:00:00.000+05:30,849,PAYMENT_REVIEW
12100,2013-10-06T00:00:00.000+05:30,5167,PAYMENT_REVIEW
12146,2013-10-07T00:00:00.000+05:30,3350,PAYMENT_REVIEW
12160,2013-10-07T00:00:00.000+05:30,11491,PAYMENT_REVIEW
12243,2013-10-08T00:00:00.000+05:30,5926,PAYMENT_REVIEW
12753,2013-10-11T00:00:00.000+05:30,3640,PAYMENT_REVIEW
12937,2013-10-12T00:00:00.000+05:30,10938,PAYMENT_REVIEW
12997,2013-10-13T00:00:00.000+05:30,5044,PAYMENT_REVIEW
13009,2013-10-13T00:00:00.000+05:30,7318,PAYMENT_REVIEW
13022,2013-10-13T00:00:00.000+05:30,4056,PAYMENT_REVIEW
13035,2013-10-13T00:00:00.000+05:30,3305,PAYMENT_REVIEW
13160,2013-10-13T00:00:00.000+05:30,5592,PAYMENT_REVIEW
13241,2013-10-14T00:00:00.000+05:30,11698,PAYMENT_REVIEW
13317,2013-10-15T00:00:00.000+05:30,8274,PAYMENT_REVIEW
13718,2013-10-18T00:00:00.000+05:30,6580,PAYMENT_REVIEW
13785,2013-10-19T00:00:00.000+05:30,7669,PAYMENT_REVIEW
13789,2013-10-19T00:00:00.000+05:30,8664,PAYMENT_REVIEW
13800,2013-10-19T00:00:00.000+05:30,6240,PAYMENT_REVIEW
13822,2013-10-19T00:00:00.000+05:30,6753,PAYMENT_REVIEW
14037,2013-10-20T00:00:00.000+05:30,10934,PAYMENT_REVIEW
14216,2013-10-22T00:00:00.000+05:30,6557,PAYMENT_REVIEW
14242,2013-10-23T00:00:00.000+05:30,5168,PAYMENT_REVIEW
14330,2013-10-23T00:00:00.000+05:30,2265,PAYMENT_REVIEW
14463,2013-10-24T00:00:00.000+05:30,5253,PAYMENT_REVIEW
14487,2013-10-24T00:00:00.000+05:30,6738,PAYMENT_REVIEW
14576,2013-10-25T00:00:00.000+05:30,11508,PAYMENT_REVIEW
14580,2013-10-25T00:00:00.000+05:30,5234,PAYMENT_REVIEW
14827,2013-10-27T00:00:00.000+05:30,10827,PAYMENT_REVIEW
14858,2013-10-27T00:00:00.000+05:30,1859,PAYMENT_REVIEW
14875,2013-10-27T00:00:00.000+05:30,4014,PAYMENT_REVIEW
14885,2013-10-27T00:00:00.000+05:30,6673,PAYMENT_REVIEW
15022,2013-10-28T00:00:00.000+05:30,2496,PAYMENT_REVIEW
15147,2013-10-29T00:00:00.000+05:30,8978,PAYMENT_REVIEW
15282,2013-10-30T00:00:00.000+05:30,9778,PAYMENT_REVIEW
15307,2013-10-31T00:00:00.000+05:30,204,PAYMENT_REVIEW
15339,2013-10-31T00:00:00.000+05:30,2716,PAYMENT_REVIEW
15341,2013-10-31T00:00:00.000+05:30,7446,PAYMENT_REVIEW
15448,2013-10-31T00:00:00.000+05:30,406,PAYMENT_REVIEW
15582,2013-11-01T00:00:00.000+05:30,7082,PAYMENT_REVIEW
15586,2013-11-01T00:00:00.000+05:30,9421,PAYMENT_REVIEW
15623,2013-11-01T00:00:00.000+05:30,539,PAYMENT_REVIEW
15660,2013-11-01T00:00:00.000+05:30,3352,PAYMENT_REVIEW
15922,2013-11-03T00:00:00.000+05:30,7357,PAYMENT_REVIEW
15941,2013-11-03T00:00:00.000+05:30,868,PAYMENT_REVIEW
16015,2013-11-03T00:00:00.000+05:30,10807,PAYMENT_REVIEW
16027,2013-11-03T00:00:00.000+05:30,11536,PAYMENT_REVIEW
16187,2013-11-04T00:00:00.000+05:30,51,PAYMENT_REVIEW
16300,2013-11-04T00:00:00.000+05:30,2478,PAYMENT_REVIEW
16372,2013-11-05T00:00:00.000+05:30,4880,PAYMENT_REVIEW
16393,2013-11-05T00:00:00.000+05:30,4993,PAYMENT_REVIEW
16416,2013-11-05T00:00:00.000+05:30,8260,PAYMENT_REVIEW
16442,2013-11-05T00:00:00.000+05:30,4182,PAYMENT_REVIEW
16488,2013-11-05T00:00:00.000+05:30,3930,PAYMENT_REVIEW
16668,2013-11-06T00:00:00.000+05:30,4550,PAYMENT_REVIEW
16914,2013-11-07T00:00:00.000+05:30,5751,PAYMENT_REVIEW
16960,2013-11-07T00:00:00.000+05:30,3617,PAYMENT_REVIEW
17120,2013-11-09T00:00:00.000+05:30,9433,PAYMENT_REVIEW
17173,2013-11-09T00:00:00.000+05:30,5410,PAYMENT_REVIEW
17252,2013-11-09T00:00:00.000+05:30,4083,PAYMENT_REVIEW
17265,2013-11-09T00:00:00.000+05:30,3041,PAYMENT_REVIEW
17272,2013-11-09T00:00:00.000+05:30,8081,PAYMENT_REVIEW
17296,2013-11-09T00:00:00.000+05:30,1510,PAYMENT_REVIEW
17603,2013-11-11T00:00:00.000+05:30,10198,PAYMENT_REVIEW
17703,2013-11-12T00:00:00.000+05:30,2177,PAYMENT_REVIEW
17712,2013-11-12T00:00:00.000+05:30,7414,PAYMENT_REVIEW
17740,2013-11-12T00:00:00.000+05:30,9111,PAYMENT_REVIEW
17751,2013-11-12T00:00:00.000+05:30,4157,PAYMENT_REVIEW
17819,2013-11-12T00:00:00.000+05:30,4080,PAYMENT_REVIEW
17887,2013-11-13T00:00:00.000+05:30,695,PAYMENT_REVIEW
17945,2013-11-13T00:00:00.000+05:30,5032,PAYMENT_REVIEW
18228,2013-11-14T00:00:00.000+05:30,1480,PAYMENT_REVIEW
18229,2013-11-14T00:00:00.000+05:30,6344,PAYMENT_REVIEW
18465,2013-11-16T00:00:00.000+05:30,6971,PAYMENT_REVIEW
18826,2013-11-19T00:00:00.000+05:30,7271,PAYMENT_REVIEW
19056,2013-11-20T00:00:00.000+05:30,10750,PAYMENT_REVIEW
19112,2013-11-20T00:00:00.000+05:30,9488,PAYMENT_REVIEW
19180,2013-11-21T00:00:00.000+05:30,2899,PAYMENT_REVIEW
19262,2013-11-22T00:00:00.000+05:30,6067,PAYMENT_REVIEW
19419,2013-11-22T00:00:00.000+05:30,1473,PAYMENT_REVIEW
19716,2013-11-24T00:00:00.000+05:30,1141,PAYMENT_REVIEW
19726,2013-11-24T00:00:00.000+05:30,6850,PAYMENT_REVIEW
19922,2013-11-25T00:00:00.000+05:30,3141,PAYMENT_REVIEW
19946,2013-11-25T00:00:00.000+05:30,240,PAYMENT_REVIEW
19958,2013-11-25T00:00:00.000+05:30,1470,PAYMENT_REVIEW
19964,2013-11-25T00:00:00.000+05:30,6401,PAYMENT_REVIEW
20027,2013-11-26T00:00:00.000+05:30,10371,PAYMENT_REVIEW
20192,2013-11-27T00:00:00.000+05:30,7467,PAYMENT_REVIEW
20375,2013-11-28T00:00:00.000+05:30,10724,PAYMENT_REVIEW
20419,2013-11-28T00:00:00.000+05:30,3820,PAYMENT_REVIEW
20438,2013-11-29T00:00:00.000+05:30,4622,PAYMENT_REVIEW
20600,2013-11-29T00:00:00.000+05:30,11738,PAYMENT_REVIEW
20654,2013-11-29T00:00:00.000+05:30,1008,PAYMENT_REVIEW
20925,2013-12-01T00:00:00.000+05:30,6416,PAYMENT_REVIEW
20959,2013-12-01T00:00:00.000+05:30,2252,PAYMENT_REVIEW
20967,2013-12-01T00:00:00.000+05:30,2735,PAYMENT_REVIEW
21119,2013-12-01T00:00:00.000+05:30,11588,PAYMENT_REVIEW
21226,2013-12-03T00:00:00.000+05:30,757,PAYMENT_REVIEW
21244,2013-12-03T00:00:00.000+05:30,6491,PAYMENT_REVIEW
21405,2013-12-04T00:00:00.000+05:30,7772,PAYMENT_REVIEW
21438,2013-12-04T00:00:00.000+05:30,1358,PAYMENT_REVIEW
21549,2013-12-05T00:00:00.000+05:30,10262,PAYMENT_REVIEW
21555,2013-12-05T00:00:00.000+05:30,8140,PAYMENT_REVIEW
21705,2013-12-05T00:00:00.000+05:30,9044,PAYMENT_REVIEW
21815,2013-12-06T00:00:00.000+05:30,9641,PAYMENT_REVIEW
22007,2013-12-07T00:00:00.000+05:30,10425,PAYMENT_REVIEW
22176,2013-12-07T00:00:00.000+05:30,396,PAYMENT_REVIEW
22383,2013-12-09T00:00:00.000+05:30,6443,PAYMENT_REVIEW
22509,2013-12-10T00:00:00.000+05:30,7436,PAYMENT_REVIEW
22616,2013-12-11T00:00:00.000+05:30,2192,PAYMENT_REVIEW
22655,2013-12-11T00:00:00.000+05:30,4790,PAYMENT_REVIEW
22669,2013-12-11T00:00:00.000+05:30,10231,PAYMENT_REVIEW
22767,2013-12-11T00:00:00.000+05:30,4258,PAYMENT_REVIEW
22820,2013-12-12T00:00:00.000+05:30,9667,PAYMENT_REVIEW
22909,2013-12-12T00:00:00.000+05:30,10848,PAYMENT_REVIEW
22928,2013-12-13T00:00:00.000+05:30,7285,PAYMENT_REVIEW
22930,2013-12-13T00:00:00.000+05:30,6171,PAYMENT_REVIEW
22943,2013-12-13T00:00:00.000+05:30,1061,PAYMENT_REVIEW
22983,2013-12-13T00:00:00.000+05:30,259,PAYMENT_REVIEW
22990,2013-12-13T00:00:00.000+05:30,2792,PAYMENT_REVIEW
23016,2013-12-14T00:00:00.000+05:30,9855,PAYMENT_REVIEW
23345,2013-12-16T00:00:00.000+05:30,8101,PAYMENT_REVIEW
23357,2013-12-17T00:00:00.000+05:30,1011,PAYMENT_REVIEW
23450,2013-12-18T00:00:00.000+05:30,9568,PAYMENT_REVIEW
24086,2013-12-21T00:00:00.000+05:30,3231,PAYMENT_REVIEW
24211,2013-12-22T00:00:00.000+05:30,7196,PAYMENT_REVIEW
24246,2013-12-22T00:00:00.000+05:30,7317,PAYMENT_REVIEW
24378,2013-12-23T00:00:00.000+05:30,8285,PAYMENT_REVIEW
24563,2013-12-24T00:00:00.000+05:30,9522,PAYMENT_REVIEW
24624,2013-12-24T00:00:00.000+05:30,2959,PAYMENT_REVIEW
24642,2013-12-25T00:00:00.000+05:30,12,PAYMENT_REVIEW
24706,2013-12-25T00:00:00.000+05:30,5246,PAYMENT_REVIEW
24923,2013-12-26T00:00:00.000+05:30,7763,PAYMENT_REVIEW
24957,2013-12-26T00:00:00.000+05:30,6005,PAYMENT_REVIEW
25104,2013-12-27T00:00:00.000+05:30,10208,PAYMENT_REVIEW
25192,2013-12-28T00:00:00.000+05:30,8926,PAYMENT_REVIEW
25346,2013-12-28T00:00:00.000+05:30,8757,PAYMENT_REVIEW
25619,2013-12-30T00:00:00.000+05:30,7349,PAYMENT_REVIEW
25832,2013-12-31T00:00:00.000+05:30,1649,PAYMENT_REVIEW
25911,2014-01-01T00:00:00.000+05:30,6506,PAYMENT_REVIEW
25996,2014-01-02T00:00:00.000+05:30,7218,PAYMENT_REVIEW
26059,2014-01-02T00:00:00.000+05:30,8247,PAYMENT_REVIEW
26157,2014-01-03T00:00:00.000+05:30,6022,PAYMENT_REVIEW
26194,2014-01-03T00:00:00.000+05:30,990,PAYMENT_REVIEW
26270,2014-01-03T00:00:00.000+05:30,9002,PAYMENT_REVIEW
26275,2014-01-03T00:00:00.000+05:30,5547,PAYMENT_REVIEW
26288,2014-01-03T00:00:00.000+05:30,8321,PAYMENT_REVIEW
26470,2014-01-05T00:00:00.000+05:30,8622,PAYMENT_REVIEW
26562,2014-01-05T00:00:00.000+05:30,10213,PAYMENT_REVIEW
26758,2014-01-07T00:00:00.000+05:30,12066,PAYMENT_REVIEW
26791,2014-01-07T00:00:00.000+05:30,1517,PAYMENT_REVIEW
26828,2014-01-07T00:00:00.000+05:30,7582,PAYMENT_REVIEW
26894,2014-01-07T00:00:00.000+05:30,4605,PAYMENT_REVIEW
26926,2014-01-08T00:00:00.000+05:30,10525,PAYMENT_REVIEW
26981,2014-01-09T00:00:00.000+05:30,5037,PAYMENT_REVIEW
27221,2014-01-10T00:00:00.000+05:30,5266,PAYMENT_REVIEW
27314,2014-01-10T00:00:00.000+05:30,4787,PAYMENT_REVIEW
27343,2014-01-11T00:00:00.000+05:30,5250,PAYMENT_REVIEW
27372,2014-01-11T00:00:00.000+05:30,12211,PAYMENT_REVIEW
27379,2014-01-11T00:00:00.000+05:30,9924,PAYMENT_REVIEW
27497,2014-01-11T00:00:00.000+05:30,3184,PAYMENT_REVIEW
27514,2014-01-11T00:00:00.000+05:30,5782,PAYMENT_REVIEW
27621,2014-01-12T00:00:00.000+05:30,3373,PAYMENT_REVIEW
27650,2014-01-12T00:00:00.000+05:30,6829,PAYMENT_REVIEW
27819,2014-01-13T00:00:00.000+05:30,11318,PAYMENT_REVIEW
27930,2014-01-14T00:00:00.000+05:30,282,PAYMENT_REVIEW
27941,2014-01-14T00:00:00.000+05:30,8926,PAYMENT_REVIEW
28028,2014-01-14T00:00:00.000+05:30,11377,PAYMENT_REVIEW
28045,2014-01-14T00:00:00.000+05:30,1417,PAYMENT_REVIEW
28347,2014-01-16T00:00:00.000+05:30,8579,PAYMENT_REVIEW
28404,2014-01-16T00:00:00.000+05:30,3360,PAYMENT_REVIEW
28416,2014-01-16T00:00:00.000+05:30,8445,PAYMENT_REVIEW
28595,2014-01-17T00:00:00.000+05:30,11497,PAYMENT_REVIEW
28597,2014-01-17T00:00:00.000+05:30,4090,PAYMENT_REVIEW
28707,2014-01-18T00:00:00.000+05:30,7994,PAYMENT_REVIEW
28755,2014-01-19T00:00:00.000+05:30,3917,PAYMENT_REVIEW
28761,2014-01-19T00:00:00.000+05:30,10841,PAYMENT_REVIEW
28798,2014-01-19T00:00:00.000+05:30,6086,PAYMENT_REVIEW
28895,2014-01-19T00:00:00.000+05:30,9265,PAYMENT_REVIEW
29049,2014-01-20T00:00:00.000+05:30,7831,PAYMENT_REVIEW
29057,2014-01-20T00:00:00.000+05:30,5928,PAYMENT_REVIEW
29134,2014-01-21T00:00:00.000+05:30,10576,PAYMENT_REVIEW
29268,2014-01-21T00:00:00.000+05:30,9902,PAYMENT_REVIEW
29399,2014-01-22T00:00:00.000+05:30,11527,PAYMENT_REVIEW
29400,2014-01-22T00:00:00.000+05:30,3652,PAYMENT_REVIEW
29419,2014-01-22T00:00:00.000+05:30,10638,PAYMENT_REVIEW
29493,2014-01-23T00:00:00.000+05:30,5288,PAYMENT_REVIEW
29500,2014-01-23T00:00:00.000+05:30,1449,PAYMENT_REVIEW
29545,2014-01-23T00:00:00.000+05:30,2782,PAYMENT_REVIEW
29646,2014-01-24T00:00:00.000+05:30,7883,PAYMENT_REVIEW
29727,2014-01-24T00:00:00.000+05:30,10851,PAYMENT_REVIEW
29761,2014-01-25T00:00:00.000+05:30,4939,PAYMENT_REVIEW
29782,2014-01-25T00:00:00.000+05:30,4994,PAYMENT_REVIEW
29941,2014-01-26T00:00:00.000+05:30,430,PAYMENT_REVIEW
30305,2014-01-29T00:00:00.000+05:30,9702,PAYMENT_REVIEW
30309,2014-01-29T00:00:00.000+05:30,11014,PAYMENT_REVIEW
30353,2014-01-29T00:00:00.000+05:30,6385,PAYMENT_REVIEW
30427,2014-01-30T00:00:00.000+05:30,5773,PAYMENT_REVIEW
30448,2014-01-30T00:00:00.000+05:30,9364,PAYMENT_REVIEW
30542,2014-01-30T00:00:00.000+05:30,1881,PAYMENT_REVIEW
30556,2014-01-30T00:00:00.000+05:30,8156,PAYMENT_REVIEW
30598,2014-01-31T00:00:00.000+05:30,7032,PAYMENT_REVIEW
30652,2014-01-31T00:00:00.000+05:30,3610,PAYMENT_REVIEW
30690,2014-01-31T00:00:00.000+05:30,8431,PAYMENT_REVIEW
30743,2014-01-31T00:00:00.000+05:30,3838,PAYMENT_REVIEW
30809,2014-02-01T00:00:00.000+05:30,4812,PAYMENT_REVIEW
30858,2014-02-01T00:00:00.000+05:30,10834,PAYMENT_REVIEW
30901,2014-02-01T00:00:00.000+05:30,2580,PAYMENT_REVIEW
30913,2014-02-01T00:00:00.000+05:30,8561,PAYMENT_REVIEW
30930,2014-02-01T00:00:00.000+05:30,8232,PAYMENT_REVIEW
30941,2014-02-01T00:00:00.000+05:30,3100,PAYMENT_REVIEW
31084,2014-02-02T00:00:00.000+05:30,10039,PAYMENT_REVIEW
31317,2014-02-03T00:00:00.000+05:30,524,PAYMENT_REVIEW
31531,2014-02-05T00:00:00.000+05:30,731,PAYMENT_REVIEW
31596,2014-02-05T00:00:00.000+05:30,4841,PAYMENT_REVIEW
31730,2014-02-06T00:00:00.000+05:30,5303,PAYMENT_REVIEW
31844,2014-02-07T00:00:00.000+05:30,5372,PAYMENT_REVIEW
31930,2014-02-07T00:00:00.000+05:30,602,PAYMENT_REVIEW
32135,2014-02-09T00:00:00.000+05:30,8977,PAYMENT_REVIEW
32230,2014-02-09T00:00:00.000+05:30,10151,PAYMENT_REVIEW
32611,2014-02-11T00:00:00.000+05:30,5993,PAYMENT_REVIEW
33074,2014-02-14T00:00:00.000+05:30,9373,PAYMENT_REVIEW
33233,2014-02-15T00:00:00.000+05:30,4431,PAYMENT_REVIEW
33259,2014-02-15T00:00:00.000+05:30,10786,PAYMENT_REVIEW
33332,2014-02-16T00:00:00.000+05:30,118,PAYMENT_REVIEW
33496,2014-02-16T00:00:00.000+05:30,3405,PAYMENT_REVIEW
33602,2014-02-17T00:00:00.000+05:30,10627,PAYMENT_REVIEW
33640,2014-02-17T00:00:00.000+05:30,7757,PAYMENT_REVIEW
33651,2014-02-17T00:00:00.000+05:30,9187,PAYMENT_REVIEW
33679,2014-02-17T00:00:00.000+05:30,3363,PAYMENT_REVIEW
33859,2014-02-18T00:00:00.000+05:30,10343,PAYMENT_REVIEW
33890,2014-02-18T00:00:00.000+05:30,9200,PAYMENT_REVIEW
33914,2014-02-18T00:00:00.000+05:30,2126,PAYMENT_REVIEW
34034,2014-02-19T00:00:00.000+05:30,6562,PAYMENT_REVIEW
34130,2014-02-19T00:00:00.000+05:30,7639,PAYMENT_REVIEW
34133,2014-02-19T00:00:00.000+05:30,8291,PAYMENT_REVIEW
34143,2014-02-19T00:00:00.000+05:30,49,PAYMENT_REVIEW
34294,2014-02-21T00:00:00.000+05:30,5037,PAYMENT_REVIEW
34381,2014-02-21T00:00:00.000+05:30,3730,PAYMENT_REVIEW
34514,2014-02-22T00:00:00.000+05:30,5684,PAYMENT_REVIEW
34521,2014-02-22T00:00:00.000+05:30,4454,PAYMENT_REVIEW
34699,2014-02-24T00:00:00.000+05:30,11107,PAYMENT_REVIEW
34809,2014-02-24T00:00:00.000+05:30,5578,PAYMENT_REVIEW
34950,2014-02-25T00:00:00.000+05:30,3422,PAYMENT_REVIEW
35056,2014-02-25T00:00:00.000+05:30,3017,PAYMENT_REVIEW
35256,2014-02-27T00:00:00.000+05:30,7626,PAYMENT_REVIEW
35268,2014-02-27T00:00:00.000+05:30,7010,PAYMENT_REVIEW
35309,2014-02-27T00:00:00.000+05:30,11036,PAYMENT_REVIEW
35356,2014-02-28T00:00:00.000+05:30,9849,PAYMENT_REVIEW
35493,2014-02-28T00:00:00.000+05:30,6076,PAYMENT_REVIEW
35525,2014-02-28T00:00:00.000+05:30,12095,PAYMENT_REVIEW
35631,2014-03-01T00:00:00.000+05:30,2965,PAYMENT_REVIEW
35691,2014-03-01T00:00:00.000+05:30,3280,PAYMENT_REVIEW
35729,2014-03-01T00:00:00.000+05:30,7812,PAYMENT_REVIEW
35828,2014-03-02T00:00:00.000+05:30,4448,PAYMENT_REVIEW
35863,2014-03-03T00:00:00.000+05:30,274,PAYMENT_REVIEW
35903,2014-03-03T00:00:00.000+05:30,1402,PAYMENT_REVIEW
36113,2014-03-04T00:00:00.000+05:30,12430,PAYMENT_REVIEW
36233,2014-03-04T00:00:00.000+05:30,8491,PAYMENT_REVIEW
36396,2014-03-05T00:00:00.000+05:30,6435,PAYMENT_REVIEW
36459,2014-03-05T00:00:00.000+05:30,9891,PAYMENT_REVIEW
36555,2014-03-06T00:00:00.000+05:30,2001,PAYMENT_REVIEW
36910,2014-03-10T00:00:00.000+05:30,7925,PAYMENT_REVIEW
37121,2014-03-11T00:00:00.000+05:30,5257,PAYMENT_REVIEW
37290,2014-03-11T00:00:00.000+05:30,6927,PAYMENT_REVIEW
37371,2014-03-12T00:00:00.000+05:30,11699,PAYMENT_REVIEW
37384,2014-03-12T00:00:00.000+05:30,3482,PAYMENT_REVIEW
37515,2014-03-13T00:00:00.000+05:30,11210,PAYMENT_REVIEW
37539,2014-03-13T00:00:00.000+05:30,8759,PAYMENT_REVIEW
37586,2014-03-13T00:00:00.000+05:30,7885,PAYMENT_REVIEW
37590,2014-03-13T00:00:00.000+05:30,8096,PAYMENT_REVIEW
37737,2014-03-14T00:00:00.000+05:30,273,PAYMENT_REVIEW
37760,2014-03-14T00:00:00.000+05:30,8077,PAYMENT_REVIEW
37963,2014-03-15T00:00:00.000+05:30,11713,PAYMENT_REVIEW
38012,2014-03-15T00:00:00.000+05:30,896,PAYMENT_REVIEW
38153,2014-03-16T00:00:00.000+05:30,11634,PAYMENT_REVIEW
38162,2014-03-16T00:00:00.000+05:30,7097,PAYMENT_REVIEW
38165,2014-03-16T00:00:00.000+05:30,9161,PAYMENT_REVIEW
38362,2014-03-18T00:00:00.000+05:30,1881,PAYMENT_REVIEW
38374,2014-03-18T00:00:00.000+05:30,6944,PAYMENT_REVIEW
38863,2014-03-22T00:00:00.000+05:30,1617,PAYMENT_REVIEW
38891,2014-03-22T00:00:00.000+05:30,2556,PAYMENT_REVIEW
38973,2014-03-22T00:00:00.000+05:30,52,PAYMENT_REVIEW
39029,2014-03-22T00:00:00.000+05:30,10142,PAYMENT_REVIEW
39042,2014-03-22T00:00:00.000+05:30,7656,PAYMENT_REVIEW
39043,2014-03-22T00:00:00.000+05:30,6589,PAYMENT_REVIEW
39078,2014-03-23T00:00:00.000+05:30,7259,PAYMENT_REVIEW
39079,2014-03-23T00:00:00.000+05:30,10456,PAYMENT_REVIEW
39159,2014-03-23T00:00:00.000+05:30,11292,PAYMENT_REVIEW
39240,2014-03-24T00:00:00.000+05:30,11705,PAYMENT_REVIEW
39281,2014-03-24T00:00:00.000+05:30,5807,PAYMENT_REVIEW
39457,2014-03-26T00:00:00.000+05:30,7808,PAYMENT_REVIEW
39706,2014-03-27T00:00:00.000+05:30,468,PAYMENT_REVIEW
39792,2014-03-28T00:00:00.000+05:30,4881,PAYMENT_REVIEW
39923,2014-03-29T00:00:00.000+05:30,12039,PAYMENT_REVIEW
39963,2014-03-29T00:00:00.000+05:30,4793,PAYMENT_REVIEW
40005,2014-03-30T00:00:00.000+05:30,9153,PAYMENT_REVIEW
40024,2014-03-30T00:00:00.000+05:30,9683,PAYMENT_REVIEW
40052,2014-03-30T00:00:00.000+05:30,5682,PAYMENT_REVIEW
40105,2014-03-30T00:00:00.000+05:30,10275,PAYMENT_REVIEW
40116,2014-03-30T00:00:00.000+05:30,1909,PAYMENT_REVIEW
40251,2014-03-31T00:00:00.000+05:30,8085,PAYMENT_REVIEW
40368,2014-03-31T00:00:00.000+05:30,10202,PAYMENT_REVIEW
40374,2014-03-31T00:00:00.000+05:30,7523,PAYMENT_REVIEW
40408,2014-03-31T00:00:00.000+05:30,8850,PAYMENT_REVIEW
40579,2014-04-01T00:00:00.000+05:30,4477,PAYMENT_REVIEW
40886,2014-04-02T00:00:00.000+05:30,6090,PAYMENT_REVIEW
40938,2014-04-03T00:00:00.000+05:30,10974,PAYMENT_REVIEW
41036,2014-04-03T00:00:00.000+05:30,4772,PAYMENT_REVIEW
41136,2014-04-04T00:00:00.000+05:30,11821,PAYMENT_REVIEW
41156,2014-04-04T00:00:00.000+05:30,1638,PAYMENT_REVIEW
41200,2014-04-04T00:00:00.000+05:30,1737,PAYMENT_REVIEW
41290,2014-04-04T00:00:00.000+05:30,8197,PAYMENT_REVIEW
41445,2014-04-06T00:00:00.000+05:30,8024,PAYMENT_REVIEW
41660,2014-04-08T00:00:00.000+05:30,4096,PAYMENT_REVIEW
41737,2014-04-08T00:00:00.000+05:30,3865,PAYMENT_REVIEW
41895,2014-04-09T00:00:00.000+05:30,4121,PAYMENT_REVIEW
42218,2014-04-11T00:00:00.000+05:30,2061,PAYMENT_REVIEW
42269,2014-04-11T00:00:00.000+05:30,9380,PAYMENT_REVIEW
42270,2014-04-11T00:00:00.000+05:30,424,PAYMENT_REVIEW
42295,2014-04-11T00:00:00.000+05:30,10332,PAYMENT_REVIEW
42334,2014-04-12T00:00:00.000+05:30,10407,PAYMENT_REVIEW
42515,2014-04-12T00:00:00.000+05:30,8302,PAYMENT_REVIEW
42594,2014-04-13T00:00:00.000+05:30,5943,PAYMENT_REVIEW
42683,2014-04-14T00:00:00.000+05:30,3595,PAYMENT_REVIEW
42685,2014-04-14T00:00:00.000+05:30,11111,PAYMENT_REVIEW
42755,2014-04-15T00:00:00.000+05:30,2091,PAYMENT_REVIEW
42765,2014-04-15T00:00:00.000+05:30,2385,PAYMENT_REVIEW
42822,2014-04-15T00:00:00.000+05:30,10021,PAYMENT_REVIEW
43053,2014-04-18T00:00:00.000+05:30,1129,PAYMENT_REVIEW
43060,2014-04-18T00:00:00.000+05:30,3280,PAYMENT_REVIEW
43191,2014-04-18T00:00:00.000+05:30,9901,PAYMENT_REVIEW
43529,2014-04-21T00:00:00.000+05:30,5466,PAYMENT_REVIEW
43583,2014-04-21T00:00:00.000+05:30,1294,PAYMENT_REVIEW
43694,2014-04-21T00:00:00.000+05:30,8364,PAYMENT_REVIEW
43705,2014-04-21T00:00:00.000+05:30,6375,PAYMENT_REVIEW
43782,2014-04-22T00:00:00.000+05:30,10662,PAYMENT_REVIEW
43796,2014-04-22T00:00:00.000+05:30,6707,PAYMENT_REVIEW
43847,2014-04-23T00:00:00.000+05:30,8256,PAYMENT_REVIEW
44038,2014-04-24T00:00:00.000+05:30,5372,PAYMENT_REVIEW
44121,2014-04-25T00:00:00.000+05:30,4910,PAYMENT_REVIEW
44237,2014-04-25T00:00:00.000+05:30,10901,PAYMENT_REVIEW
44478,2014-04-26T00:00:00.000+05:30,6211,PAYMENT_REVIEW
44594,2014-04-27T00:00:00.000+05:30,2946,PAYMENT_REVIEW
44705,2014-04-27T00:00:00.000+05:30,11618,PAYMENT_REVIEW
45062,2014-04-29T00:00:00.000+05:30,4598,PAYMENT_REVIEW
45222,2014-05-01T00:00:00.000+05:30,3961,PAYMENT_REVIEW
45384,2014-05-02T00:00:00.000+05:30,5438,PAYMENT_REVIEW
45441,2014-05-02T00:00:00.000+05:30,10037,PAYMENT_REVIEW
45624,2014-05-04T00:00:00.000+05:30,5192,PAYMENT_REVIEW
45710,2014-05-04T00:00:00.000+05:30,12256,PAYMENT_REVIEW
45724,2014-05-04T00:00:00.000+05:30,4620,PAYMENT_REVIEW
45787,2014-05-05T00:00:00.000+05:30,8958,PAYMENT_REVIEW
46141,2014-05-07T00:00:00.000+05:30,1576,PAYMENT_REVIEW
46158,2014-05-07T00:00:00.000+05:30,10635,PAYMENT_REVIEW
46221,2014-05-07T00:00:00.000+05:30,10175,PAYMENT_REVIEW
46284,2014-05-07T00:00:00.000+05:30,9095,PAYMENT_REVIEW
46334,2014-05-08T00:00:00.000+05:30,1002,PAYMENT_REVIEW
46397,2014-05-09T00:00:00.000+05:30,11127,PAYMENT_REVIEW
46403,2014-05-09T00:00:00.000+05:30,8401,PAYMENT_REVIEW
46496,2014-05-09T00:00:00.000+05:30,11888,PAYMENT_REVIEW
46579,2014-05-09T00:00:00.000+05:30,10857,PAYMENT_REVIEW
46745,2014-05-10T00:00:00.000+05:30,9444,PAYMENT_REVIEW
46829,2014-05-11T00:00:00.000+05:30,4649,PAYMENT_REVIEW
46927,2014-05-11T00:00:00.000+05:30,6864,PAYMENT_REVIEW
46951,2014-05-12T00:00:00.000+05:30,6408,PAYMENT_REVIEW
47120,2014-05-12T00:00:00.000+05:30,11301,PAYMENT_REVIEW
47241,2014-05-13T00:00:00.000+05:30,6927,PAYMENT_REVIEW
47262,2014-05-13T00:00:00.000+05:30,8133,PAYMENT_REVIEW
47477,2014-05-15T00:00:00.000+05:30,9248,PAYMENT_REVIEW
47561,2014-05-15T00:00:00.000+05:30,9910,PAYMENT_REVIEW
47684,2014-05-16T00:00:00.000+05:30,9954,PAYMENT_REVIEW
47737,2014-05-16T00:00:00.000+05:30,4719,PAYMENT_REVIEW
47748,2014-05-16T00:00:00.000+05:30,4271,PAYMENT_REVIEW
47821,2014-05-17T00:00:00.000+05:30,12018,PAYMENT_REVIEW
47885,2014-05-17T00:00:00.000+05:30,9682,PAYMENT_REVIEW
47995,2014-05-18T00:00:00.000+05:30,5082,PAYMENT_REVIEW
48121,2014-05-19T00:00:00.000+05:30,1673,PAYMENT_REVIEW
48230,2014-05-20T00:00:00.000+05:30,9460,PAYMENT_REVIEW
48347,2014-05-20T00:00:00.000+05:30,12047,PAYMENT_REVIEW
48448,2014-05-21T00:00:00.000+05:30,9230,PAYMENT_REVIEW
48511,2014-05-21T00:00:00.000+05:30,7762,PAYMENT_REVIEW
48576,2014-05-22T00:00:00.000+05:30,4562,PAYMENT_REVIEW
48751,2014-05-24T00:00:00.000+05:30,7238,PAYMENT_REVIEW
48923,2014-05-25T00:00:00.000+05:30,10685,PAYMENT_REVIEW
48936,2014-05-25T00:00:00.000+05:30,7383,PAYMENT_REVIEW
48967,2014-05-25T00:00:00.000+05:30,6919,PAYMENT_REVIEW
49012,2014-05-26T00:00:00.000+05:30,8921,PAYMENT_REVIEW
49145,2014-05-27T00:00:00.000+05:30,12214,PAYMENT_REVIEW
49162,2014-05-27T00:00:00.000+05:30,345,PAYMENT_REVIEW
49319,2014-05-28T00:00:00.000+05:30,5403,PAYMENT_REVIEW
49481,2014-05-29T00:00:00.000+05:30,10170,PAYMENT_REVIEW
49521,2014-05-30T00:00:00.000+05:30,9597,PAYMENT_REVIEW
49591,2014-05-30T00:00:00.000+05:30,701,PAYMENT_REVIEW
49615,2014-05-31T00:00:00.000+05:30,10429,PAYMENT_REVIEW
50095,2014-06-03T00:00:00.000+05:30,8463,PAYMENT_REVIEW
50143,2014-06-03T00:00:00.000+05:30,941,PAYMENT_REVIEW
50211,2014-06-04T00:00:00.000+05:30,753,PAYMENT_REVIEW
50273,2014-06-05T00:00:00.000+05:30,9399,PAYMENT_REVIEW
50427,2014-06-06T00:00:00.000+05:30,2610,PAYMENT_REVIEW
50514,2014-06-07T00:00:00.000+05:30,5813,PAYMENT_REVIEW
50776,2014-06-08T00:00:00.000+05:30,9820,PAYMENT_REVIEW
50907,2014-06-09T00:00:00.000+05:30,8259,PAYMENT_REVIEW
51109,2014-06-10T00:00:00.000+05:30,11757,PAYMENT_REVIEW
51149,2014-06-10T00:00:00.000+05:30,7880,PAYMENT_REVIEW
51239,2014-06-11T00:00:00.000+05:30,11578,PAYMENT_REVIEW
51302,2014-06-12T00:00:00.000+05:30,2172,PAYMENT_REVIEW
51304,2014-06-12T00:00:00.000+05:30,4334,PAYMENT_REVIEW
51802,2014-06-14T00:00:00.000+05:30,1581,PAYMENT_REVIEW
51944,2014-06-15T00:00:00.000+05:30,7706,PAYMENT_REVIEW
52009,2014-06-16T00:00:00.000+05:30,9511,PAYMENT_REVIEW
52074,2014-06-16T00:00:00.000+05:30,381,PAYMENT_REVIEW
52233,2014-06-17T00:00:00.000+05:30,2802,PAYMENT_REVIEW
52291,2014-06-18T00:00:00.000+05:30,9486,PAYMENT_REVIEW
52435,2014-06-19T00:00:00.000+05:30,4057,PAYMENT_REVIEW
52472,2014-06-19T00:00:00.000+05:30,2641,PAYMENT_REVIEW
52568,2014-06-19T00:00:00.000+05:30,2983,PAYMENT_REVIEW
52576,2014-06-19T00:00:00.000+05:30,6746,PAYMENT_REVIEW
52711,2014-06-20T00:00:00.000+05:30,6358,PAYMENT_REVIEW
52808,2014-06-22T00:00:00.000+05:30,8657,PAYMENT_REVIEW
52899,2014-06-23T00:00:00.000+05:30,1721,PAYMENT_REVIEW
53021,2014-06-24T00:00:00.000+05:30,6753,PAYMENT_REVIEW
53091,2014-06-24T00:00:00.000+05:30,11956,PAYMENT_REVIEW
53189,2014-06-25T00:00:00.000+05:30,4636,PAYMENT_REVIEW
53301,2014-06-25T00:00:00.000+05:30,12366,PAYMENT_REVIEW
53322,2014-06-25T00:00:00.000+05:30,2785,PAYMENT_REVIEW
53348,2014-06-26T00:00:00.000+05:30,7667,PAYMENT_REVIEW
53374,2014-06-26T00:00:00.000+05:30,1888,PAYMENT_REVIEW
53476,2014-06-27T00:00:00.000+05:30,3683,PAYMENT_REVIEW
53513,2014-06-27T00:00:00.000+05:30,10785,PAYMENT_REVIEW
53720,2014-06-28T00:00:00.000+05:30,12382,PAYMENT_REVIEW
53793,2014-06-29T00:00:00.000+05:30,1011,PAYMENT_REVIEW
53812,2014-06-29T00:00:00.000+05:30,3748,PAYMENT_REVIEW
53818,2014-06-29T00:00:00.000+05:30,11102,PAYMENT_REVIEW
53822,2014-06-29T00:00:00.000+05:30,8981,PAYMENT_REVIEW
53951,2014-06-30T00:00:00.000+05:30,2704,PAYMENT_REVIEW
53959,2014-06-30T00:00:00.000+05:30,5484,PAYMENT_REVIEW
54001,2014-06-30T00:00:00.000+05:30,863,PAYMENT_REVIEW
54059,2014-07-01T00:00:00.000+05:30,9750,PAYMENT_REVIEW
54303,2014-07-03T00:00:00.000+05:30,6277,PAYMENT_REVIEW
54304,2014-07-03T00:00:00.000+05:30,9976,PAYMENT_REVIEW
54505,2014-07-04T00:00:00.000+05:30,11064,PAYMENT_REVIEW
54646,2014-07-05T00:00:00.000+05:30,3919,PAYMENT_REVIEW
54775,2014-07-06T00:00:00.000+05:30,8342,PAYMENT_REVIEW
54798,2014-07-06T00:00:00.000+05:30,5887,PAYMENT_REVIEW
54933,2014-07-07T00:00:00.000+05:30,8647,PAYMENT_REVIEW
55013,2014-07-08T00:00:00.000+05:30,3492,PAYMENT_REVIEW
55028,2014-07-08T00:00:00.000+05:30,7859,PAYMENT_REVIEW
55055,2014-07-08T00:00:00.000+05:30,11978,PAYMENT_REVIEW
55170,2014-07-08T00:00:00.000+05:30,2970,PAYMENT_REVIEW
55184,2014-07-09T00:00:00.000+05:30,9112,PAYMENT_REVIEW
55193,2014-07-09T00:00:00.000+05:30,11329,PAYMENT_REVIEW
55250,2014-07-09T00:00:00.000+05:30,2853,PAYMENT_REVIEW
55272,2014-07-09T00:00:00.000+05:30,4595,PAYMENT_REVIEW
55293,2014-07-09T00:00:00.000+05:30,4837,PAYMENT_REVIEW
55458,2014-07-10T00:00:00.000+05:30,2969,PAYMENT_REVIEW
55475,2014-07-11T00:00:00.000+05:30,9879,PAYMENT_REVIEW
55559,2014-07-11T00:00:00.000+05:30,7199,PAYMENT_REVIEW
55567,2014-07-11T00:00:00.000+05:30,846,PAYMENT_REVIEW
55603,2014-07-12T00:00:00.000+05:30,4707,PAYMENT_REVIEW
55631,2014-07-12T00:00:00.000+05:30,5211,PAYMENT_REVIEW
55692,2014-07-12T00:00:00.000+05:30,1067,PAYMENT_REVIEW
55700,2014-07-12T00:00:00.000+05:30,3053,PAYMENT_REVIEW
55784,2014-07-13T00:00:00.000+05:30,864,PAYMENT_REVIEW
55846,2014-07-13T00:00:00.000+05:30,3119,PAYMENT_REVIEW
56097,2014-07-15T00:00:00.000+05:30,1950,PAYMENT_REVIEW
56137,2014-07-15T00:00:00.000+05:30,6950,PAYMENT_REVIEW
56414,2014-07-17T00:00:00.000+05:30,12202,PAYMENT_REVIEW
56540,2014-07-18T00:00:00.000+05:30,6255,PAYMENT_REVIEW
56576,2014-07-18T00:00:00.000+05:30,9320,PAYMENT_REVIEW
56657,2014-07-18T00:00:00.000+05:30,867,PAYMENT_REVIEW
56811,2014-07-19T00:00:00.000+05:30,3131,PAYMENT_REVIEW
56817,2014-07-19T00:00:00.000+05:30,9732,PAYMENT_REVIEW
56908,2014-07-20T00:00:00.000+05:30,6023,PAYMENT_REVIEW
56932,2014-07-20T00:00:00.000+05:30,6970,PAYMENT_REVIEW
57006,2014-07-20T00:00:00.000+05:30,3531,PAYMENT_REVIEW
57142,2014-07-20T00:00:00.000+05:30,6158,PAYMENT_REVIEW
57216,2014-07-21T00:00:00.000+05:30,1672,PAYMENT_REVIEW
57347,2014-07-21T00:00:00.000+05:30,12246,PAYMENT_REVIEW
57381,2014-07-22T00:00:00.000+05:30,6969,PAYMENT_REVIEW
57558,2014-07-23T00:00:00.000+05:30,6284,PAYMENT_REVIEW
57602,2014-07-24T00:00:00.000+05:30,5033,PAYMENT_REVIEW
57730,2014-07-24T00:00:00.000+05:30,8758,PAYMENT_REVIEW
57838,2013-07-27T00:00:00.000+05:30,6213,PAYMENT_REVIEW
58041,2013-08-04T00:00:00.000+05:30,2017,PAYMENT_REVIEW
58257,2013-08-14T00:00:00.000+05:30,11784,PAYMENT_REVIEW
58474,2013-08-22T00:00:00.000+05:30,3470,PAYMENT_REVIEW
58742,2013-08-31T00:00:00.000+05:30,2869,PAYMENT_REVIEW
58801,2013-09-03T00:00:00.000+05:30,1098,PAYMENT_REVIEW
58917,2013-09-07T00:00:00.000+05:30,12433,PAYMENT_REVIEW
58984,2013-09-10T00:00:00.000+05:30,11497,PAYMENT_REVIEW
59153,2013-09-17T00:00:00.000+05:30,5888,PAYMENT_REVIEW
59210,2013-09-20T00:00:00.000+05:30,6696,PAYMENT_REVIEW
59298,2013-09-24T00:00:00.000+05:30,2495,PAYMENT_REVIEW
59508,2013-10-01T00:00:00.000+05:30,3581,PAYMENT_REVIEW
59565,2013-10-03T00:00:00.000+05:30,7760,PAYMENT_REVIEW
59606,2013-10-04T00:00:00.000+05:30,4386,PAYMENT_REVIEW
59619,2013-10-04T00:00:00.000+05:30,9679,PAYMENT_REVIEW
59832,2013-10-14T00:00:00.000+05:30,6067,PAYMENT_REVIEW
60208,2013-10-30T00:00:00.000+05:30,1888,PAYMENT_REVIEW
60328,2013-11-03T00:00:00.000+05:30,1408,PAYMENT_REVIEW
60624,2013-11-14T00:00:00.000+05:30,4754,PAYMENT_REVIEW
60625,2013-11-14T00:00:00.000+05:30,9472,PAYMENT_REVIEW
60670,2013-11-16T00:00:00.000+05:30,7448,PAYMENT_REVIEW
60800,2013-11-20T00:00:00.000+05:30,2797,PAYMENT_REVIEW
60858,2013-11-22T00:00:00.000+05:30,9415,PAYMENT_REVIEW
60899,2013-11-24T00:00:00.000+05:30,11015,PAYMENT_REVIEW
61026,2013-11-27T00:00:00.000+05:30,2762,PAYMENT_REVIEW
61144,2013-12-03T00:00:00.000+05:30,10572,PAYMENT_REVIEW
61168,2013-12-03T00:00:00.000+05:30,7751,PAYMENT_REVIEW
61305,2013-12-09T00:00:00.000+05:30,2335,PAYMENT_REVIEW
61383,2013-12-12T00:00:00.000+05:30,1577,PAYMENT_REVIEW
61589,2013-12-19T00:00:00.000+05:30,188,PAYMENT_REVIEW
61709,2013-12-23T00:00:00.000+05:30,7184,PAYMENT_REVIEW
61720,2013-12-24T00:00:00.000+05:30,11334,PAYMENT_REVIEW
61788,2013-12-26T00:00:00.000+05:30,10182,PAYMENT_REVIEW
61789,2013-12-26T00:00:00.000+05:30,3323,PAYMENT_REVIEW
61806,2013-12-26T00:00:00.000+05:30,1131,PAYMENT_REVIEW
61824,2013-12-28T00:00:00.000+05:30,6570,PAYMENT_REVIEW
61899,2014-01-01T00:00:00.000+05:30,9554,PAYMENT_REVIEW
61926,2014-01-02T00:00:00.000+05:30,10393,PAYMENT_REVIEW
61930,2014-01-02T00:00:00.000+05:30,8786,PAYMENT_REVIEW
62051,2014-01-06T00:00:00.000+05:30,2266,PAYMENT_REVIEW
62111,2014-01-09T00:00:00.000+05:30,8628,PAYMENT_REVIEW
62286,2014-01-15T00:00:00.000+05:30,8054,PAYMENT_REVIEW
62597,2014-01-26T00:00:00.000+05:30,11736,PAYMENT_REVIEW
62629,2014-01-27T00:00:00.000+05:30,1286,PAYMENT_REVIEW
62653,2014-01-27T00:00:00.000+05:30,9603,PAYMENT_REVIEW
62770,2014-01-31T00:00:00.000+05:30,11880,PAYMENT_REVIEW
62830,2014-02-03T00:00:00.000+05:30,2712,PAYMENT_REVIEW
62876,2014-02-05T00:00:00.000+05:30,3177,PAYMENT_REVIEW
62970,2014-02-08T00:00:00.000+05:30,481,PAYMENT_REVIEW
63113,2014-02-13T00:00:00.000+05:30,9317,PAYMENT_REVIEW
63117,2014-02-13T00:00:00.000+05:30,6447,PAYMENT_REVIEW
63187,2014-02-15T00:00:00.000+05:30,1061,PAYMENT_REVIEW
63273,2014-02-19T00:00:00.000+05:30,10985,PAYMENT_REVIEW
63279,2014-02-19T00:00:00.000+05:30,8205,PAYMENT_REVIEW
63375,2014-02-23T00:00:00.000+05:30,1779,PAYMENT_REVIEW
63453,2014-02-26T00:00:00.000+05:30,12060,PAYMENT_REVIEW
63548,2014-03-02T00:00:00.000+05:30,8812,PAYMENT_REVIEW
63618,2014-03-04T00:00:00.000+05:30,7090,PAYMENT_REVIEW
63686,2014-03-07T00:00:00.000+05:30,11005,PAYMENT_REVIEW
63695,2014-03-07T00:00:00.000+05:30,1568,PAYMENT_REVIEW
63734,2014-03-10T00:00:00.000+05:30,7436,PAYMENT_REVIEW
63859,2014-03-15T00:00:00.000+05:30,7239,PAYMENT_REVIEW
63946,2014-03-18T00:00:00.000+05:30,1352,PAYMENT_REVIEW
63995,2014-03-19T00:00:00.000+05:30,2818,PAYMENT_REVIEW
64071,2014-03-23T00:00:00.000+05:30,185,PAYMENT_REVIEW
64180,2014-03-27T00:00:00.000+05:30,8164,PAYMENT_REVIEW
64210,2014-03-28T00:00:00.000+05:30,9556,PAYMENT_REVIEW
64322,2014-04-03T00:00:00.000+05:30,2737,PAYMENT_REVIEW
64327,2014-04-03T00:00:00.000+05:30,5536,PAYMENT_REVIEW
64328,2014-04-03T00:00:00.000+05:30,7278,PAYMENT_REVIEW
64438,2014-04-07T00:00:00.000+05:30,2185,PAYMENT_REVIEW
64559,2014-04-11T00:00:00.000+05:30,10366,PAYMENT_REVIEW
64610,2014-04-12T00:00:00.000+05:30,1419,PAYMENT_REVIEW
64663,2014-04-15T00:00:00.000+05:30,5053,PAYMENT_REVIEW
64714,2014-04-16T00:00:00.000+05:30,11352,PAYMENT_REVIEW
64775,2014-04-19T00:00:00.000+05:30,5576,PAYMENT_REVIEW
64914,2014-04-23T00:00:00.000+05:30,1785,PAYMENT_REVIEW
64968,2014-04-25T00:00:00.000+05:30,4741,PAYMENT_REVIEW
65269,2014-05-07T00:00:00.000+05:30,4712,PAYMENT_REVIEW
65412,2014-05-11T00:00:00.000+05:30,9184,PAYMENT_REVIEW
65680,2014-05-22T00:00:00.000+05:30,9161,PAYMENT_REVIEW
65709,2014-05-23T00:00:00.000+05:30,1930,PAYMENT_REVIEW
65929,2014-06-02T00:00:00.000+05:30,5797,PAYMENT_REVIEW
66018,2014-06-04T00:00:00.000+05:30,11503,PAYMENT_REVIEW
66099,2014-06-07T00:00:00.000+05:30,8346,PAYMENT_REVIEW
66194,2014-06-11T00:00:00.000+05:30,1332,PAYMENT_REVIEW
66226,2014-06-11T00:00:00.000+05:30,8873,PAYMENT_REVIEW
66261,2014-06-13T00:00:00.000+05:30,6604,PAYMENT_REVIEW
66263,2014-06-13T00:00:00.000+05:30,6661,PAYMENT_REVIEW
66328,2014-06-14T00:00:00.000+05:30,4520,PAYMENT_REVIEW
66406,2014-06-18T00:00:00.000+05:30,866,PAYMENT_REVIEW
66438,2014-06-19T00:00:00.000+05:30,10373,PAYMENT_REVIEW
66441,2014-06-19T00:00:00.000+05:30,2175,PAYMENT_REVIEW
66518,2014-06-21T00:00:00.000+05:30,6615,PAYMENT_REVIEW
66547,2014-06-22T00:00:00.000+05:30,7647,PAYMENT_REVIEW
66781,2014-07-01T00:00:00.000+05:30,3526,PAYMENT_REVIEW
66820,2014-07-03T00:00:00.000+05:30,1545,PAYMENT_REVIEW
66845,2014-07-04T00:00:00.000+05:30,10239,PAYMENT_REVIEW
66976,2014-07-08T00:00:00.000+05:30,616,PAYMENT_REVIEW
67119,2014-07-15T00:00:00.000+05:30,4372,PAYMENT_REVIEW
67147,2014-07-15T00:00:00.000+05:30,412,PAYMENT_REVIEW
67263,2014-07-19T00:00:00.000+05:30,10032,PAYMENT_REVIEW
67283,2014-07-20T00:00:00.000+05:30,9328,PAYMENT_REVIEW
67379,2014-07-23T00:00:00.000+05:30,3937,PAYMENT_REVIEW
67420,2013-07-26T00:00:00.000+05:30,6005,PAYMENT_REVIEW
67427,2013-07-28T00:00:00.000+05:30,609,PAYMENT_REVIEW
67597,2013-09-10T00:00:00.000+05:30,2859,PAYMENT_REVIEW
67638,2013-09-21T00:00:00.000+05:30,2310,PAYMENT_REVIEW
67769,2013-11-03T00:00:00.000+05:30,4035,PAYMENT_REVIEW
68010,2014-01-13T00:00:00.000+05:30,7095,PAYMENT_REVIEW
68179,2014-02-26T00:00:00.000+05:30,10967,PAYMENT_REVIEW
68237,2014-03-15T00:00:00.000+05:30,3475,PAYMENT_REVIEW
68254,2014-03-20T00:00:00.000+05:30,9915,PAYMENT_REVIEW
68264,2014-03-23T00:00:00.000+05:30,2182,PAYMENT_REVIEW
68293,2014-03-30T00:00:00.000+05:30,4197,PAYMENT_REVIEW
68418,2014-05-04T00:00:00.000+05:30,2804,PAYMENT_REVIEW
68562,2014-06-15T00:00:00.000+05:30,6385,PAYMENT_REVIEW
68568,2014-06-19T00:00:00.000+05:30,7418,PAYMENT_REVIEW
