54460,2014-07-04T00:00:00.000+05:30,147,CLOSED
54468,2014-07-04T00:00:00.000+05:30,3906,CLOSED
54483,2014-07-04T00:00:00.000+05:30,10256,CLOSED
54490,2014-07-04T00:00:00.000+05:30,10303,CLOSED
54502,2014-07-04T00:00:00.000+05:30,9923,CLOSED
54511,2014-07-04T00:00:00.000+05:30,11559,CLOSED
54513,2014-07-04T00:00:00.000+05:30,5918,CLOSED
54519,2014-07-04T00:00:00.000+05:30,4619,CLOSED
54521,2014-07-04T00:00:00.000+05:30,5090,CLOSED
54533,2014-07-04T00:00:00.000+05:30,9635,CLOSED
54539,2014-07-04T00:00:00.000+05:30,851,CLOSED
54541,2014-07-04T00:00:00.000+05:30,10220,CLOSED
54542,2014-07-04T00:00:00.000+05:30,7166,CLOSED
54546,2014-07-04T00:00:00.000+05:30,10053,CLOSED
54548,2014-07-04T00:00:00.000+05:30,4182,CLOSED
54578,2014-07-05T00:00:00.000+05:30,6179,CLOSED
54587,2014-07-05T00:00:00.000+05:30,4942,CLOSED
54589,2014-07-05T00:00:00.000+05:30,10432,CLOSED
54593,2014-07-05T00:00:00.000+05:30,9226,CLOSED
54608,2014-07-05T00:00:00.000+05:30,7296,CLOSED
54617,2014-07-05T00:00:00.000+05:30,10454,CLOSED
54619,2014-07-05T00:00:00.000+05:30,7259,CLOSED
54621,2014-07-05T00:00:00.000+05:30,11428,CLOSED
54624,2014-07-05T00:00:00.000+05:30,11439,CLOSED
54626,2014-07-05T00:00:00.000+05:30,1771,CLOSED
54627,2014-07-05T00:00:00.000+05:30,9847,CLOSED
54651,2014-07-05T00:00:00.000+05:30,10277,CLOSED
54652,2014-07-05T00:00:00.000+05:30,6962,CLOSED
54657,2014-07-05T00:00:00.000+05:30,8761,CLOSED
54677,2014-07-05T00:00:00.000+05:30,9967,CLOSED
54692,2014-07-05T00:00:00.000+05:30,7692,CLOSED
54708,2014-07-05T00:00:00.000+05:30,11308,CLOSED
54714,2014-07-05T00:00:00.000+05:30,3736,CLOSED
54720,2014-07-05T00:00:00.000+05:30,7739,CLOSED
54746,2014-07-06T00:00:00.000+05:30,10015,CLOSED
54750,2014-07-06T00:00:00.000+05:30,4281,CLOSED
54760,2014-07-06T00:00:00.000+05:30,11665,CLOSED
54768,2014-07-06T00:00:00.000+05:30,6999,CLOSED
54783,2014-07-06T00:00:00.000+05:30,2918,CLOSED
54797,2014-07-06T00:00:00.000+05:30,6877,CLOSED
54803,2014-07-06T00:00:00.000+05:30,1061,CLOSED
54820,2014-07-07T00:00:00.000+05:30,3456,CLOSED
54839,2014-07-07T00:00:00.000+05:30,3721,CLOSED
54842,2014-07-07T00:00:00.000+05:30,7110,CLOSED
54848,2014-07-07T00:00:00.000+05:30,9639,CLOSED
54860,2014-07-07T00:00:00.000+05:30,2553,CLOSED
54864,2014-07-07T00:00:00.000+05:30,10216,CLOSED
54870,2014-07-07T00:00:00.000+05:30,4544,CLOSED
54878,2014-07-07T00:00:00.000+05:30,2009,CLOSED
54881,2014-07-07T00:00:00.000+05:30,4817,CLOSED
54882,2014-07-07T00:00:00.000+05:30,11437,CLOSED
54885,2014-07-07T00:00:00.000+05:30,5881,CLOSED
54890,2014-07-07T00:00:00.000+05:30,1824,CLOSED
54901,2014-07-07T00:00:00.000+05:30,8203,CLOSED
54902,2014-07-07T00:00:00.000+05:30,7266,CLOSED
54909,2014-07-07T00:00:00.000+05:30,10018,CLOSED
54910,2014-07-07T00:00:00.000+05:30,2715,CLOSED
54919,2014-07-07T00:00:00.000+05:30,8237,CLOSED
54922,2014-07-07T00:00:00.000+05:30,6383,CLOSED
54925,2014-07-07T00:00:00.000+05:30,2801,CLOSED
54942,2014-07-08T00:00:00.000+05:30,352,CLOSED
54950,2014-07-08T00:00:00.000+05:30,2906,CLOSED
54985,2014-07-08T00:00:00.000+05:30,2239,CLOSED
54993,2014-07-08T00:00:00.000+05:30,8400,CLOSED
55008,2014-07-08T00:00:00.000+05:30,3146,CLOSED
55014,2014-07-08T00:00:00.000+05:30,5392,CLOSED
55015,2014-07-08T00:00:00.000+05:30,9475,CLOSED
55037,2014-07-08T00:00:00.000+05:30,7823,CLOSED
55068,2014-07-08T00:00:00.000+05:30,3815,CLOSED
55082,2014-07-08T00:00:00.000+05:30,4481,CLOSED
55094,2014-07-08T00:00:00.000+05:30,7964,CLOSED
55095,2014-07-08T00:00:00.000+05:30,2301,CLOSED
55096,2014-07-08T00:00:00.000+05:30,6159,CLOSED
55100,2014-07-08T00:00:00.000+05:30,8772,CLOSED
55101,2014-07-08T00:00:00.000+05:30,3438,CLOSED
55102,2014-07-08T00:00:00.000+05:30,1204,CLOSED
55108,2014-07-08T00:00:00.000+05:30,6483,CLOSED
55116,2014-07-08T00:00:00.000+05:30,4520,CLOSED
55119,2014-07-08T00:00:00.000+05:30,2259,CLOSED
55124,2014-07-08T00:00:00.000+05:30,5717,CLOSED
55141,2014-07-08T00:00:00.000+05:30,7786,CLOSED
55145,2014-07-08T00:00:00.000+05:30,818,CLOSED
55162,2014-07-08T00:00:00.000+05:30,3641,CLOSED
55164,2014-07-08T00:00:00.000+05:30,11817,CLOSED
55168,2014-07-08T00:00:00.000+05:30,9051,CLOSED
55180,2014-07-08T00:00:00.000+05:30,9626,CLOSED
55190,2014-07-09T00:00:00.000+05:30,1692,CLOSED
55192,2014-07-09T00:00:00.000+05:30,9018,CLOSED
55210,2014-07-09T00:00:00.000+05:30,1014,CLOSED
55213,2014-07-09T00:00:00.000+05:30,4564,CLOSED
55214,2014-07-09T00:00:00.000+05:30,11305,CLOSED
55216,2014-07-09T00:00:00.000+05:30,3456,CLOSED
55224,2014-07-09T00:00:00.000+05:30,6777,CLOSED
55225,2014-07-09T00:00:00.000+05:30,5260,CLOSED
55246,2014-07-09T00:00:00.000+05:30,11993,CLOSED
55251,2014-07-09T00:00:00.000+05:30,9327,CLOSED
55264,2014-07-09T00:00:00.000+05:30,1661,CLOSED
55282,2014-07-09T00:00:00.000+05:30,4814,CLOSED
55302,2014-07-09T00:00:00.000+05:30,4568,CLOSED
55303,2014-07-10T00:00:00.000+05:30,3285,CLOSED
55306,2014-07-10T00:00:00.000+05:30,8674,CLOSED
55321,2014-07-10T00:00:00.000+05:30,9476,CLOSED
55322,2014-07-10T00:00:00.000+05:30,11101,CLOSED
55327,2014-07-10T00:00:00.000+05:30,8687,CLOSED
55333,2014-07-10T00:00:00.000+05:30,3634,CLOSED
55339,2014-07-10T00:00:00.000+05:30,8244,CLOSED
55340,2014-07-10T00:00:00.000+05:30,2727,CLOSED
55351,2014-07-10T00:00:00.000+05:30,3796,CLOSED
55364,2014-07-10T00:00:00.000+05:30,2430,CLOSED
55373,2014-07-10T00:00:00.000+05:30,4053,CLOSED
55389,2014-07-10T00:00:00.000+05:30,9296,CLOSED
55394,2014-07-10T00:00:00.000+05:30,2754,CLOSED
55405,2014-07-10T00:00:00.000+05:30,2626,CLOSED
55419,2014-07-10T00:00:00.000+05:30,10644,CLOSED
55423,2014-07-10T00:00:00.000+05:30,12156,CLOSED
55427,2014-07-10T00:00:00.000+05:30,12137,CLOSED
55428,2014-07-10T00:00:00.000+05:30,6044,CLOSED
55434,2014-07-10T00:00:00.000+05:30,9320,CLOSED
55441,2014-07-10T00:00:00.000+05:30,3504,CLOSED
55448,2014-07-10T00:00:00.000+05:30,11342,CLOSED
55451,2014-07-10T00:00:00.000+05:30,9419,CLOSED
55460,2014-07-10T00:00:00.000+05:30,1126,CLOSED
55461,2014-07-10T00:00:00.000+05:30,2740,CLOSED
55477,2014-07-11T00:00:00.000+05:30,437,CLOSED
55485,2014-07-11T00:00:00.000+05:30,12256,CLOSED
55491,2014-07-11T00:00:00.000+05:30,3628,CLOSED
55493,2014-07-11T00:00:00.000+05:30,229,CLOSED
55495,2014-07-11T00:00:00.000+05:30,8784,CLOSED
55502,2014-07-11T00:00:00.000+05:30,10295,CLOSED
55506,2014-07-11T00:00:00.000+05:30,7108,CLOSED
55524,2014-07-11T00:00:00.000+05:30,5454,CLOSED
55526,2014-07-11T00:00:00.000+05:30,2112,CLOSED
55538,2014-07-11T00:00:00.000+05:30,3304,CLOSED
55581,2014-07-11T00:00:00.000+05:30,11423,CLOSED
55586,2014-07-11T00:00:00.000+05:30,5795,CLOSED
55588,2014-07-11T00:00:00.000+05:30,1057,CLOSED
55590,2014-07-11T00:00:00.000+05:30,5316,CLOSED
55595,2014-07-12T00:00:00.000+05:30,10841,CLOSED
55599,2014-07-12T00:00:00.000+05:30,10483,CLOSED
55601,2014-07-12T00:00:00.000+05:30,7642,CLOSED
55605,2014-07-12T00:00:00.000+05:30,1055,CLOSED
55612,2014-07-12T00:00:00.000+05:30,5158,CLOSED
55621,2014-07-12T00:00:00.000+05:30,7670,CLOSED
55643,2014-07-12T00:00:00.000+05:30,11089,CLOSED
55645,2014-07-12T00:00:00.000+05:30,11663,CLOSED
55646,2014-07-12T00:00:00.000+05:30,7478,CLOSED
55662,2014-07-12T00:00:00.000+05:30,2407,CLOSED
55665,2014-07-12T00:00:00.000+05:30,7161,CLOSED
55668,2014-07-12T00:00:00.000+05:30,205,CLOSED
55669,2014-07-12T00:00:00.000+05:30,6229,CLOSED
55680,2014-07-12T00:00:00.000+05:30,4604,CLOSED
55706,2014-07-12T00:00:00.000+05:30,3343,CLOSED
55707,2014-07-12T00:00:00.000+05:30,6265,CLOSED
55718,2014-07-12T00:00:00.000+05:30,4160,CLOSED
55734,2014-07-12T00:00:00.000+05:30,5582,CLOSED
55741,2014-07-13T00:00:00.000+05:30,9145,CLOSED
55746,2014-07-13T00:00:00.000+05:30,3022,CLOSED
55753,2014-07-13T00:00:00.000+05:30,2623,CLOSED
55757,2014-07-13T00:00:00.000+05:30,9212,CLOSED
55776,2014-07-13T00:00:00.000+05:30,9659,CLOSED
55812,2014-07-13T00:00:00.000+05:30,321,CLOSED
55815,2014-07-13T00:00:00.000+05:30,7434,CLOSED
55820,2014-07-13T00:00:00.000+05:30,11852,CLOSED
55826,2014-07-13T00:00:00.000+05:30,12111,CLOSED
55840,2014-07-13T00:00:00.000+05:30,12177,CLOSED
55841,2014-07-13T00:00:00.000+05:30,3812,CLOSED
55854,2014-07-13T00:00:00.000+05:30,2581,CLOSED
55866,2014-07-13T00:00:00.000+05:30,10255,CLOSED
55875,2014-07-13T00:00:00.000+05:30,6853,CLOSED
55878,2014-07-13T00:00:00.000+05:30,8964,CLOSED
55889,2014-07-13T00:00:00.000+05:30,10403,CLOSED
55891,2014-07-13T00:00:00.000+05:30,5030,CLOSED
55897,2014-07-13T00:00:00.000+05:30,291,CLOSED
55901,2014-07-13T00:00:00.000+05:30,9520,CLOSED
55912,2014-07-13T00:00:00.000+05:30,7985,CLOSED
55927,2014-07-14T00:00:00.000+05:30,1980,CLOSED
55929,2014-07-14T00:00:00.000+05:30,4611,CLOSED
55931,2014-07-14T00:00:00.000+05:30,4348,CLOSED
55945,2014-07-14T00:00:00.000+05:30,4902,CLOSED
55967,2014-07-14T00:00:00.000+05:30,6473,CLOSED
55985,2014-07-14T00:00:00.000+05:30,10481,CLOSED
56011,2014-07-14T00:00:00.000+05:30,10537,CLOSED
56016,2014-07-14T00:00:00.000+05:30,109,CLOSED
56027,2014-07-14T00:00:00.000+05:30,6215,CLOSED
56028,2014-07-14T00:00:00.000+05:30,7399,CLOSED
56030,2014-07-14T00:00:00.000+05:30,9378,CLOSED
56064,2014-07-15T00:00:00.000+05:30,12109,CLOSED
56071,2014-07-15T00:00:00.000+05:30,3083,CLOSED
56072,2014-07-15T00:00:00.000+05:30,11073,CLOSED
56081,2014-07-15T00:00:00.000+05:30,8446,CLOSED
56124,2014-07-15T00:00:00.000+05:30,4878,CLOSED
56129,2014-07-15T00:00:00.000+05:30,8620,CLOSED
56130,2014-07-15T00:00:00.000+05:30,1764,CLOSED
56140,2014-07-15T00:00:00.000+05:30,6972,CLOSED
56147,2014-07-15T00:00:00.000+05:30,6582,CLOSED
56196,2014-07-15T00:00:00.000+05:30,7089,CLOSED
56203,2014-07-15T00:00:00.000+05:30,1021,CLOSED
56216,2014-07-15T00:00:00.000+05:30,1205,CLOSED
56218,2014-07-15T00:00:00.000+05:30,11411,CLOSED
56235,2014-07-15T00:00:00.000+05:30,4572,CLOSED
56236,2014-07-15T00:00:00.000+05:30,7722,CLOSED
56243,2014-07-15T00:00:00.000+05:30,7267,CLOSED
56246,2014-07-15T00:00:00.000+05:30,6549,CLOSED
56247,2014-07-15T00:00:00.000+05:30,9122,CLOSED
56248,2014-07-15T00:00:00.000+05:30,5183,CLOSED
56265,2014-07-15T00:00:00.000+05:30,2282,CLOSED
56271,2014-07-15T00:00:00.000+05:30,90,CLOSED
56273,2014-07-15T00:00:00.000+05:30,11570,CLOSED
56291,2014-07-16T00:00:00.000+05:30,8563,CLOSED
56292,2014-07-16T00:00:00.000+05:30,12131,CLOSED
56293,2014-07-16T00:00:00.000+05:30,5287,CLOSED
56295,2014-07-16T00:00:00.000+05:30,1438,CLOSED
56304,2014-07-16T00:00:00.000+05:30,4832,CLOSED
56310,2014-07-16T00:00:00.000+05:30,5290,CLOSED
56318,2014-07-16T00:00:00.000+05:30,227,CLOSED
56319,2014-07-16T00:00:00.000+05:30,546,CLOSED
56322,2014-07-16T00:00:00.000+05:30,3672,CLOSED
56324,2014-07-16T00:00:00.000+05:30,5071,CLOSED
56326,2014-07-16T00:00:00.000+05:30,5534,CLOSED
56343,2014-07-16T00:00:00.000+05:30,8866,CLOSED
56344,2014-07-16T00:00:00.000+05:30,3211,CLOSED
56345,2014-07-16T00:00:00.000+05:30,6186,CLOSED
56352,2014-07-16T00:00:00.000+05:30,3127,CLOSED
56375,2014-07-16T00:00:00.000+05:30,7949,CLOSED
56382,2014-07-16T00:00:00.000+05:30,12104,CLOSED
56387,2014-07-16T00:00:00.000+05:30,319,CLOSED
56396,2014-07-17T00:00:00.000+05:30,2627,CLOSED
56435,2014-07-17T00:00:00.000+05:30,4713,CLOSED
56441,2014-07-17T00:00:00.000+05:30,3460,CLOSED
56457,2014-07-17T00:00:00.000+05:30,7050,CLOSED
56460,2014-07-17T00:00:00.000+05:30,2709,CLOSED
56461,2014-07-17T00:00:00.000+05:30,3120,CLOSED
56470,2014-07-17T00:00:00.000+05:30,5120,CLOSED
56472,2014-07-17T00:00:00.000+05:30,6752,CLOSED
56473,2014-07-17T00:00:00.000+05:30,11294,CLOSED
56474,2014-07-17T00:00:00.000+05:30,2039,CLOSED
56483,2014-07-17T00:00:00.000+05:30,409,CLOSED
56484,2014-07-17T00:00:00.000+05:30,129,CLOSED
56501,2014-07-17T00:00:00.000+05:30,9367,CLOSED
56516,2014-07-17T00:00:00.000+05:30,7507,CLOSED
56517,2014-07-17T00:00:00.000+05:30,5154,CLOSED
56556,2014-07-18T00:00:00.000+05:30,5399,CLOSED
56563,2014-07-18T00:00:00.000+05:30,3387,CLOSED
56564,2014-07-18T00:00:00.000+05:30,9819,CLOSED
56572,2014-07-18T00:00:00.000+05:30,11579,CLOSED
56577,2014-07-18T00:00:00.000+05:30,2944,CLOSED
56586,2014-07-18T00:00:00.000+05:30,9811,CLOSED
56590,2014-07-18T00:00:00.000+05:30,11205,CLOSED
56604,2014-07-18T00:00:00.000+05:30,10153,CLOSED
56627,2014-07-18T00:00:00.000+05:30,5965,CLOSED
56635,2014-07-18T00:00:00.000+05:30,7150,CLOSED
56650,2014-07-18T00:00:00.000+05:30,10314,CLOSED
56665,2014-07-18T00:00:00.000+05:30,5163,CLOSED
56670,2014-07-18T00:00:00.000+05:30,11852,CLOSED
56680,2014-07-18T00:00:00.000+05:30,1802,CLOSED
56697,2014-07-18T00:00:00.000+05:30,7678,CLOSED
56716,2014-07-19T00:00:00.000+05:30,2291,CLOSED
56741,2014-07-19T00:00:00.000+05:30,11997,CLOSED
56756,2014-07-19T00:00:00.000+05:30,3611,CLOSED
56814,2014-07-19T00:00:00.000+05:30,5350,CLOSED
56832,2014-07-19T00:00:00.000+05:30,9740,CLOSED
56840,2014-07-19T00:00:00.000+05:30,1619,CLOSED
56844,2014-07-19T00:00:00.000+05:30,232,CLOSED
56858,2014-07-19T00:00:00.000+05:30,3299,CLOSED
56860,2014-07-19T00:00:00.000+05:30,10320,CLOSED
56867,2014-07-19T00:00:00.000+05:30,12325,CLOSED
56900,2014-07-19T00:00:00.000+05:30,9552,CLOSED
56913,2014-07-20T00:00:00.000+05:30,3707,CLOSED
56914,2014-07-20T00:00:00.000+05:30,2246,CLOSED
56919,2014-07-20T00:00:00.000+05:30,3382,CLOSED
56944,2014-07-20T00:00:00.000+05:30,6672,CLOSED
56954,2014-07-20T00:00:00.000+05:30,6470,CLOSED
56955,2014-07-20T00:00:00.000+05:30,10966,CLOSED
56957,2014-07-20T00:00:00.000+05:30,10259,CLOSED
56961,2014-07-20T00:00:00.000+05:30,9368,CLOSED
56982,2014-07-20T00:00:00.000+05:30,7346,CLOSED
56988,2014-07-20T00:00:00.000+05:30,8337,CLOSED
56995,2014-07-20T00:00:00.000+05:30,8630,CLOSED
56999,2014-07-20T00:00:00.000+05:30,10469,CLOSED
57015,2014-07-20T00:00:00.000+05:30,3816,CLOSED
57026,2014-07-20T00:00:00.000+05:30,9761,CLOSED
57027,2014-07-20T00:00:00.000+05:30,11788,CLOSED
57035,2014-07-20T00:00:00.000+05:30,2582,CLOSED
57043,2014-07-20T00:00:00.000+05:30,4343,CLOSED
57046,2014-07-20T00:00:00.000+05:30,2927,CLOSED
57070,2014-07-20T00:00:00.000+05:30,10755,CLOSED
57092,2014-07-20T00:00:00.000+05:30,10099,CLOSED
57095,2014-07-20T00:00:00.000+05:30,4463,CLOSED
57112,2014-07-20T00:00:00.000+05:30,5932,CLOSED
57132,2014-07-20T00:00:00.000+05:30,5885,CLOSED
57133,2014-07-20T00:00:00.000+05:30,6315,CLOSED
57136,2014-07-20T00:00:00.000+05:30,12269,CLOSED
57140,2014-07-20T00:00:00.000+05:30,5678,CLOSED
57148,2014-07-21T00:00:00.000+05:30,11800,CLOSED
57151,2014-07-21T00:00:00.000+05:30,6249,CLOSED
57153,2014-07-21T00:00:00.000+05:30,9912,CLOSED
57170,2014-07-21T00:00:00.000+05:30,6052,CLOSED
57171,2014-07-21T00:00:00.000+05:30,12171,CLOSED
57179,2014-07-21T00:00:00.000+05:30,738,CLOSED
57190,2014-07-21T00:00:00.000+05:30,10323,CLOSED
57202,2014-07-21T00:00:00.000+05:30,358,CLOSED
57205,2014-07-21T00:00:00.000+05:30,7220,CLOSED
57206,2014-07-21T00:00:00.000+05:30,10478,CLOSED
57224,2014-07-21T00:00:00.000+05:30,379,CLOSED
57230,2014-07-21T00:00:00.000+05:30,12298,CLOSED
57250,2014-07-21T00:00:00.000+05:30,4775,CLOSED
57252,2014-07-21T00:00:00.000+05:30,318,CLOSED
57280,2014-07-21T00:00:00.000+05:30,11151,CLOSED
57284,2014-07-21T00:00:00.000+05:30,4964,CLOSED
57291,2014-07-21T00:00:00.000+05:30,6030,CLOSED
57295,2014-07-21T00:00:00.000+05:30,1600,CLOSED
57305,2014-07-21T00:00:00.000+05:30,6131,CLOSED
57315,2014-07-21T00:00:00.000+05:30,2604,CLOSED
57318,2014-07-21T00:00:00.000+05:30,4573,CLOSED
57322,2014-07-21T00:00:00.000+05:30,10701,CLOSED
57337,2014-07-21T00:00:00.000+05:30,4802,CLOSED
57356,2014-07-21T00:00:00.000+05:30,7705,CLOSED
57369,2014-07-21T00:00:00.000+05:30,5864,CLOSED
57371,2014-07-22T00:00:00.000+05:30,2683,CLOSED
57383,2014-07-22T00:00:00.000+05:30,7402,CLOSED
57386,2014-07-22T00:00:00.000+05:30,9710,CLOSED
57388,2014-07-22T00:00:00.000+05:30,11781,CLOSED
57398,2014-07-22T00:00:00.000+05:30,5047,CLOSED
57400,2014-07-22T00:00:00.000+05:30,4084,CLOSED
57408,2014-07-22T00:00:00.000+05:30,11250,CLOSED
57409,2014-07-22T00:00:00.000+05:30,7988,CLOSED
57416,2014-07-22T00:00:00.000+05:30,11316,CLOSED
57420,2014-07-22T00:00:00.000+05:30,1631,CLOSED
57423,2014-07-22T00:00:00.000+05:30,914,CLOSED
57424,2014-07-22T00:00:00.000+05:30,6757,CLOSED
57426,2014-07-22T00:00:00.000+05:30,2143,CLOSED
57438,2014-07-22T00:00:00.000+05:30,645,CLOSED
57442,2014-07-22T00:00:00.000+05:30,8505,CLOSED
57447,2014-07-22T00:00:00.000+05:30,6470,CLOSED
57451,2014-07-22T00:00:00.000+05:30,872,CLOSED
57453,2014-07-22T00:00:00.000+05:30,3537,CLOSED
57454,2014-07-22T00:00:00.000+05:30,8969,CLOSED
57463,2014-07-22T00:00:00.000+05:30,8998,CLOSED
57466,2014-07-22T00:00:00.000+05:30,5449,CLOSED
57490,2014-07-23T00:00:00.000+05:30,7237,CLOSED
57494,2014-07-23T00:00:00.000+05:30,10111,CLOSED
57501,2014-07-23T00:00:00.000+05:30,4364,CLOSED
57504,2014-07-23T00:00:00.000+05:30,8014,CLOSED
57505,2014-07-23T00:00:00.000+05:30,6225,CLOSED
57516,2014-07-23T00:00:00.000+05:30,4137,CLOSED
57521,2014-07-23T00:00:00.000+05:30,2121,CLOSED
57524,2014-07-23T00:00:00.000+05:30,4491,CLOSED
57526,2014-07-23T00:00:00.000+05:30,10854,CLOSED
57529,2014-07-23T00:00:00.000+05:30,8681,CLOSED
57532,2014-07-23T00:00:00.000+05:30,9323,CLOSED
57550,2014-07-23T00:00:00.000+05:30,2598,CLOSED
57579,2014-07-23T00:00:00.000+05:30,5147,CLOSED
57585,2014-07-23T00:00:00.000+05:30,823,CLOSED
57607,2014-07-24T00:00:00.000+05:30,2666,CLOSED
57613,2014-07-24T00:00:00.000+05:30,9278,CLOSED
57616,2014-07-24T00:00:00.000+05:30,6545,CLOSED
57628,2014-07-24T00:00:00.000+05:30,6463,CLOSED
57631,2014-07-24T00:00:00.000+05:30,3728,CLOSED
57642,2014-07-24T00:00:00.000+05:30,10258,CLOSED
57649,2014-07-24T00:00:00.000+05:30,5944,CLOSED
57654,2014-07-24T00:00:00.000+05:30,2980,CLOSED
57674,2014-07-24T00:00:00.000+05:30,6734,CLOSED
57680,2014-07-24T00:00:00.000+05:30,1000,CLOSED
57683,2014-07-24T00:00:00.000+05:30,4337,CLOSED
57685,2014-07-24T00:00:00.000+05:30,10988,CLOSED
57686,2014-07-24T00:00:00.000+05:30,2081,CLOSED
57690,2014-07-24T00:00:00.000+05:30,2697,CLOSED
57708,2014-07-24T00:00:00.000+05:30,4557,CLOSED
57709,2014-07-24T00:00:00.000+05:30,5446,CLOSED
57711,2014-07-24T00:00:00.000+05:30,7783,CLOSED
57717,2014-07-24T00:00:00.000+05:30,1564,CLOSED
57725,2014-07-24T00:00:00.000+05:30,11856,CLOSED
57728,2014-07-24T00:00:00.000+05:30,822,CLOSED
57731,2014-07-24T00:00:00.000+05:30,6750,CLOSED
57733,2014-07-24T00:00:00.000+05:30,17,CLOSED
57734,2014-07-24T00:00:00.000+05:30,2201,CLOSED
57749,2014-07-24T00:00:00.000+05:30,666,CLOSED
57751,2014-07-24T00:00:00.000+05:30,2621,CLOSED
57754,2013-07-25T00:00:00.000+05:30,4648,CLOSED
57766,2013-07-25T00:00:00.000+05:30,2376,CLOSED
57781,2013-07-25T00:00:00.000+05:30,6143,CLOSED
57782,2013-07-25T00:00:00.000+05:30,284,CLOSED
57792,2013-07-26T00:00:00.000+05:30,2743,CLOSED
57806,2013-07-26T00:00:00.000+05:30,10417,CLOSED
57809,2013-07-26T00:00:00.000+05:30,5977,CLOSED
57812,2013-07-27T00:00:00.000+05:30,6547,CLOSED
57817,2013-07-27T00:00:00.000+05:30,10143,CLOSED
57818,2013-07-27T00:00:00.000+05:30,5435,CLOSED
57836,2013-07-27T00:00:00.000+05:30,299,CLOSED
57837,2013-07-27T00:00:00.000+05:30,1954,CLOSED
57845,2013-07-28T00:00:00.000+05:30,8360,CLOSED
57848,2013-07-28T00:00:00.000+05:30,553,CLOSED
57859,2013-07-28T00:00:00.000+05:30,9217,CLOSED
57867,2013-07-29T00:00:00.000+05:30,5736,CLOSED
57928,2013-07-31T00:00:00.000+05:30,7617,CLOSED
57940,2013-07-31T00:00:00.000+05:30,8972,CLOSED
57972,2013-08-02T00:00:00.000+05:30,6948,CLOSED
57978,2013-08-02T00:00:00.000+05:30,3189,CLOSED
58003,2013-08-03T00:00:00.000+05:30,1275,CLOSED
58004,2013-08-03T00:00:00.000+05:30,1493,CLOSED
58018,2013-08-04T00:00:00.000+05:30,8303,CLOSED
58031,2013-08-04T00:00:00.000+05:30,7666,CLOSED
58039,2013-08-04T00:00:00.000+05:30,274,CLOSED
58040,2013-08-04T00:00:00.000+05:30,7016,CLOSED
58050,2013-08-05T00:00:00.000+05:30,6833,CLOSED
58059,2013-08-05T00:00:00.000+05:30,11239,CLOSED
58063,2013-08-05T00:00:00.000+05:30,2216,CLOSED
58066,2013-08-06T00:00:00.000+05:30,545,CLOSED
58067,2013-08-06T00:00:00.000+05:30,909,CLOSED
58069,2013-08-06T00:00:00.000+05:30,12256,CLOSED
58072,2013-08-06T00:00:00.000+05:30,29,CLOSED
58096,2013-08-07T00:00:00.000+05:30,4737,CLOSED
58104,2013-08-08T00:00:00.000+05:30,10722,CLOSED
58130,2013-08-08T00:00:00.000+05:30,6217,CLOSED
58149,2013-08-09T00:00:00.000+05:30,6229,CLOSED
58161,2013-08-10T00:00:00.000+05:30,11830,CLOSED
58167,2013-08-10T00:00:00.000+05:30,5848,CLOSED
58173,2013-08-10T00:00:00.000+05:30,3950,CLOSED
58191,2013-08-10T00:00:00.000+05:30,9820,CLOSED
58193,2013-08-10T00:00:00.000+05:30,6879,CLOSED
58201,2013-08-11T00:00:00.000+05:30,5483,CLOSED
58211,2013-08-11T00:00:00.000+05:30,10531,CLOSED
58220,2013-08-12T00:00:00.000+05:30,8372,CLOSED
58226,2013-08-12T00:00:00.000+05:30,2384,CLOSED
58235,2013-08-12T00:00:00.000+05:30,9489,CLOSED
58244,2013-08-13T00:00:00.000+05:30,2316,CLOSED
58271,2013-08-14T00:00:00.000+05:30,7852,CLOSED
58280,2013-08-14T00:00:00.000+05:30,964,CLOSED
58286,2013-08-14T00:00:00.000+05:30,6232,CLOSED
58295,2013-08-15T00:00:00.000+05:30,1011,CLOSED
58307,2013-08-15T00:00:00.000+05:30,6295,CLOSED
58330,2013-08-16T00:00:00.000+05:30,10440,CLOSED
58351,2013-08-18T00:00:00.000+05:30,5862,CLOSED
58356,2013-08-18T00:00:00.000+05:30,3928,CLOSED
58357,2013-08-18T00:00:00.000+05:30,7963,CLOSED
58374,2013-08-18T00:00:00.000+05:30,4421,CLOSED
58388,2013-08-18T00:00:00.000+05:30,12407,CLOSED
58399,2013-08-19T00:00:00.000+05:30,5271,CLOSED
58402,2013-08-19T00:00:00.000+05:30,3191,CLOSED
58405,2013-08-19T00:00:00.000+05:30,4651,CLOSED
58412,2013-08-19T00:00:00.000+05:30,5318,CLOSED
58421,2013-08-20T00:00:00.000+05:30,5682,CLOSED
58428,2013-08-20T00:00:00.000+05:30,7125,CLOSED
58439,2013-08-21T00:00:00.000+05:30,11523,CLOSED
58446,2013-08-21T00:00:00.000+05:30,9744,CLOSED
58470,2013-08-21T00:00:00.000+05:30,9438,CLOSED
58482,2013-08-22T00:00:00.000+05:30,5369,CLOSED
58495,2013-08-23T00:00:00.000+05:30,698,CLOSED
58503,2013-08-23T00:00:00.000+05:30,8608,CLOSED
58507,2013-08-23T00:00:00.000+05:30,3623,CLOSED
58516,2013-08-23T00:00:00.000+05:30,9692,CLOSED
58520,2013-08-23T00:00:00.000+05:30,2464,CLOSED
58543,2013-08-24T00:00:00.000+05:30,7186,CLOSED
58548,2013-08-24T00:00:00.000+05:30,11865,CLOSED
58555,2013-08-24T00:00:00.000+05:30,9755,CLOSED
58558,2013-08-24T00:00:00.000+05:30,2930,CLOSED
58565,2013-08-24T00:00:00.000+05:30,3879,CLOSED
58567,2013-08-24T00:00:00.000+05:30,9369,CLOSED
58569,2013-08-24T00:00:00.000+05:30,8615,CLOSED
58620,2013-08-27T00:00:00.000+05:30,9575,CLOSED
58640,2013-08-27T00:00:00.000+05:30,8421,CLOSED
58656,2013-08-28T00:00:00.000+05:30,4305,CLOSED
58673,2013-08-28T00:00:00.000+05:30,5653,CLOSED
58677,2013-08-28T00:00:00.000+05:30,5670,CLOSED
58679,2013-08-28T00:00:00.000+05:30,10081,CLOSED
58693,2013-08-29T00:00:00.000+05:30,5808,CLOSED
58699,2013-08-30T00:00:00.000+05:30,11457,CLOSED
58707,2013-08-30T00:00:00.000+05:30,1054,CLOSED
58711,2013-08-30T00:00:00.000+05:30,2238,CLOSED
58718,2013-08-31T00:00:00.000+05:30,11750,CLOSED
58720,2013-08-31T00:00:00.000+05:30,5759,CLOSED
58725,2013-08-31T00:00:00.000+05:30,10663,CLOSED
58733,2013-08-31T00:00:00.000+05:30,3639,CLOSED
58753,2013-09-01T00:00:00.000+05:30,5320,CLOSED
58754,2013-09-01T00:00:00.000+05:30,6760,CLOSED
58759,2013-09-01T00:00:00.000+05:30,6384,CLOSED
58765,2013-09-01T00:00:00.000+05:30,2289,CLOSED
58767,2013-09-01T00:00:00.000+05:30,4997,CLOSED
58770,2013-09-01T00:00:00.000+05:30,2705,CLOSED
58791,2013-09-02T00:00:00.000+05:30,9482,CLOSED
58798,2013-09-03T00:00:00.000+05:30,10522,CLOSED
58816,2013-09-04T00:00:00.000+05:30,11719,CLOSED
58825,2013-09-04T00:00:00.000+05:30,6999,CLOSED
58828,2013-09-04T00:00:00.000+05:30,10348,CLOSED
58829,2013-09-04T00:00:00.000+05:30,51,CLOSED
58833,2013-09-04T00:00:00.000+05:30,7493,CLOSED
58843,2013-09-05T00:00:00.000+05:30,11710,CLOSED
58846,2013-09-05T00:00:00.000+05:30,11554,CLOSED
58868,2013-09-06T00:00:00.000+05:30,3765,CLOSED
58872,2013-09-06T00:00:00.000+05:30,8548,CLOSED
58878,2013-09-06T00:00:00.000+05:30,2242,CLOSED
58881,2013-09-06T00:00:00.000+05:30,1261,CLOSED
58903,2013-09-06T00:00:00.000+05:30,4399,CLOSED
58929,2013-09-07T00:00:00.000+05:30,5552,CLOSED
58931,2013-09-07T00:00:00.000+05:30,4948,CLOSED
58936,2013-09-08T00:00:00.000+05:30,7910,CLOSED
58937,2013-09-08T00:00:00.000+05:30,12212,CLOSED
58938,2013-09-08T00:00:00.000+05:30,10122,CLOSED
58940,2013-09-08T00:00:00.000+05:30,11611,CLOSED
58942,2013-09-08T00:00:00.000+05:30,4933,CLOSED
58946,2013-09-08T00:00:00.000+05:30,7203,CLOSED
58951,2013-09-09T00:00:00.000+05:30,8467,CLOSED
58960,2013-09-09T00:00:00.000+05:30,2570,CLOSED
58964,2013-09-09T00:00:00.000+05:30,8457,CLOSED
58973,2013-09-10T00:00:00.000+05:30,10031,CLOSED
58981,2013-09-10T00:00:00.000+05:30,7492,CLOSED
58985,2013-09-10T00:00:00.000+05:30,5402,CLOSED
58987,2013-09-11T00:00:00.000+05:30,12066,CLOSED
58993,2013-09-11T00:00:00.000+05:30,1999,CLOSED
58999,2013-09-11T00:00:00.000+05:30,11855,CLOSED
59005,2013-09-11T00:00:00.000+05:30,846,CLOSED
59008,2013-09-12T00:00:00.000+05:30,7009,CLOSED
59009,2013-09-12T00:00:00.000+05:30,3890,CLOSED
59011,2013-09-12T00:00:00.000+05:30,2137,CLOSED
59018,2013-09-12T00:00:00.000+05:30,5014,CLOSED
59027,2013-09-12T00:00:00.000+05:30,5466,CLOSED
59038,2013-09-13T00:00:00.000+05:30,8653,CLOSED
59044,2013-09-13T00:00:00.000+05:30,9143,CLOSED
59046,2013-09-14T00:00:00.000+05:30,8684,CLOSED
59053,2013-09-14T00:00:00.000+05:30,9765,CLOSED
59068,2013-09-15T00:00:00.000+05:30,4728,CLOSED
59081,2013-09-15T00:00:00.000+05:30,10717,CLOSED
59083,2013-09-15T00:00:00.000+05:30,2142,CLOSED
59086,2013-09-15T00:00:00.000+05:30,6787,CLOSED
59088,2013-09-15T00:00:00.000+05:30,10818,CLOSED
59091,2013-09-15T00:00:00.000+05:30,10377,CLOSED
59104,2013-09-16T00:00:00.000+05:30,1157,CLOSED
59108,2013-09-16T00:00:00.000+05:30,5357,CLOSED
59127,2013-09-16T00:00:00.000+05:30,5249,CLOSED
59130,2013-09-16T00:00:00.000+05:30,7763,CLOSED
59134,2013-09-16T00:00:00.000+05:30,7240,CLOSED
59151,2013-09-17T00:00:00.000+05:30,2854,CLOSED
59156,2013-09-18T00:00:00.000+05:30,4943,CLOSED
59159,2013-09-18T00:00:00.000+05:30,9153,CLOSED
59179,2013-09-18T00:00:00.000+05:30,3157,CLOSED
59180,2013-09-18T00:00:00.000+05:30,11522,CLOSED
59209,2013-09-20T00:00:00.000+05:30,11909,CLOSED
59217,2013-09-21T00:00:00.000+05:30,4194,CLOSED
59229,2013-09-22T00:00:00.000+05:30,82,CLOSED
59234,2013-09-22T00:00:00.000+05:30,11942,CLOSED
59236,2013-09-22T00:00:00.000+05:30,2277,CLOSED
59250,2013-09-22T00:00:00.000+05:30,705,CLOSED
59263,2013-09-23T00:00:00.000+05:30,2836,CLOSED
59265,2013-09-23T00:00:00.000+05:30,990,CLOSED
59270,2013-09-24T00:00:00.000+05:30,8009,CLOSED
59274,2013-09-24T00:00:00.000+05:30,8592,CLOSED
59276,2013-09-24T00:00:00.000+05:30,1833,CLOSED
59277,2013-09-24T00:00:00.000+05:30,1359,CLOSED
59283,2013-09-24T00:00:00.000+05:30,927,CLOSED
59284,2013-09-24T00:00:00.000+05:30,2430,CLOSED
59286,2013-09-24T00:00:00.000+05:30,4421,CLOSED
59306,2013-09-25T00:00:00.000+05:30,10894,CLOSED
59314,2013-09-25T00:00:00.000+05:30,5582,CLOSED
59318,2013-09-25T00:00:00.000+05:30,5951,CLOSED
59331,2013-09-25T00:00:00.000+05:30,10667,CLOSED
59332,2013-09-25T00:00:00.000+05:30,9031,CLOSED
59343,2013-09-26T00:00:00.000+05:30,2161,CLOSED
59344,2013-09-26T00:00:00.000+05:30,5846,CLOSED
59350,2013-09-26T00:00:00.000+05:30,7298,CLOSED
59373,2013-09-26T00:00:00.000+05:30,1906,CLOSED
59374,2013-09-26T00:00:00.000+05:30,11833,CLOSED
59390,2013-09-27T00:00:00.000+05:30,2400,CLOSED
59392,2013-09-27T00:00:00.000+05:30,8838,CLOSED
59401,2013-09-27T00:00:00.000+05:30,5880,CLOSED
59417,2013-09-28T00:00:00.000+05:30,3737,CLOSED
59425,2013-09-28T00:00:00.000+05:30,10515,CLOSED
59445,2013-09-29T00:00:00.000+05:30,4422,CLOSED
59457,2013-09-30T00:00:00.000+05:30,5392,CLOSED
59458,2013-09-30T00:00:00.000+05:30,12058,CLOSED
59463,2013-09-30T00:00:00.000+05:30,6642,CLOSED
59467,2013-09-30T00:00:00.000+05:30,3911,CLOSED
59471,2013-09-30T00:00:00.000+05:30,5213,CLOSED
59472,2013-09-30T00:00:00.000+05:30,1638,CLOSED
59475,2013-09-30T00:00:00.000+05:30,9046,CLOSED
59476,2013-09-30T00:00:00.000+05:30,737,CLOSED
59492,2013-10-01T00:00:00.000+05:30,12277,CLOSED
59509,2013-10-01T00:00:00.000+05:30,9346,CLOSED
59519,2013-10-02T00:00:00.000+05:30,2427,CLOSED
59526,2013-10-02T00:00:00.000+05:30,9989,CLOSED
59529,2013-10-02T00:00:00.000+05:30,11785,CLOSED
59536,2013-10-02T00:00:00.000+05:30,8754,CLOSED
59547,2013-10-02T00:00:00.000+05:30,3140,CLOSED
59549,2013-10-02T00:00:00.000+05:30,7698,CLOSED
59555,2013-10-03T00:00:00.000+05:30,4177,CLOSED
59563,2013-10-03T00:00:00.000+05:30,2013,CLOSED
59570,2013-10-03T00:00:00.000+05:30,12166,CLOSED
59582,2013-10-04T00:00:00.000+05:30,10298,CLOSED
59584,2013-10-04T00:00:00.000+05:30,7825,CLOSED
59592,2013-10-04T00:00:00.000+05:30,10676,CLOSED
59614,2013-10-04T00:00:00.000+05:30,1531,CLOSED
59630,2013-10-06T00:00:00.000+05:30,5826,CLOSED
59653,2013-10-06T00:00:00.000+05:30,8910,CLOSED
59660,2013-10-07T00:00:00.000+05:30,11157,CLOSED
59664,2013-10-07T00:00:00.000+05:30,5134,CLOSED
59671,2013-10-07T00:00:00.000+05:30,9669,CLOSED
59672,2013-10-07T00:00:00.000+05:30,6106,CLOSED
59687,2013-10-09T00:00:00.000+05:30,12143,CLOSED
59689,2013-10-09T00:00:00.000+05:30,4354,CLOSED
59704,2013-10-10T00:00:00.000+05:30,6923,CLOSED
59710,2013-10-10T00:00:00.000+05:30,6796,CLOSED
59712,2013-10-10T00:00:00.000+05:30,6909,CLOSED
59720,2013-10-10T00:00:00.000+05:30,8384,CLOSED
59724,2013-10-10T00:00:00.000+05:30,2813,CLOSED
59731,2013-10-10T00:00:00.000+05:30,12,CLOSED
59748,2013-10-11T00:00:00.000+05:30,7180,CLOSED
59753,2013-10-11T00:00:00.000+05:30,3840,CLOSED
59755,2013-10-11T00:00:00.000+05:30,4299,CLOSED
59786,2013-10-12T00:00:00.000+05:30,8892,CLOSED
59802,2013-10-13T00:00:00.000+05:30,6254,CLOSED
59804,2013-10-13T00:00:00.000+05:30,5053,CLOSED
59825,2013-10-14T00:00:00.000+05:30,8097,CLOSED
59835,2013-10-14T00:00:00.000+05:30,460,CLOSED
59841,2013-10-14T00:00:00.000+05:30,3516,CLOSED
59843,2013-10-14T00:00:00.000+05:30,181,CLOSED
59860,2013-10-15T00:00:00.000+05:30,10281,CLOSED
59876,2013-10-16T00:00:00.000+05:30,8815,CLOSED
59877,2013-10-16T00:00:00.000+05:30,8044,CLOSED
59883,2013-10-16T00:00:00.000+05:30,2796,CLOSED
59884,2013-10-16T00:00:00.000+05:30,6709,CLOSED
59894,2013-10-16T00:00:00.000+05:30,7122,CLOSED
59905,2013-10-17T00:00:00.000+05:30,11159,CLOSED
59908,2013-10-17T00:00:00.000+05:30,9902,CLOSED
59929,2013-10-17T00:00:00.000+05:30,5072,CLOSED
59930,2013-10-17T00:00:00.000+05:30,5461,CLOSED
59933,2013-10-17T00:00:00.000+05:30,3494,CLOSED
59937,2013-10-18T00:00:00.000+05:30,9085,CLOSED
59946,2013-10-18T00:00:00.000+05:30,2384,CLOSED
59947,2013-10-18T00:00:00.000+05:30,7421,CLOSED
59958,2013-10-18T00:00:00.000+05:30,6125,CLOSED
59961,2013-10-18T00:00:00.000+05:30,523,CLOSED
59964,2013-10-18T00:00:00.000+05:30,11919,CLOSED
59996,2013-10-19T00:00:00.000+05:30,8127,CLOSED
59997,2013-10-19T00:00:00.000+05:30,11248,CLOSED
60011,2013-10-20T00:00:00.000+05:30,413,CLOSED
60017,2013-10-21T00:00:00.000+05:30,8844,CLOSED
60031,2013-10-21T00:00:00.000+05:30,2052,CLOSED
60039,2013-10-21T00:00:00.000+05:30,1363,CLOSED
60040,2013-10-21T00:00:00.000+05:30,6060,CLOSED
60052,2013-10-22T00:00:00.000+05:30,1102,CLOSED
60059,2013-10-22T00:00:00.000+05:30,9403,CLOSED
60067,2013-10-22T00:00:00.000+05:30,11308,CLOSED
60076,2013-10-22T00:00:00.000+05:30,8035,CLOSED
60103,2013-10-24T00:00:00.000+05:30,2268,CLOSED
60104,2013-10-24T00:00:00.000+05:30,12400,CLOSED
60108,2013-10-24T00:00:00.000+05:30,4904,CLOSED
60117,2013-10-25T00:00:00.000+05:30,7828,CLOSED
60119,2013-10-25T00:00:00.000+05:30,3078,CLOSED
60129,2013-10-26T00:00:00.000+05:30,8474,CLOSED
60158,2013-10-27T00:00:00.000+05:30,5332,CLOSED
60160,2013-10-27T00:00:00.000+05:30,8819,CLOSED
60170,2013-10-28T00:00:00.000+05:30,10044,CLOSED
60188,2013-10-29T00:00:00.000+05:30,6750,CLOSED
60217,2013-10-30T00:00:00.000+05:30,97,CLOSED
60227,2013-10-30T00:00:00.000+05:30,1991,CLOSED
60228,2013-10-30T00:00:00.000+05:30,42,CLOSED
60243,2013-10-31T00:00:00.000+05:30,5074,CLOSED
60246,2013-10-31T00:00:00.000+05:30,11352,CLOSED
60247,2013-10-31T00:00:00.000+05:30,7396,CLOSED
60262,2013-11-01T00:00:00.000+05:30,9903,CLOSED
60265,2013-11-01T00:00:00.000+05:30,11090,CLOSED
60298,2013-11-02T00:00:00.000+05:30,6057,CLOSED
60303,2013-11-02T00:00:00.000+05:30,11656,CLOSED
60318,2013-11-02T00:00:00.000+05:30,4588,CLOSED
60322,2013-11-02T00:00:00.000+05:30,11768,CLOSED
60360,2013-11-03T00:00:00.000+05:30,9447,CLOSED
60387,2013-11-04T00:00:00.000+05:30,6812,CLOSED
60396,2013-11-05T00:00:00.000+05:30,10601,CLOSED
60422,2013-11-05T00:00:00.000+05:30,7029,CLOSED
60432,2013-11-06T00:00:00.000+05:30,9214,CLOSED
60444,2013-11-07T00:00:00.000+05:30,4970,CLOSED
60446,2013-11-07T00:00:00.000+05:30,112,CLOSED
60470,2013-11-08T00:00:00.000+05:30,290,CLOSED
60472,2013-11-08T00:00:00.000+05:30,11158,CLOSED
60495,2013-11-09T00:00:00.000+05:30,1176,CLOSED
60506,2013-11-09T00:00:00.000+05:30,11287,CLOSED
60507,2013-11-09T00:00:00.000+05:30,12009,CLOSED
60513,2013-11-10T00:00:00.000+05:30,8805,CLOSED
60520,2013-11-10T00:00:00.000+05:30,10229,CLOSED
60534,2013-11-10T00:00:00.000+05:30,1348,CLOSED
60541,2013-11-11T00:00:00.000+05:30,7958,CLOSED
60545,2013-11-11T00:00:00.000+05:30,8466,CLOSED
60548,2013-11-11T00:00:00.000+05:30,9047,CLOSED
60552,2013-11-11T00:00:00.000+05:30,3884,CLOSED
60553,2013-11-11T00:00:00.000+05:30,11864,CLOSED
60572,2013-11-12T00:00:00.000+05:30,4653,CLOSED
60598,2013-11-14T00:00:00.000+05:30,3596,CLOSED
60615,2013-11-14T00:00:00.000+05:30,11525,CLOSED
60619,2013-11-14T00:00:00.000+05:30,7665,CLOSED
60653,2013-11-16T00:00:00.000+05:30,9081,CLOSED
60656,2013-11-16T00:00:00.000+05:30,5429,CLOSED
60657,2013-11-16T00:00:00.000+05:30,10448,CLOSED
60674,2013-11-16T00:00:00.000+05:30,7639,CLOSED
60682,2013-11-17T00:00:00.000+05:30,6416,CLOSED
60692,2013-11-17T00:00:00.000+05:30,2323,CLOSED
60704,2013-11-17T00:00:00.000+05:30,7302,CLOSED
60713,2013-11-18T00:00:00.000+05:30,5328,CLOSED
60743,2013-11-19T00:00:00.000+05:30,11237,CLOSED
60744,2013-11-19T00:00:00.000+05:30,5720,CLOSED
60756,2013-11-19T00:00:00.000+05:30,10567,CLOSED
60757,2013-11-19T00:00:00.000+05:30,3768,CLOSED
60762,2013-11-19T00:00:00.000+05:30,8788,CLOSED
60770,2013-11-20T00:00:00.000+05:30,3205,CLOSED
60775,2013-11-20T00:00:00.000+05:30,9547,CLOSED
60783,2013-11-20T00:00:00.000+05:30,1341,CLOSED
60787,2013-11-20T00:00:00.000+05:30,4119,CLOSED
60802,2013-11-20T00:00:00.000+05:30,9167,CLOSED
60811,2013-11-21T00:00:00.000+05:30,3625,CLOSED
60814,2013-11-21T00:00:00.000+05:30,11062,CLOSED
60815,2013-11-21T00:00:00.000+05:30,1915,CLOSED
60822,2013-11-21T00:00:00.000+05:30,12200,CLOSED
60829,2013-11-21T00:00:00.000+05:30,4541,CLOSED
60830,2013-11-21T00:00:00.000+05:30,2668,CLOSED
60864,2013-11-22T00:00:00.000+05:30,7768,CLOSED
60869,2013-11-22T00:00:00.000+05:30,4119,CLOSED
60885,2013-11-23T00:00:00.000+05:30,6345,CLOSED
60894,2013-11-24T00:00:00.000+05:30,174,CLOSED
60900,2013-11-24T00:00:00.000+05:30,5913,CLOSED
60907,2013-11-24T00:00:00.000+05:30,10741,CLOSED
60919,2013-11-24T00:00:00.000+05:30,6047,CLOSED
60924,2013-11-24T00:00:00.000+05:30,1268,CLOSED
60963,2013-11-25T00:00:00.000+05:30,3169,CLOSED
60970,2013-11-26T00:00:00.000+05:30,10159,CLOSED
60999,2013-11-26T00:00:00.000+05:30,1490,CLOSED
61019,2013-11-27T00:00:00.000+05:30,4116,CLOSED
61022,2013-11-27T00:00:00.000+05:30,1295,CLOSED
61024,2013-11-27T00:00:00.000+05:30,1099,CLOSED
61032,2013-11-27T00:00:00.000+05:30,1656,CLOSED
61040,2013-11-27T00:00:00.000+05:30,2573,CLOSED
61043,2013-11-27T00:00:00.000+05:30,9807,CLOSED
61053,2013-11-28T00:00:00.000+05:30,6797,CLOSED
61066,2013-11-29T00:00:00.000+05:30,12042,CLOSED
61071,2013-11-29T00:00:00.000+05:30,2237,CLOSED
61078,2013-11-29T00:00:00.000+05:30,8711,CLOSED
61080,2013-11-30T00:00:00.000+05:30,8501,CLOSED
61096,2013-12-01T00:00:00.000+05:30,11499,CLOSED
61106,2013-12-01T00:00:00.000+05:30,11117,CLOSED
61117,2013-12-01T00:00:00.000+05:30,6313,CLOSED
61124,2013-12-02T00:00:00.000+05:30,148,CLOSED
61133,2013-12-02T00:00:00.000+05:30,5192,CLOSED
61142,2013-12-02T00:00:00.000+05:30,372,CLOSED
61152,2013-12-03T00:00:00.000+05:30,4242,CLOSED
61155,2013-12-03T00:00:00.000+05:30,5493,CLOSED
61161,2013-12-03T00:00:00.000+05:30,10936,CLOSED
61175,2013-12-04T00:00:00.000+05:30,12203,CLOSED
61188,2013-12-04T00:00:00.000+05:30,2578,CLOSED
61209,2013-12-04T00:00:00.000+05:30,10387,CLOSED
61230,2013-12-06T00:00:00.000+05:30,6765,CLOSED
61238,2013-12-06T00:00:00.000+05:30,2831,CLOSED
61245,2013-12-07T00:00:00.000+05:30,4552,CLOSED
61246,2013-12-07T00:00:00.000+05:30,8781,CLOSED
61255,2013-12-08T00:00:00.000+05:30,11432,CLOSED
61264,2013-12-08T00:00:00.000+05:30,4893,CLOSED
61265,2013-12-08T00:00:00.000+05:30,1784,CLOSED
61268,2013-12-08T00:00:00.000+05:30,12364,CLOSED
61275,2013-12-08T00:00:00.000+05:30,2609,CLOSED
61292,2013-12-09T00:00:00.000+05:30,10007,CLOSED
61299,2013-12-09T00:00:00.000+05:30,908,CLOSED
61313,2013-12-10T00:00:00.000+05:30,6056,CLOSED
61319,2013-12-10T00:00:00.000+05:30,9321,CLOSED
61325,2013-12-10T00:00:00.000+05:30,5351,CLOSED
61340,2013-12-11T00:00:00.000+05:30,7173,CLOSED
61342,2013-12-11T00:00:00.000+05:30,3849,CLOSED
61349,2013-12-11T00:00:00.000+05:30,5999,CLOSED
61353,2013-12-12T00:00:00.000+05:30,8151,CLOSED
61360,2013-12-12T00:00:00.000+05:30,1888,CLOSED
61370,2013-12-12T00:00:00.000+05:30,1196,CLOSED
61379,2013-12-12T00:00:00.000+05:30,8692,CLOSED
61390,2013-12-13T00:00:00.000+05:30,2504,CLOSED
61407,2013-12-13T00:00:00.000+05:30,9625,CLOSED
61412,2013-12-13T00:00:00.000+05:30,2646,CLOSED
61415,2013-12-13T00:00:00.000+05:30,2856,CLOSED
61426,2013-12-13T00:00:00.000+05:30,6278,CLOSED
61432,2013-12-14T00:00:00.000+05:30,11183,CLOSED
61437,2013-12-14T00:00:00.000+05:30,4275,CLOSED
61438,2013-12-14T00:00:00.000+05:30,8852,CLOSED
61444,2013-12-14T00:00:00.000+05:30,2310,CLOSED
61448,2013-12-14T00:00:00.000+05:30,8626,CLOSED
61466,2013-12-15T00:00:00.000+05:30,2768,CLOSED
61481,2013-12-15T00:00:00.000+05:30,1553,CLOSED
61483,2013-12-15T00:00:00.000+05:30,5419,CLOSED
61488,2013-12-15T00:00:00.000+05:30,1404,CLOSED
61494,2013-12-15T00:00:00.000+05:30,12001,CLOSED
61501,2013-12-15T00:00:00.000+05:30,4094,CLOSED
61504,2013-12-16T00:00:00.000+05:30,8552,CLOSED
61506,2013-12-16T00:00:00.000+05:30,4049,CLOSED
61511,2013-12-16T00:00:00.000+05:30,7340,CLOSED
61521,2013-12-17T00:00:00.000+05:30,9156,CLOSED
61523,2013-12-17T00:00:00.000+05:30,3067,CLOSED
61524,2013-12-17T00:00:00.000+05:30,7757,CLOSED
61539,2013-12-17T00:00:00.000+05:30,4453,CLOSED
61540,2013-12-17T00:00:00.000+05:30,7564,CLOSED
61544,2013-12-17T00:00:00.000+05:30,5691,CLOSED
61590,2013-12-19T00:00:00.000+05:30,11302,CLOSED
61613,2013-12-20T00:00:00.000+05:30,1578,CLOSED
61625,2013-12-20T00:00:00.000+05:30,10332,CLOSED
61630,2013-12-21T00:00:00.000+05:30,3296,CLOSED
61637,2013-12-21T00:00:00.000+05:30,8784,CLOSED
61649,2013-12-21T00:00:00.000+05:30,5182,CLOSED
61653,2013-12-21T00:00:00.000+05:30,265,CLOSED
61657,2013-12-21T00:00:00.000+05:30,314,CLOSED
61677,2013-12-22T00:00:00.000+05:30,10323,CLOSED
61689,2013-12-22T00:00:00.000+05:30,6173,CLOSED
61701,2013-12-23T00:00:00.000+05:30,4696,CLOSED
61722,2013-12-24T00:00:00.000+05:30,3972,CLOSED
61730,2013-12-25T00:00:00.000+05:30,5568,CLOSED
61731,2013-12-25T00:00:00.000+05:30,10666,CLOSED
61733,2013-12-25T00:00:00.000+05:30,11706,CLOSED
61736,2013-12-25T00:00:00.000+05:30,5119,CLOSED
61754,2013-12-25T00:00:00.000+05:30,5623,CLOSED
61758,2013-12-25T00:00:00.000+05:30,11645,CLOSED
61762,2013-12-25T00:00:00.000+05:30,10734,CLOSED
61770,2013-12-25T00:00:00.000+05:30,11908,CLOSED
61772,2013-12-26T00:00:00.000+05:30,63,CLOSED
61774,2013-12-26T00:00:00.000+05:30,1804,CLOSED
61805,2013-12-26T00:00:00.000+05:30,3268,CLOSED
61812,2013-12-27T00:00:00.000+05:30,10364,CLOSED
61813,2013-12-27T00:00:00.000+05:30,1612,CLOSED
61827,2013-12-28T00:00:00.000+05:30,10245,CLOSED
61845,2013-12-29T00:00:00.000+05:30,3785,CLOSED
61856,2013-12-29T00:00:00.000+05:30,10309,CLOSED
61866,2013-12-30T00:00:00.000+05:30,7920,CLOSED
61868,2013-12-30T00:00:00.000+05:30,854,CLOSED
61876,2013-12-31T00:00:00.000+05:30,8371,CLOSED
61880,2013-12-31T00:00:00.000+05:30,3194,CLOSED
61887,2013-12-31T00:00:00.000+05:30,9974,CLOSED
61889,2013-12-31T00:00:00.000+05:30,6956,CLOSED
61890,2013-12-31T00:00:00.000+05:30,145,CLOSED
61892,2013-12-31T00:00:00.000+05:30,7029,CLOSED
61927,2014-01-02T00:00:00.000+05:30,209,CLOSED
61951,2014-01-03T00:00:00.000+05:30,3482,CLOSED
61954,2014-01-03T00:00:00.000+05:30,8067,CLOSED
61971,2014-01-04T00:00:00.000+05:30,6473,CLOSED
61972,2014-01-04T00:00:00.000+05:30,430,CLOSED
61976,2014-01-04T00:00:00.000+05:30,6448,CLOSED
61988,2014-01-04T00:00:00.000+05:30,3822,CLOSED
62021,2014-01-05T00:00:00.000+05:30,2244,CLOSED
62032,2014-01-06T00:00:00.000+05:30,859,CLOSED
62036,2014-01-06T00:00:00.000+05:30,6982,CLOSED
62038,2014-01-06T00:00:00.000+05:30,3283,CLOSED
62065,2014-01-08T00:00:00.000+05:30,5945,CLOSED
62081,2014-01-08T00:00:00.000+05:30,9439,CLOSED
62112,2014-01-09T00:00:00.000+05:30,11915,CLOSED
62129,2014-01-09T00:00:00.000+05:30,1687,CLOSED
62137,2014-01-10T00:00:00.000+05:30,5112,CLOSED
62165,2014-01-10T00:00:00.000+05:30,7108,CLOSED
62190,2014-01-11T00:00:00.000+05:30,8743,CLOSED
62198,2014-01-11T00:00:00.000+05:30,9932,CLOSED
62211,2014-01-12T00:00:00.000+05:30,10009,CLOSED
62220,2014-01-12T00:00:00.000+05:30,12411,CLOSED
62227,2014-01-12T00:00:00.000+05:30,10747,CLOSED
62231,2014-01-12T00:00:00.000+05:30,2256,CLOSED
62233,2014-01-12T00:00:00.000+05:30,3868,CLOSED
62279,2014-01-15T00:00:00.000+05:30,10764,CLOSED
62282,2014-01-15T00:00:00.000+05:30,11799,CLOSED
62291,2014-01-16T00:00:00.000+05:30,11958,CLOSED
62295,2014-01-16T00:00:00.000+05:30,10814,CLOSED
62332,2014-01-17T00:00:00.000+05:30,6257,CLOSED
62334,2014-01-18T00:00:00.000+05:30,11692,CLOSED
62348,2014-01-19T00:00:00.000+05:30,9216,CLOSED
62350,2014-01-19T00:00:00.000+05:30,1453,CLOSED
62351,2014-01-19T00:00:00.000+05:30,3083,CLOSED
62360,2014-01-19T00:00:00.000+05:30,3872,CLOSED
62375,2014-01-19T00:00:00.000+05:30,1339,CLOSED
62389,2014-01-20T00:00:00.000+05:30,12153,CLOSED
62391,2014-01-20T00:00:00.000+05:30,898,CLOSED
62405,2014-01-20T00:00:00.000+05:30,9801,CLOSED
62407,2014-01-20T00:00:00.000+05:30,9034,CLOSED
62408,2014-01-20T00:00:00.000+05:30,3199,CLOSED
62417,2014-01-21T00:00:00.000+05:30,2550,CLOSED
62424,2014-01-21T00:00:00.000+05:30,1946,CLOSED
62433,2014-01-21T00:00:00.000+05:30,3889,CLOSED
62444,2014-01-21T00:00:00.000+05:30,353,CLOSED
62446,2014-01-21T00:00:00.000+05:30,1826,CLOSED
62452,2014-01-21T00:00:00.000+05:30,7371,CLOSED
62454,2014-01-21T00:00:00.000+05:30,4413,CLOSED
62464,2014-01-22T00:00:00.000+05:30,3750,CLOSED
62466,2014-01-22T00:00:00.000+05:30,1773,CLOSED
62472,2014-01-22T00:00:00.000+05:30,8822,CLOSED
62477,2014-01-22T00:00:00.000+05:30,3310,CLOSED
62480,2014-01-22T00:00:00.000+05:30,10328,CLOSED
62491,2014-01-22T00:00:00.000+05:30,7734,CLOSED
62494,2014-01-22T00:00:00.000+05:30,1568,CLOSED
62499,2014-01-23T00:00:00.000+05:30,229,CLOSED
62538,2014-01-24T00:00:00.000+05:30,3986,CLOSED
62541,2014-01-24T00:00:00.000+05:30,5237,CLOSED
62542,2014-01-24T00:00:00.000+05:30,2444,CLOSED
62557,2014-01-24T00:00:00.000+05:30,8176,CLOSED
62578,2014-01-25T00:00:00.000+05:30,11235,CLOSED
62587,2014-01-25T00:00:00.000+05:30,10908,CLOSED
62599,2014-01-26T00:00:00.000+05:30,2317,CLOSED
62601,2014-01-26T00:00:00.000+05:30,3925,CLOSED
62617,2014-01-26T00:00:00.000+05:30,6997,CLOSED
62620,2014-01-26T00:00:00.000+05:30,2861,CLOSED
62623,2014-01-26T00:00:00.000+05:30,7348,CLOSED
62627,2014-01-26T00:00:00.000+05:30,2691,CLOSED
62628,2014-01-27T00:00:00.000+05:30,4633,CLOSED
62645,2014-01-27T00:00:00.000+05:30,2236,CLOSED
62651,2014-01-27T00:00:00.000+05:30,5739,CLOSED
62660,2014-01-27T00:00:00.000+05:30,7447,CLOSED
62666,2014-01-28T00:00:00.000+05:30,9193,CLOSED
62690,2014-01-29T00:00:00.000+05:30,6621,CLOSED
62718,2014-01-29T00:00:00.000+05:30,4741,CLOSED
62722,2014-01-29T00:00:00.000+05:30,8181,CLOSED
62723,2014-01-29T00:00:00.000+05:30,11134,CLOSED
62724,2014-01-29T00:00:00.000+05:30,8484,CLOSED
62727,2014-01-29T00:00:00.000+05:30,8548,CLOSED
62741,2014-01-30T00:00:00.000+05:30,688,CLOSED
62752,2014-01-30T00:00:00.000+05:30,7863,CLOSED
62759,2014-01-31T00:00:00.000+05:30,6789,CLOSED
62764,2014-01-31T00:00:00.000+05:30,11646,CLOSED
62769,2014-01-31T00:00:00.000+05:30,11469,CLOSED
62773,2014-01-31T00:00:00.000+05:30,6813,CLOSED
62776,2014-01-31T00:00:00.000+05:30,11016,CLOSED
62809,2014-02-01T00:00:00.000+05:30,3530,CLOSED
62811,2014-02-02T00:00:00.000+05:30,9434,CLOSED
62812,2014-02-02T00:00:00.000+05:30,11457,CLOSED
62813,2014-02-02T00:00:00.000+05:30,5111,CLOSED
62821,2014-02-02T00:00:00.000+05:30,11872,CLOSED
62822,2014-02-02T00:00:00.000+05:30,3167,CLOSED
62826,2014-02-03T00:00:00.000+05:30,58,CLOSED
62835,2014-02-03T00:00:00.000+05:30,2041,CLOSED
62837,2014-02-04T00:00:00.000+05:30,10493,CLOSED
62856,2014-02-04T00:00:00.000+05:30,1181,CLOSED
62865,2014-02-04T00:00:00.000+05:30,5860,CLOSED
62879,2014-02-05T00:00:00.000+05:30,4495,CLOSED
62886,2014-02-06T00:00:00.000+05:30,6802,CLOSED
62898,2014-02-06T00:00:00.000+05:30,6266,CLOSED
62902,2014-02-06T00:00:00.000+05:30,9458,CLOSED
62905,2014-02-06T00:00:00.000+05:30,10077,CLOSED
62908,2014-02-06T00:00:00.000+05:30,3035,CLOSED
62947,2014-02-08T00:00:00.000+05:30,4775,CLOSED
62951,2014-02-08T00:00:00.000+05:30,6249,CLOSED
62962,2014-02-08T00:00:00.000+05:30,3357,CLOSED
62972,2014-02-08T00:00:00.000+05:30,8284,CLOSED
62978,2014-02-08T00:00:00.000+05:30,298,CLOSED
63006,2014-02-09T00:00:00.000+05:30,7475,CLOSED
63012,2014-02-09T00:00:00.000+05:30,7724,CLOSED
63015,2014-02-09T00:00:00.000+05:30,4932,CLOSED
63035,2014-02-10T00:00:00.000+05:30,3111,CLOSED
63043,2014-02-11T00:00:00.000+05:30,3076,CLOSED
63047,2014-02-11T00:00:00.000+05:30,4997,CLOSED
63048,2014-02-11T00:00:00.000+05:30,6279,CLOSED
63056,2014-02-11T00:00:00.000+05:30,9515,CLOSED
63059,2014-02-11T00:00:00.000+05:30,11476,CLOSED
63073,2014-02-11T00:00:00.000+05:30,12154,CLOSED
63074,2014-02-11T00:00:00.000+05:30,1775,CLOSED
63077,2014-02-12T00:00:00.000+05:30,1595,CLOSED
63087,2014-02-12T00:00:00.000+05:30,2765,CLOSED
63088,2014-02-12T00:00:00.000+05:30,8391,CLOSED
63112,2014-02-13T00:00:00.000+05:30,4070,CLOSED
63125,2014-02-13T00:00:00.000+05:30,12152,CLOSED
63165,2014-02-14T00:00:00.000+05:30,2839,CLOSED
63166,2014-02-14T00:00:00.000+05:30,7952,CLOSED
63169,2014-02-14T00:00:00.000+05:30,9735,CLOSED
63177,2014-02-14T00:00:00.000+05:30,1016,CLOSED
63195,2014-02-15T00:00:00.000+05:30,134,CLOSED
63198,2014-02-15T00:00:00.000+05:30,7080,CLOSED
63203,2014-02-15T00:00:00.000+05:30,3146,CLOSED
63206,2014-02-15T00:00:00.000+05:30,1413,CLOSED
63228,2014-02-16T00:00:00.000+05:30,1521,CLOSED
63236,2014-02-16T00:00:00.000+05:30,9969,CLOSED
63240,2014-02-17T00:00:00.000+05:30,6964,CLOSED
63261,2014-02-18T00:00:00.000+05:30,12001,CLOSED
63265,2014-02-19T00:00:00.000+05:30,10073,CLOSED
63268,2014-02-19T00:00:00.000+05:30,4552,CLOSED
63294,2014-02-19T00:00:00.000+05:30,6822,CLOSED
63298,2014-02-20T00:00:00.000+05:30,1180,CLOSED
63305,2014-02-20T00:00:00.000+05:30,3440,CLOSED
63311,2014-02-20T00:00:00.000+05:30,3708,CLOSED
63327,2014-02-21T00:00:00.000+05:30,5948,CLOSED
63331,2014-02-21T00:00:00.000+05:30,4473,CLOSED
63334,2014-02-21T00:00:00.000+05:30,1693,CLOSED
63335,2014-02-21T00:00:00.000+05:30,10079,CLOSED
63338,2014-02-21T00:00:00.000+05:30,8376,CLOSED
63341,2014-02-21T00:00:00.000+05:30,12002,CLOSED
63344,2014-02-21T00:00:00.000+05:30,7357,CLOSED
63350,2014-02-22T00:00:00.000+05:30,8437,CLOSED
63366,2014-02-22T00:00:00.000+05:30,5542,CLOSED
63369,2014-02-23T00:00:00.000+05:30,5027,CLOSED
63386,2014-02-23T00:00:00.000+05:30,7555,CLOSED
63400,2014-02-23T00:00:00.000+05:30,6258,CLOSED
63401,2014-02-23T00:00:00.000+05:30,11018,CLOSED
63422,2014-02-25T00:00:00.000+05:30,11665,CLOSED
63442,2014-02-26T00:00:00.000+05:30,10121,CLOSED
63458,2014-02-26T00:00:00.000+05:30,9268,CLOSED
63465,2014-02-26T00:00:00.000+05:30,7533,CLOSED
63477,2014-02-26T00:00:00.000+05:30,2787,CLOSED
63500,2014-02-27T00:00:00.000+05:30,2815,CLOSED
63504,2014-02-27T00:00:00.000+05:30,6113,CLOSED
63521,2014-03-01T00:00:00.000+05:30,3383,CLOSED
63522,2014-03-01T00:00:00.000+05:30,8309,CLOSED
63523,2014-03-01T00:00:00.000+05:30,1261,CLOSED
63540,2014-03-02T00:00:00.000+05:30,9792,CLOSED
63560,2014-03-02T00:00:00.000+05:30,2529,CLOSED
63570,2014-03-02T00:00:00.000+05:30,9752,CLOSED
63598,2014-03-04T00:00:00.000+05:30,10297,CLOSED
63606,2014-03-04T00:00:00.000+05:30,6951,CLOSED
63616,2014-03-04T00:00:00.000+05:30,11880,CLOSED
63617,2014-03-04T00:00:00.000+05:30,8770,CLOSED
63637,2014-03-04T00:00:00.000+05:30,3378,CLOSED
63652,2014-03-05T00:00:00.000+05:30,11760,CLOSED
63653,2014-03-05T00:00:00.000+05:30,4439,CLOSED
63654,2014-03-05T00:00:00.000+05:30,8057,CLOSED
63655,2014-03-05T00:00:00.000+05:30,4191,CLOSED
63682,2014-03-07T00:00:00.000+05:30,7194,CLOSED
63685,2014-03-07T00:00:00.000+05:30,10984,CLOSED
63707,2014-03-07T00:00:00.000+05:30,8214,CLOSED
63719,2014-03-08T00:00:00.000+05:30,1992,CLOSED
63731,2014-03-10T00:00:00.000+05:30,2263,CLOSED
63736,2014-03-10T00:00:00.000+05:30,2713,CLOSED
63757,2014-03-11T00:00:00.000+05:30,9223,CLOSED
63759,2014-03-11T00:00:00.000+05:30,2482,CLOSED
63766,2014-03-11T00:00:00.000+05:30,4820,CLOSED
63777,2014-03-12T00:00:00.000+05:30,8747,CLOSED
63778,2014-03-12T00:00:00.000+05:30,2109,CLOSED
63798,2014-03-13T00:00:00.000+05:30,8963,CLOSED
63826,2014-03-14T00:00:00.000+05:30,3194,CLOSED
63827,2014-03-14T00:00:00.000+05:30,11262,CLOSED
63834,2014-03-14T00:00:00.000+05:30,7551,CLOSED
63840,2014-03-14T00:00:00.000+05:30,7223,CLOSED
63848,2014-03-15T00:00:00.000+05:30,10163,CLOSED
63857,2014-03-15T00:00:00.000+05:30,9481,CLOSED
63872,2014-03-15T00:00:00.000+05:30,5473,CLOSED
63876,2014-03-16T00:00:00.000+05:30,10187,CLOSED
63886,2014-03-16T00:00:00.000+05:30,3636,CLOSED
63895,2014-03-16T00:00:00.000+05:30,5173,CLOSED
63900,2014-03-17T00:00:00.000+05:30,2875,CLOSED
63926,2014-03-18T00:00:00.000+05:30,2447,CLOSED
63927,2014-03-18T00:00:00.000+05:30,5841,CLOSED
63933,2014-03-18T00:00:00.000+05:30,7433,CLOSED
63975,2014-03-19T00:00:00.000+05:30,8210,CLOSED
63976,2014-03-19T00:00:00.000+05:30,3461,CLOSED
63977,2014-03-19T00:00:00.000+05:30,6649,CLOSED
63980,2014-03-19T00:00:00.000+05:30,3699,CLOSED
63990,2014-03-19T00:00:00.000+05:30,3357,CLOSED
64001,2014-03-20T00:00:00.000+05:30,8726,CLOSED
64010,2014-03-20T00:00:00.000+05:30,2941,CLOSED
64029,2014-03-21T00:00:00.000+05:30,9003,CLOSED
64031,2014-03-21T00:00:00.000+05:30,10351,CLOSED
64036,2014-03-21T00:00:00.000+05:30,5003,CLOSED
64043,2014-03-21T00:00:00.000+05:30,12076,CLOSED
64050,2014-03-22T00:00:00.000+05:30,6113,CLOSED
64058,2014-03-22T00:00:00.000+05:30,332,CLOSED
64072,2014-03-23T00:00:00.000+05:30,10854,CLOSED
64102,2014-03-24T00:00:00.000+05:30,266,CLOSED
64111,2014-03-24T00:00:00.000+05:30,5623,CLOSED
64124,2014-03-24T00:00:00.000+05:30,5350,CLOSED
64137,2014-03-25T00:00:00.000+05:30,10391,CLOSED
64152,2014-03-26T00:00:00.000+05:30,10822,CLOSED
64159,2014-03-26T00:00:00.000+05:30,9436,CLOSED
64179,2014-03-27T00:00:00.000+05:30,6542,CLOSED
64183,2014-03-28T00:00:00.000+05:30,11641,CLOSED
64186,2014-03-28T00:00:00.000+05:30,10867,CLOSED
64189,2014-03-28T00:00:00.000+05:30,7352,CLOSED
64203,2014-03-28T00:00:00.000+05:30,3099,CLOSED
64204,2014-03-28T00:00:00.000+05:30,497,CLOSED
64213,2014-03-28T00:00:00.000+05:30,11223,CLOSED
64216,2014-03-28T00:00:00.000+05:30,4750,CLOSED
64217,2014-03-28T00:00:00.000+05:30,6792,CLOSED
64226,2014-03-29T00:00:00.000+05:30,10156,CLOSED
64227,2014-03-29T00:00:00.000+05:30,10838,CLOSED
64234,2014-03-30T00:00:00.000+05:30,6968,CLOSED
64239,2014-03-30T00:00:00.000+05:30,5489,CLOSED
64260,2014-03-31T00:00:00.000+05:30,11628,CLOSED
64271,2014-04-01T00:00:00.000+05:30,1631,CLOSED
64276,2014-04-01T00:00:00.000+05:30,4943,CLOSED
64298,2014-04-02T00:00:00.000+05:30,6789,CLOSED
64299,2014-04-02T00:00:00.000+05:30,8725,CLOSED
64317,2014-04-03T00:00:00.000+05:30,3248,CLOSED
64323,2014-04-03T00:00:00.000+05:30,6372,CLOSED
64334,2014-04-03T00:00:00.000+05:30,2040,CLOSED
64335,2014-04-03T00:00:00.000+05:30,2300,CLOSED
64344,2014-04-04T00:00:00.000+05:30,7841,CLOSED
64348,2014-04-04T00:00:00.000+05:30,11267,CLOSED
64356,2014-04-04T00:00:00.000+05:30,11180,CLOSED
64358,2014-04-05T00:00:00.000+05:30,3525,CLOSED
64368,2014-04-05T00:00:00.000+05:30,6459,CLOSED
64381,2014-04-05T00:00:00.000+05:30,7518,CLOSED
64382,2014-04-05T00:00:00.000+05:30,7558,CLOSED
64398,2014-04-06T00:00:00.000+05:30,2523,CLOSED
64402,2014-04-06T00:00:00.000+05:30,3983,CLOSED
64404,2014-04-06T00:00:00.000+05:30,11827,CLOSED
64415,2014-04-06T00:00:00.000+05:30,4001,CLOSED
64421,2014-04-06T00:00:00.000+05:30,10803,CLOSED
64424,2014-04-06T00:00:00.000+05:30,5184,CLOSED
64429,2014-04-07T00:00:00.000+05:30,7209,CLOSED
64434,2014-04-07T00:00:00.000+05:30,1820,CLOSED
64444,2014-04-07T00:00:00.000+05:30,8433,CLOSED
64447,2014-04-07T00:00:00.000+05:30,7871,CLOSED
64455,2014-04-07T00:00:00.000+05:30,7286,CLOSED
64458,2014-04-07T00:00:00.000+05:30,3472,CLOSED
64466,2014-04-07T00:00:00.000+05:30,4356,CLOSED
64475,2014-04-08T00:00:00.000+05:30,10329,CLOSED
64485,2014-04-08T00:00:00.000+05:30,11219,CLOSED
64488,2014-04-08T00:00:00.000+05:30,6773,CLOSED
64489,2014-04-08T00:00:00.000+05:30,254,CLOSED
64492,2014-04-08T00:00:00.000+05:30,11744,CLOSED
64513,2014-04-09T00:00:00.000+05:30,2039,CLOSED
64519,2014-04-09T00:00:00.000+05:30,5137,CLOSED
64543,2014-04-10T00:00:00.000+05:30,5026,CLOSED
64556,2014-04-10T00:00:00.000+05:30,10438,CLOSED
64557,2014-04-10T00:00:00.000+05:30,8349,CLOSED
64562,2014-04-11T00:00:00.000+05:30,2896,CLOSED
64564,2014-04-11T00:00:00.000+05:30,7195,CLOSED
64604,2014-04-12T00:00:00.000+05:30,10132,CLOSED
64609,2014-04-12T00:00:00.000+05:30,7204,CLOSED
64634,2014-04-13T00:00:00.000+05:30,8962,CLOSED
64645,2014-04-14T00:00:00.000+05:30,3498,CLOSED
64657,2014-04-14T00:00:00.000+05:30,2466,CLOSED
64662,2014-04-14T00:00:00.000+05:30,1443,CLOSED
64669,2014-04-15T00:00:00.000+05:30,4083,CLOSED
64673,2014-04-15T00:00:00.000+05:30,9196,CLOSED
64675,2014-04-15T00:00:00.000+05:30,7460,CLOSED
64685,2014-04-15T00:00:00.000+05:30,6413,CLOSED
64688,2014-04-15T00:00:00.000+05:30,10561,CLOSED
64700,2014-04-15T00:00:00.000+05:30,10804,CLOSED
64707,2014-04-16T00:00:00.000+05:30,3837,CLOSED
64710,2014-04-16T00:00:00.000+05:30,1463,CLOSED
64711,2014-04-16T00:00:00.000+05:30,2848,CLOSED
64752,2014-04-17T00:00:00.000+05:30,4373,CLOSED
64755,2014-04-17T00:00:00.000+05:30,6041,CLOSED
64759,2014-04-18T00:00:00.000+05:30,10168,CLOSED
64765,2014-04-18T00:00:00.000+05:30,6735,CLOSED
64776,2014-04-19T00:00:00.000+05:30,7492,CLOSED
64779,2014-04-19T00:00:00.000+05:30,3355,CLOSED
64783,2014-04-19T00:00:00.000+05:30,8573,CLOSED
64796,2014-04-19T00:00:00.000+05:30,4278,CLOSED
64802,2014-04-19T00:00:00.000+05:30,6545,CLOSED
64816,2014-04-20T00:00:00.000+05:30,11886,CLOSED
64835,2014-04-21T00:00:00.000+05:30,4046,CLOSED
64858,2014-04-21T00:00:00.000+05:30,11875,CLOSED
64864,2014-04-22T00:00:00.000+05:30,9977,CLOSED
64880,2014-04-22T00:00:00.000+05:30,5084,CLOSED
64898,2014-04-23T00:00:00.000+05:30,11115,CLOSED
64901,2014-04-23T00:00:00.000+05:30,6311,CLOSED
64909,2014-04-23T00:00:00.000+05:30,593,CLOSED
64916,2014-04-23T00:00:00.000+05:30,5388,CLOSED
64917,2014-04-23T00:00:00.000+05:30,8015,CLOSED
64924,2014-04-24T00:00:00.000+05:30,8356,CLOSED
64942,2014-04-24T00:00:00.000+05:30,12389,CLOSED
64951,2014-04-25T00:00:00.000+05:30,11365,CLOSED
64956,2014-04-25T00:00:00.000+05:30,11235,CLOSED
64962,2014-04-25T00:00:00.000+05:30,8149,CLOSED
64965,2014-04-25T00:00:00.000+05:30,10013,CLOSED
65007,2014-04-26T00:00:00.000+05:30,5362,CLOSED
65025,2014-04-27T00:00:00.000+05:30,11838,CLOSED
65026,2014-04-27T00:00:00.000+05:30,4619,CLOSED
65031,2014-04-27T00:00:00.000+05:30,8652,CLOSED
65042,2014-04-28T00:00:00.000+05:30,11313,CLOSED
65049,2014-04-28T00:00:00.000+05:30,907,CLOSED
65067,2014-04-29T00:00:00.000+05:30,637,CLOSED
65099,2014-05-01T00:00:00.000+05:30,7522,CLOSED
65103,2014-05-01T00:00:00.000+05:30,37,CLOSED
65120,2014-05-01T00:00:00.000+05:30,429,CLOSED
65138,2014-05-02T00:00:00.000+05:30,7999,CLOSED
65148,2014-05-02T00:00:00.000+05:30,3046,CLOSED
65171,2014-05-03T00:00:00.000+05:30,12120,CLOSED
65183,2014-05-03T00:00:00.000+05:30,2001,CLOSED
65185,2014-05-03T00:00:00.000+05:30,4914,CLOSED
65187,2014-05-04T00:00:00.000+05:30,5663,CLOSED
65188,2014-05-04T00:00:00.000+05:30,5721,CLOSED
65200,2014-05-04T00:00:00.000+05:30,4070,CLOSED
65211,2014-05-04T00:00:00.000+05:30,8239,CLOSED
65229,2014-05-05T00:00:00.000+05:30,4583,CLOSED
65236,2014-05-05T00:00:00.000+05:30,10871,CLOSED
65240,2014-05-05T00:00:00.000+05:30,5349,CLOSED
65251,2014-05-06T00:00:00.000+05:30,9019,CLOSED
65265,2014-05-06T00:00:00.000+05:30,5005,CLOSED
65285,2014-05-07T00:00:00.000+05:30,7327,CLOSED
65297,2014-05-08T00:00:00.000+05:30,5708,CLOSED
65300,2014-05-08T00:00:00.000+05:30,3259,CLOSED
65318,2014-05-09T00:00:00.000+05:30,7850,CLOSED
65328,2014-05-09T00:00:00.000+05:30,7032,CLOSED
65341,2014-05-09T00:00:00.000+05:30,9171,CLOSED
65349,2014-05-09T00:00:00.000+05:30,2624,CLOSED
65350,2014-05-09T00:00:00.000+05:30,4457,CLOSED
65356,2014-05-10T00:00:00.000+05:30,6256,CLOSED
65358,2014-05-10T00:00:00.000+05:30,640,CLOSED
65359,2014-05-10T00:00:00.000+05:30,3420,CLOSED
65361,2014-05-10T00:00:00.000+05:30,4376,CLOSED
65375,2014-05-10T00:00:00.000+05:30,584,CLOSED
65376,2014-05-10T00:00:00.000+05:30,11903,CLOSED
65384,2014-05-10T00:00:00.000+05:30,598,CLOSED
65396,2014-05-11T00:00:00.000+05:30,3038,CLOSED
65407,2014-05-11T00:00:00.000+05:30,5286,CLOSED
65419,2014-05-11T00:00:00.000+05:30,8660,CLOSED
65426,2014-05-11T00:00:00.000+05:30,1803,CLOSED
65427,2014-05-12T00:00:00.000+05:30,822,CLOSED
65454,2014-05-12T00:00:00.000+05:30,3064,CLOSED
65467,2014-05-13T00:00:00.000+05:30,9084,CLOSED
65473,2014-05-13T00:00:00.000+05:30,3041,CLOSED
65474,2014-05-13T00:00:00.000+05:30,6505,CLOSED
65478,2014-05-13T00:00:00.000+05:30,11500,CLOSED
65481,2014-05-13T00:00:00.000+05:30,4338,CLOSED
65483,2014-05-14T00:00:00.000+05:30,2894,CLOSED
65488,2014-05-14T00:00:00.000+05:30,1261,CLOSED
65497,2014-05-15T00:00:00.000+05:30,1198,CLOSED
65513,2014-05-16T00:00:00.000+05:30,8001,CLOSED
65515,2014-05-16T00:00:00.000+05:30,4228,CLOSED
65542,2014-05-16T00:00:00.000+05:30,4613,CLOSED
65548,2014-05-17T00:00:00.000+05:30,10084,CLOSED
65558,2014-05-17T00:00:00.000+05:30,4322,CLOSED
65572,2014-05-17T00:00:00.000+05:30,7180,CLOSED
65583,2014-05-18T00:00:00.000+05:30,4590,CLOSED
65587,2014-05-18T00:00:00.000+05:30,4220,CLOSED
65598,2014-05-19T00:00:00.000+05:30,7457,CLOSED
65604,2014-05-19T00:00:00.000+05:30,8166,CLOSED
65605,2014-05-19T00:00:00.000+05:30,3160,CLOSED
65614,2014-05-19T00:00:00.000+05:30,6617,CLOSED
65618,2014-05-20T00:00:00.000+05:30,7298,CLOSED
65625,2014-05-20T00:00:00.000+05:30,9056,CLOSED
65632,2014-05-20T00:00:00.000+05:30,6985,CLOSED
65645,2014-05-21T00:00:00.000+05:30,10445,CLOSED
65656,2014-05-21T00:00:00.000+05:30,1833,CLOSED
65671,2014-05-22T00:00:00.000+05:30,8256,CLOSED
65691,2014-05-22T00:00:00.000+05:30,9820,CLOSED
65732,2014-05-24T00:00:00.000+05:30,36,CLOSED
65736,2014-05-24T00:00:00.000+05:30,12336,CLOSED
65739,2014-05-24T00:00:00.000+05:30,2708,CLOSED
65746,2014-05-24T00:00:00.000+05:30,9256,CLOSED
65748,2014-05-24T00:00:00.000+05:30,7313,CLOSED
65749,2014-05-24T00:00:00.000+05:30,7460,CLOSED
65769,2014-05-25T00:00:00.000+05:30,7451,CLOSED
65780,2014-05-26T00:00:00.000+05:30,10722,CLOSED
65784,2014-05-27T00:00:00.000+05:30,3074,CLOSED
65793,2014-05-27T00:00:00.000+05:30,8218,CLOSED
65797,2014-05-28T00:00:00.000+05:30,6860,CLOSED
65800,2014-05-28T00:00:00.000+05:30,558,CLOSED
65802,2014-05-28T00:00:00.000+05:30,1693,CLOSED
65811,2014-05-28T00:00:00.000+05:30,5501,CLOSED
65824,2014-05-28T00:00:00.000+05:30,12293,CLOSED
65826,2014-05-28T00:00:00.000+05:30,7261,CLOSED
65836,2014-05-29T00:00:00.000+05:30,11499,CLOSED
65854,2014-05-30T00:00:00.000+05:30,871,CLOSED
65874,2014-06-01T00:00:00.000+05:30,7441,CLOSED
65876,2014-06-01T00:00:00.000+05:30,8393,CLOSED
65883,2014-06-01T00:00:00.000+05:30,10410,CLOSED
65902,2014-06-02T00:00:00.000+05:30,12297,CLOSED
65912,2014-06-02T00:00:00.000+05:30,4260,CLOSED
65946,2014-06-03T00:00:00.000+05:30,1147,CLOSED
65964,2014-06-03T00:00:00.000+05:30,1446,CLOSED
65966,2014-06-03T00:00:00.000+05:30,1500,CLOSED
65988,2014-06-04T00:00:00.000+05:30,3941,CLOSED
65996,2014-06-04T00:00:00.000+05:30,11128,CLOSED
65998,2014-06-04T00:00:00.000+05:30,10922,CLOSED
66024,2014-06-05T00:00:00.000+05:30,1867,CLOSED
66026,2014-06-05T00:00:00.000+05:30,2158,CLOSED
66063,2014-06-06T00:00:00.000+05:30,10426,CLOSED
66066,2014-06-06T00:00:00.000+05:30,4561,CLOSED
66072,2014-06-07T00:00:00.000+05:30,7256,CLOSED
66087,2014-06-07T00:00:00.000+05:30,10334,CLOSED
66093,2014-06-07T00:00:00.000+05:30,9178,CLOSED
66100,2014-06-07T00:00:00.000+05:30,2056,CLOSED
66102,2014-06-07T00:00:00.000+05:30,6773,CLOSED
66170,2014-06-10T00:00:00.000+05:30,11218,CLOSED
66191,2014-06-11T00:00:00.000+05:30,6196,CLOSED
66202,2014-06-11T00:00:00.000+05:30,10923,CLOSED
66211,2014-06-11T00:00:00.000+05:30,5223,CLOSED
66212,2014-06-11T00:00:00.000+05:30,1940,CLOSED
66225,2014-06-11T00:00:00.000+05:30,2478,CLOSED
66241,2014-06-12T00:00:00.000+05:30,4071,CLOSED
66247,2014-06-12T00:00:00.000+05:30,7459,CLOSED
66269,2014-06-13T00:00:00.000+05:30,4902,CLOSED
66274,2014-06-13T00:00:00.000+05:30,2774,CLOSED
66277,2014-06-13T00:00:00.000+05:30,10329,CLOSED
66280,2014-06-13T00:00:00.000+05:30,7187,CLOSED
66300,2014-06-14T00:00:00.000+05:30,6777,CLOSED
66305,2014-06-14T00:00:00.000+05:30,74,CLOSED
66316,2014-06-14T00:00:00.000+05:30,3298,CLOSED
66320,2014-06-14T00:00:00.000+05:30,12145,CLOSED
66321,2014-06-14T00:00:00.000+05:30,10773,CLOSED
66335,2014-06-15T00:00:00.000+05:30,6424,CLOSED
66345,2014-06-15T00:00:00.000+05:30,1386,CLOSED
66357,2014-06-16T00:00:00.000+05:30,9768,CLOSED
66368,2014-06-17T00:00:00.000+05:30,10524,CLOSED
66369,2014-06-17T00:00:00.000+05:30,4838,CLOSED
66372,2014-06-17T00:00:00.000+05:30,1199,CLOSED
66375,2014-06-17T00:00:00.000+05:30,7465,CLOSED
66394,2014-06-18T00:00:00.000+05:30,7299,CLOSED
66413,2014-06-18T00:00:00.000+05:30,5432,CLOSED
66419,2014-06-18T00:00:00.000+05:30,4962,CLOSED
66423,2014-06-18T00:00:00.000+05:30,6346,CLOSED
66427,2014-06-19T00:00:00.000+05:30,2785,CLOSED
66433,2014-06-19T00:00:00.000+05:30,8800,CLOSED
66448,2014-06-19T00:00:00.000+05:30,7376,CLOSED
66457,2014-06-19T00:00:00.000+05:30,5763,CLOSED
66464,2014-06-19T00:00:00.000+05:30,1510,CLOSED
66468,2014-06-20T00:00:00.000+05:30,7536,CLOSED
66472,2014-06-20T00:00:00.000+05:30,10111,CLOSED
66474,2014-06-20T00:00:00.000+05:30,9662,CLOSED
66485,2014-06-20T00:00:00.000+05:30,2704,CLOSED
66497,2014-06-20T00:00:00.000+05:30,9490,CLOSED
66507,2014-06-21T00:00:00.000+05:30,4563,CLOSED
66524,2014-06-22T00:00:00.000+05:30,10638,CLOSED
66528,2014-06-22T00:00:00.000+05:30,1205,CLOSED
66539,2014-06-22T00:00:00.000+05:30,356,CLOSED
66557,2014-06-22T00:00:00.000+05:30,2753,CLOSED
66558,2014-06-22T00:00:00.000+05:30,3246,CLOSED
66570,2014-06-23T00:00:00.000+05:30,4114,CLOSED
66590,2014-06-24T00:00:00.000+05:30,10200,CLOSED
66632,2014-06-25T00:00:00.000+05:30,4681,CLOSED
66670,2014-06-27T00:00:00.000+05:30,7742,CLOSED
66675,2014-06-27T00:00:00.000+05:30,2814,CLOSED
66677,2014-06-27T00:00:00.000+05:30,1591,CLOSED
66716,2014-06-29T00:00:00.000+05:30,3052,CLOSED
66721,2014-06-29T00:00:00.000+05:30,10069,CLOSED
66724,2014-06-29T00:00:00.000+05:30,11431,CLOSED
66731,2014-06-29T00:00:00.000+05:30,1777,CLOSED
66733,2014-06-29T00:00:00.000+05:30,11673,CLOSED
66752,2014-06-29T00:00:00.000+05:30,5066,CLOSED
66767,2014-06-30T00:00:00.000+05:30,5944,CLOSED
66786,2014-07-01T00:00:00.000+05:30,10263,CLOSED
66788,2014-07-01T00:00:00.000+05:30,2537,CLOSED
66789,2014-07-01T00:00:00.000+05:30,11229,CLOSED
66795,2014-07-01T00:00:00.000+05:30,6037,CLOSED
66809,2014-07-02T00:00:00.000+05:30,124,CLOSED
66814,2014-07-02T00:00:00.000+05:30,4188,CLOSED
66822,2014-07-03T00:00:00.000+05:30,1378,CLOSED
66836,2014-07-04T00:00:00.000+05:30,673,CLOSED
66849,2014-07-04T00:00:00.000+05:30,10243,CLOSED
66873,2014-07-05T00:00:00.000+05:30,11338,CLOSED
66879,2014-07-05T00:00:00.000+05:30,11517,CLOSED
66884,2014-07-05T00:00:00.000+05:30,8697,CLOSED
66888,2014-07-05T00:00:00.000+05:30,4074,CLOSED
66897,2014-07-05T00:00:00.000+05:30,1571,CLOSED
66904,2014-07-06T00:00:00.000+05:30,8306,CLOSED
66914,2014-07-06T00:00:00.000+05:30,6688,CLOSED
66922,2014-07-06T00:00:00.000+05:30,3272,CLOSED
66928,2014-07-06T00:00:00.000+05:30,11249,CLOSED
66935,2014-07-07T00:00:00.000+05:30,5780,CLOSED
66949,2014-07-07T00:00:00.000+05:30,9552,CLOSED
66950,2014-07-07T00:00:00.000+05:30,9176,CLOSED
66974,2014-07-08T00:00:00.000+05:30,12347,CLOSED
66981,2014-07-08T00:00:00.000+05:30,11221,CLOSED
67001,2014-07-09T00:00:00.000+05:30,4099,CLOSED
67007,2014-07-09T00:00:00.000+05:30,7037,CLOSED
67017,2014-07-10T00:00:00.000+05:30,4856,CLOSED
67024,2014-07-11T00:00:00.000+05:30,9666,CLOSED
67029,2014-07-11T00:00:00.000+05:30,4707,CLOSED
67030,2014-07-11T00:00:00.000+05:30,902,CLOSED
67036,2014-07-11T00:00:00.000+05:30,2900,CLOSED
67101,2014-07-14T00:00:00.000+05:30,12269,CLOSED
67113,2014-07-14T00:00:00.000+05:30,12120,CLOSED
67120,2014-07-15T00:00:00.000+05:30,810,CLOSED
67123,2014-07-15T00:00:00.000+05:30,3789,CLOSED
67128,2014-07-15T00:00:00.000+05:30,4915,CLOSED
67129,2014-07-15T00:00:00.000+05:30,6804,CLOSED
67138,2014-07-15T00:00:00.000+05:30,6083,CLOSED
67148,2014-07-15T00:00:00.000+05:30,5729,CLOSED
67151,2014-07-15T00:00:00.000+05:30,6386,CLOSED
67152,2014-07-15T00:00:00.000+05:30,2121,CLOSED
67160,2014-07-16T00:00:00.000+05:30,4214,CLOSED
67161,2014-07-16T00:00:00.000+05:30,814,CLOSED
67188,2014-07-16T00:00:00.000+05:30,1149,CLOSED
67202,2014-07-17T00:00:00.000+05:30,10971,CLOSED
67204,2014-07-17T00:00:00.000+05:30,10445,CLOSED
67208,2014-07-17T00:00:00.000+05:30,5910,CLOSED
67216,2014-07-17T00:00:00.000+05:30,9058,CLOSED
67222,2014-07-17T00:00:00.000+05:30,10311,CLOSED
67223,2014-07-17T00:00:00.000+05:30,7205,CLOSED
67224,2014-07-18T00:00:00.000+05:30,7656,CLOSED
67226,2014-07-18T00:00:00.000+05:30,2021,CLOSED
67243,2014-07-18T00:00:00.000+05:30,9227,CLOSED
67254,2014-07-19T00:00:00.000+05:30,8233,CLOSED
67259,2014-07-19T00:00:00.000+05:30,1461,CLOSED
67265,2014-07-19T00:00:00.000+05:30,1905,CLOSED
67276,2014-07-20T00:00:00.000+05:30,8032,CLOSED
67289,2014-07-20T00:00:00.000+05:30,9011,CLOSED
67290,2014-07-20T00:00:00.000+05:30,6820,CLOSED
67328,2014-07-22T00:00:00.000+05:30,10422,CLOSED
67332,2014-07-22T00:00:00.000+05:30,11478,CLOSED
67333,2014-07-22T00:00:00.000+05:30,10046,CLOSED
67335,2014-07-22T00:00:00.000+05:30,9066,CLOSED
67346,2014-07-22T00:00:00.000+05:30,6096,CLOSED
67348,2014-07-22T00:00:00.000+05:30,7183,CLOSED
67352,2014-07-22T00:00:00.000+05:30,12262,CLOSED
67358,2014-07-23T00:00:00.000+05:30,272,CLOSED
67365,2014-07-23T00:00:00.000+05:30,8074,CLOSED
67369,2014-07-23T00:00:00.000+05:30,4152,CLOSED
67370,2014-07-23T00:00:00.000+05:30,11085,CLOSED
67381,2014-07-23T00:00:00.000+05:30,5622,CLOSED
67399,2014-07-24T00:00:00.000+05:30,2909,CLOSED
67407,2014-07-24T00:00:00.000+05:30,11789,CLOSED
67416,2013-07-25T00:00:00.000+05:30,10920,CLOSED
67433,2013-07-29T00:00:00.000+05:30,5786,CLOSED
67452,2013-08-02T00:00:00.000+05:30,5049,CLOSED
67467,2013-08-07T00:00:00.000+05:30,11305,CLOSED
67479,2013-08-09T00:00:00.000+05:30,5728,CLOSED
67488,2013-08-14T00:00:00.000+05:30,5551,CLOSED
67495,2013-08-15T00:00:00.000+05:30,5870,CLOSED
67497,2013-08-16T00:00:00.000+05:30,10291,CLOSED
67520,2013-08-21T00:00:00.000+05:30,10720,CLOSED
67523,2013-08-21T00:00:00.000+05:30,10165,CLOSED
67537,2013-08-26T00:00:00.000+05:30,5638,CLOSED
67540,2013-08-27T00:00:00.000+05:30,2218,CLOSED
67543,2013-08-27T00:00:00.000+05:30,8065,CLOSED
67550,2013-08-29T00:00:00.000+05:30,3489,CLOSED
67561,2013-08-31T00:00:00.000+05:30,11677,CLOSED
67563,2013-09-01T00:00:00.000+05:30,8201,CLOSED
67564,2013-09-01T00:00:00.000+05:30,11934,CLOSED
67567,2013-09-01T00:00:00.000+05:30,7864,CLOSED
67570,2013-09-03T00:00:00.000+05:30,6740,CLOSED
67571,2013-09-03T00:00:00.000+05:30,8704,CLOSED
67576,2013-09-04T00:00:00.000+05:30,4690,CLOSED
67578,2013-09-05T00:00:00.000+05:30,331,CLOSED
67585,2013-09-07T00:00:00.000+05:30,6836,CLOSED
67589,2013-09-07T00:00:00.000+05:30,8041,CLOSED
67592,2013-09-08T00:00:00.000+05:30,179,CLOSED
67602,2013-09-10T00:00:00.000+05:30,7122,CLOSED
67614,2013-09-14T00:00:00.000+05:30,4379,CLOSED
67621,2013-09-15T00:00:00.000+05:30,8912,CLOSED
67622,2013-09-16T00:00:00.000+05:30,11952,CLOSED
67624,2013-09-16T00:00:00.000+05:30,9213,CLOSED
67639,2013-09-21T00:00:00.000+05:30,3520,CLOSED
67641,2013-09-21T00:00:00.000+05:30,11423,CLOSED
67668,2013-10-01T00:00:00.000+05:30,8375,CLOSED
67669,2013-10-01T00:00:00.000+05:30,11625,CLOSED
67671,2013-10-03T00:00:00.000+05:30,6719,CLOSED
67673,2013-10-04T00:00:00.000+05:30,11920,CLOSED
67682,2013-10-07T00:00:00.000+05:30,8768,CLOSED
67690,2013-10-09T00:00:00.000+05:30,8473,CLOSED
67692,2013-10-09T00:00:00.000+05:30,4025,CLOSED
67707,2013-10-14T00:00:00.000+05:30,11489,CLOSED
67708,2013-10-15T00:00:00.000+05:30,229,CLOSED
67710,2013-10-15T00:00:00.000+05:30,11119,CLOSED
67730,2013-10-21T00:00:00.000+05:30,9553,CLOSED
67732,2013-10-23T00:00:00.000+05:30,8905,CLOSED
67739,2013-10-25T00:00:00.000+05:30,5104,CLOSED
67757,2013-10-31T00:00:00.000+05:30,441,CLOSED
67758,2013-10-31T00:00:00.000+05:30,6750,CLOSED
67765,2013-11-02T00:00:00.000+05:30,3781,CLOSED
67780,2013-11-05T00:00:00.000+05:30,1317,CLOSED
67797,2013-11-09T00:00:00.000+05:30,5172,CLOSED
67800,2013-11-10T00:00:00.000+05:30,12099,CLOSED
67829,2013-11-20T00:00:00.000+05:30,8283,CLOSED
67846,2013-11-24T00:00:00.000+05:30,2134,CLOSED
67862,2013-11-29T00:00:00.000+05:30,1443,CLOSED
67873,2013-12-04T00:00:00.000+05:30,11574,CLOSED
67878,2013-12-06T00:00:00.000+05:30,5513,CLOSED
67880,2013-12-06T00:00:00.000+05:30,913,CLOSED
67885,2013-12-07T00:00:00.000+05:30,5496,CLOSED
67897,2013-12-10T00:00:00.000+05:30,7550,CLOSED
67907,2013-12-13T00:00:00.000+05:30,6170,CLOSED
67916,2013-12-17T00:00:00.000+05:30,11600,CLOSED
67917,2013-12-17T00:00:00.000+05:30,2873,CLOSED
67918,2013-12-17T00:00:00.000+05:30,3213,CLOSED
67922,2013-12-19T00:00:00.000+05:30,2149,CLOSED
67923,2013-12-19T00:00:00.000+05:30,11633,CLOSED
67927,2013-12-20T00:00:00.000+05:30,1296,CLOSED
67937,2013-12-23T00:00:00.000+05:30,152,CLOSED
67941,2013-12-24T00:00:00.000+05:30,8647,CLOSED
67948,2013-12-26T00:00:00.000+05:30,2071,CLOSED
67967,2013-12-29T00:00:00.000+05:30,3396,CLOSED
67977,2014-01-03T00:00:00.000+05:30,9006,CLOSED
67984,2014-01-05T00:00:00.000+05:30,5910,CLOSED
67985,2014-01-05T00:00:00.000+05:30,1287,CLOSED
67986,2014-01-06T00:00:00.000+05:30,9862,CLOSED
67987,2014-01-06T00:00:00.000+05:30,1021,CLOSED
67995,2014-01-09T00:00:00.000+05:30,5270,CLOSED
68021,2014-01-17T00:00:00.000+05:30,1605,CLOSED
68028,2014-01-18T00:00:00.000+05:30,6304,CLOSED
68064,2014-01-27T00:00:00.000+05:30,8484,CLOSED
68067,2014-01-29T00:00:00.000+05:30,3497,CLOSED
68092,2014-02-02T00:00:00.000+05:30,11964,CLOSED
68097,2014-02-03T00:00:00.000+05:30,96,CLOSED
68118,2014-02-10T00:00:00.000+05:30,2926,CLOSED
68130,2014-02-12T00:00:00.000+05:30,11491,CLOSED
68131,2014-02-12T00:00:00.000+05:30,3291,CLOSED
68134,2014-02-13T00:00:00.000+05:30,2029,CLOSED
68140,2014-02-16T00:00:00.000+05:30,9979,CLOSED
68145,2014-02-16T00:00:00.000+05:30,10706,CLOSED
68152,2014-02-18T00:00:00.000+05:30,2015,CLOSED
68157,2014-02-19T00:00:00.000+05:30,2678,CLOSED
68159,2014-02-19T00:00:00.000+05:30,12273,CLOSED
68161,2014-02-20T00:00:00.000+05:30,1525,CLOSED
68165,2014-02-22T00:00:00.000+05:30,1547,CLOSED
68167,2014-02-22T00:00:00.000+05:30,8507,CLOSED
68183,2014-02-27T00:00:00.000+05:30,3226,CLOSED
68196,2014-03-02T00:00:00.000+05:30,5733,CLOSED
68222,2014-03-08T00:00:00.000+05:30,5347,CLOSED
68228,2014-03-13T00:00:00.000+05:30,5338,CLOSED
68230,2014-03-13T00:00:00.000+05:30,3429,CLOSED
68236,2014-03-15T00:00:00.000+05:30,2873,CLOSED
68247,2014-03-19T00:00:00.000+05:30,2435,CLOSED
68252,2014-03-20T00:00:00.000+05:30,9176,CLOSED
68268,2014-03-24T00:00:00.000+05:30,10290,CLOSED
68271,2014-03-24T00:00:00.000+05:30,11678,CLOSED
68273,2014-03-25T00:00:00.000+05:30,5970,CLOSED
68274,2014-03-25T00:00:00.000+05:30,12119,CLOSED
68276,2014-03-25T00:00:00.000+05:30,4455,CLOSED
68280,2014-03-26T00:00:00.000+05:30,10163,CLOSED
68282,2014-03-27T00:00:00.000+05:30,11293,CLOSED
68291,2014-03-30T00:00:00.000+05:30,4470,CLOSED
68299,2014-04-02T00:00:00.000+05:30,1420,CLOSED
68340,2014-04-13T00:00:00.000+05:30,9353,CLOSED
68348,2014-04-15T00:00:00.000+05:30,55,CLOSED
68354,2014-04-17T00:00:00.000+05:30,11879,CLOSED
68399,2014-04-28T00:00:00.000+05:30,1034,CLOSED
68402,2014-04-30T00:00:00.000+05:30,11123,CLOSED
68420,2014-05-05T00:00:00.000+05:30,1550,CLOSED
68424,2014-05-07T00:00:00.000+05:30,4320,CLOSED
68435,2014-05-11T00:00:00.000+05:30,10441,CLOSED
68448,2014-05-14T00:00:00.000+05:30,2287,CLOSED
68451,2014-05-14T00:00:00.000+05:30,8929,CLOSED
68460,2014-05-17T00:00:00.000+05:30,10096,CLOSED
68469,2014-05-18T00:00:00.000+05:30,10964,CLOSED
68471,2014-05-19T00:00:00.000+05:30,7816,CLOSED
68477,2014-05-20T00:00:00.000+05:30,2076,CLOSED
68487,2014-05-23T00:00:00.000+05:30,11710,CLOSED
68489,2014-05-23T00:00:00.000+05:30,2180,CLOSED
68493,2014-05-24T00:00:00.000+05:30,7013,CLOSED
68503,2014-05-29T00:00:00.000+05:30,9830,CLOSED
68504,2014-05-29T00:00:00.000+05:30,9094,CLOSED
68527,2014-06-06T00:00:00.000+05:30,5337,CLOSED
68532,2014-06-06T00:00:00.000+05:30,77,CLOSED
68566,2014-06-17T00:00:00.000+05:30,2214,CLOSED
68570,2014-06-19T00:00:00.000+05:30,6015,CLOSED
68582,2014-06-22T00:00:00.000+05:30,10705,CLOSED
68611,2014-06-29T00:00:00.000+05:30,11730,CLOSED
68615,2014-06-29T00:00:00.000+05:30,5250,CLOSED
68622,2014-07-02T00:00:00.000+05:30,8186,CLOSED
68626,2014-07-02T00:00:00.000+05:30,5548,CLOSED
68627,2014-07-03T00:00:00.000+05:30,5493,CLOSED
68630,2014-07-04T00:00:00.000+05:30,8382,CLOSED
68632,2014-07-04T00:00:00.000+05:30,10713,CLOSED
68635,2014-07-05T00:00:00.000+05:30,9260,CLOSED
68642,2014-07-08T00:00:00.000+05:30,6049,CLOSED
68649,2014-07-10T00:00:00.000+05:30,7664,CLOSED
68657,2014-07-13T00:00:00.000+05:30,9211,CLOSED
68662,2014-07-15T00:00:00.000+05:30,8643,CLOSED
68667,2014-07-17T00:00:00.000+05:30,2920,CLOSED
68668,2014-07-17T00:00:00.000+05:30,6140,CLOSED
68675,2014-07-19T00:00:00.000+05:30,1617,CLOSED
68687,2014-07-23T00:00:00.000+05:30,2609,CLOSED
68691,2013-07-25T00:00:00.000+05:30,9127,CLOSED
68705,2013-08-19T00:00:00.000+05:30,8681,CLOSED
68717,2013-09-13T00:00:00.000+05:30,1785,CLOSED
68720,2013-09-18T00:00:00.000+05:30,5079,CLOSED
68733,2013-10-16T00:00:00.000+05:30,12429,CLOSED
68745,2013-11-04T00:00:00.000+05:30,2777,CLOSED
68747,2013-11-07T00:00:00.000+05:30,10192,CLOSED
68756,2013-11-19T00:00:00.000+05:30,525,CLOSED
68758,2013-11-23T00:00:00.000+05:30,8572,CLOSED
68773,2013-12-23T00:00:00.000+05:30,10092,CLOSED
68776,2013-12-29T00:00:00.000+05:30,1638,CLOSED
68781,2014-01-08T00:00:00.000+05:30,9037,CLOSED
68790,2014-01-26T00:00:00.000+05:30,10302,CLOSED
68803,2014-02-23T00:00:00.000+05:30,9397,CLOSED
68805,2014-03-01T00:00:00.000+05:30,6599,CLOSED
68815,2014-03-25T00:00:00.000+05:30,1078,CLOSED
68827,2014-04-16T00:00:00.000+05:30,8814,CLOSED
68828,2014-04-20T00:00:00.000+05:30,5263,CLOSED
68840,2014-05-11T00:00:00.000+05:30,4399,CLOSED
68848,2014-05-22T00:00:00.000+05:30,6517,CLOSED
68852,2014-05-29T00:00:00.000+05:30,4596,CLOSED
68863,2014-06-16T00:00:00.000+05:30,3361,CLOSED
