50,2013-07-25T00:00:00.000+05:30,5225,CANCELED
112,2013-07-26T00:00:00.000+05:30,5375,CANCELED
527,2013-07-28T00:00:00.000+05:30,5426,CANCELED
552,2013-07-28T00:00:00.000+05:30,1445,CANCELED
564,2013-07-28T00:00:00.000+05:30,2216,CANCELED
607,2013-07-28T00:00:00.000+05:30,6376,CANCELED
649,2013-07-28T00:00:00.000+05:30,7261,CANCELED
667,2013-07-28T00:00:00.000+05:30,4726,CANCELED
716,2013-07-29T00:00:00.000+05:30,2581,CANCELED
717,2013-07-29T00:00:00.000+05:30,8208,CANCELED
738,2013-07-29T00:00:00.000+05:30,10042,CANCELED
753,2013-07-29T00:00:00.000+05:30,5094,CANCELED
929,2013-07-30T00:00:00.000+05:30,8482,CANCELED
955,2013-07-30T00:00:00.000+05:30,8117,CANCELED
962,2013-07-30T00:00:00.000+05:30,9492,CANCELED
1013,2013-07-30T00:00:00.000+05:30,1903,CANCELED
1169,2013-07-31T00:00:00.000+05:30,3971,CANCELED
1186,2013-07-31T00:00:00.000+05:30,11947,CANCELED
1190,2013-07-31T00:00:00.000+05:30,12360,CANCELED
1313,2013-08-01T00:00:00.000+05:30,3471,CANCELED
1365,2013-08-01T00:00:00.000+05:30,8567,CANCELED
1383,2013-08-01T00:00:00.000+05:30,1753,CANCELED
1435,2013-08-01T00:00:00.000+05:30,1879,CANCELED
1497,2013-08-01T00:00:00.000+05:30,7193,CANCELED
1593,2013-08-02T00:00:00.000+05:30,4395,CANCELED
1598,2013-08-02T00:00:00.000+05:30,10784,CANCELED
1776,2013-08-03T00:00:00.000+05:30,6222,CANCELED
1849,2013-08-03T00:00:00.000+05:30,3757,CANCELED
1859,2013-08-03T00:00:00.000+05:30,6957,CANCELED
2012,2013-08-04T00:00:00.000+05:30,5165,CANCELED
2041,2013-08-05T00:00:00.000+05:30,3564,CANCELED
2053,2013-08-05T00:00:00.000+05:30,10902,CANCELED
2090,2013-08-05T00:00:00.000+05:30,7825,CANCELED
2112,2013-08-05T00:00:00.000+05:30,11401,CANCELED
2144,2013-08-05T00:00:00.000+05:30,7932,CANCELED
2150,2013-08-05T00:00:00.000+05:30,385,CANCELED
2153,2013-08-05T00:00:00.000+05:30,2430,CANCELED
2170,2013-08-06T00:00:00.000+05:30,3116,CANCELED
2189,2013-08-06T00:00:00.000+05:30,6829,CANCELED
2264,2013-08-06T00:00:00.000+05:30,5388,CANCELED
2271,2013-08-06T00:00:00.000+05:30,7603,CANCELED
2288,2013-08-06T00:00:00.000+05:30,5401,CANCELED
2334,2013-08-06T00:00:00.000+05:30,9674,CANCELED
2371,2013-08-06T00:00:00.000+05:30,9332,CANCELED
2411,2013-08-07T00:00:00.000+05:30,4211,CANCELED
2433,2013-08-07T00:00:00.000+05:30,1450,CANCELED
2468,2013-08-07T00:00:00.000+05:30,3766,CANCELED
2476,2013-08-07T00:00:00.000+05:30,7320,CANCELED
2510,2013-08-07T00:00:00.000+05:30,10100,CANCELED
2559,2013-08-07T00:00:00.000+05:30,4308,CANCELED
2587,2013-08-08T00:00:00.000+05:30,1314,CANCELED
2664,2013-08-08T00:00:00.000+05:30,2260,CANCELED
2691,2013-08-08T00:00:00.000+05:30,9063,CANCELED
2754,2013-08-09T00:00:00.000+05:30,8946,CANCELED
2784,2013-08-09T00:00:00.000+05:30,8880,CANCELED
2887,2013-08-10T00:00:00.000+05:30,10632,CANCELED
2915,2013-08-10T00:00:00.000+05:30,1542,CANCELED
2921,2013-08-10T00:00:00.000+05:30,2803,CANCELED
3086,2013-08-11T00:00:00.000+05:30,6584,CANCELED
3246,2013-08-12T00:00:00.000+05:30,1852,CANCELED
3295,2013-08-12T00:00:00.000+05:30,651,CANCELED
3335,2013-08-12T00:00:00.000+05:30,5926,CANCELED
3413,2013-08-13T00:00:00.000+05:30,214,CANCELED
3475,2013-08-14T00:00:00.000+05:30,7798,CANCELED
3537,2013-08-14T00:00:00.000+05:30,1320,CANCELED
3551,2013-08-14T00:00:00.000+05:30,5363,CANCELED
3553,2013-08-14T00:00:00.000+05:30,11214,CANCELED
3616,2013-08-15T00:00:00.000+05:30,8508,CANCELED
3652,2013-08-15T00:00:00.000+05:30,6699,CANCELED
3673,2013-08-15T00:00:00.000+05:30,6287,CANCELED
3687,2013-08-15T00:00:00.000+05:30,9688,CANCELED
3695,2013-08-15T00:00:00.000+05:30,11537,CANCELED
3774,2013-08-16T00:00:00.000+05:30,12431,CANCELED
3797,2013-08-16T00:00:00.000+05:30,10973,CANCELED
3953,2013-08-17T00:00:00.000+05:30,8628,CANCELED
3970,2013-08-17T00:00:00.000+05:30,294,CANCELED
3991,2013-08-17T00:00:00.000+05:30,4414,CANCELED
3998,2013-08-17T00:00:00.000+05:30,5327,CANCELED
4018,2013-08-17T00:00:00.000+05:30,2205,CANCELED
4023,2013-08-17T00:00:00.000+05:30,2219,CANCELED
4040,2013-08-17T00:00:00.000+05:30,10234,CANCELED
4205,2013-08-18T00:00:00.000+05:30,4965,CANCELED
4223,2013-08-18T00:00:00.000+05:30,3284,CANCELED
4286,2013-08-19T00:00:00.000+05:30,1092,CANCELED
4352,2013-08-20T00:00:00.000+05:30,6593,CANCELED
4354,2013-08-20T00:00:00.000+05:30,7268,CANCELED
4461,2013-08-20T00:00:00.000+05:30,6201,CANCELED
4477,2013-08-21T00:00:00.000+05:30,10761,CANCELED
4525,2013-08-21T00:00:00.000+05:30,2731,CANCELED
4529,2013-08-21T00:00:00.000+05:30,3061,CANCELED
4567,2013-08-22T00:00:00.000+05:30,11931,CANCELED
4585,2013-08-22T00:00:00.000+05:30,501,CANCELED
4591,2013-08-22T00:00:00.000+05:30,2961,CANCELED
4608,2013-08-22T00:00:00.000+05:30,3736,CANCELED
4698,2013-08-22T00:00:00.000+05:30,2433,CANCELED
4729,2013-08-23T00:00:00.000+05:30,1514,CANCELED
4754,2013-08-23T00:00:00.000+05:30,12287,CANCELED
4756,2013-08-23T00:00:00.000+05:30,10010,CANCELED
4801,2013-08-23T00:00:00.000+05:30,11630,CANCELED
4809,2013-08-23T00:00:00.000+05:30,9586,CANCELED
4879,2013-08-24T00:00:00.000+05:30,9862,CANCELED
4888,2013-08-24T00:00:00.000+05:30,506,CANCELED
5038,2013-08-24T00:00:00.000+05:30,5179,CANCELED
5153,2013-08-25T00:00:00.000+05:30,2673,CANCELED
5207,2013-08-25T00:00:00.000+05:30,6119,CANCELED
5256,2013-08-25T00:00:00.000+05:30,4391,CANCELED
5270,2013-08-25T00:00:00.000+05:30,1012,CANCELED
5331,2013-08-26T00:00:00.000+05:30,3361,CANCELED
5344,2013-08-26T00:00:00.000+05:30,9893,CANCELED
5451,2013-08-27T00:00:00.000+05:30,1108,CANCELED
5524,2013-08-27T00:00:00.000+05:30,3604,CANCELED
5533,2013-08-27T00:00:00.000+05:30,5315,CANCELED
5613,2013-08-28T00:00:00.000+05:30,7052,CANCELED
5629,2013-08-28T00:00:00.000+05:30,2389,CANCELED
5646,2013-08-28T00:00:00.000+05:30,3997,CANCELED
5731,2013-08-29T00:00:00.000+05:30,2689,CANCELED
5748,2013-08-29T00:00:00.000+05:30,4479,CANCELED
5761,2013-08-29T00:00:00.000+05:30,8321,CANCELED
5777,2013-08-29T00:00:00.000+05:30,1378,CANCELED
5787,2013-08-29T00:00:00.000+05:30,9813,CANCELED
5802,2013-08-29T00:00:00.000+05:30,2158,CANCELED
5837,2013-08-29T00:00:00.000+05:30,3977,CANCELED
5872,2013-08-30T00:00:00.000+05:30,9746,CANCELED
5920,2013-08-30T00:00:00.000+05:30,12056,CANCELED
5971,2013-08-31T00:00:00.000+05:30,4727,CANCELED
6032,2013-08-31T00:00:00.000+05:30,3762,CANCELED
6067,2013-09-01T00:00:00.000+05:30,11274,CANCELED
6180,2013-09-02T00:00:00.000+05:30,8688,CANCELED
6231,2013-09-02T00:00:00.000+05:30,12347,CANCELED
6265,2013-09-02T00:00:00.000+05:30,10268,CANCELED
6274,2013-09-02T00:00:00.000+05:30,1921,CANCELED
6299,2013-09-02T00:00:00.000+05:30,6486,CANCELED
6474,2013-09-03T00:00:00.000+05:30,4416,CANCELED
6482,2013-09-03T00:00:00.000+05:30,2229,CANCELED
6514,2013-09-04T00:00:00.000+05:30,7638,CANCELED
6548,2013-09-04T00:00:00.000+05:30,172,CANCELED
6550,2013-09-04T00:00:00.000+05:30,4911,CANCELED
6591,2013-09-05T00:00:00.000+05:30,1007,CANCELED
6750,2013-09-05T00:00:00.000+05:30,221,CANCELED
6819,2013-09-06T00:00:00.000+05:30,1548,CANCELED
6847,2013-09-06T00:00:00.000+05:30,548,CANCELED
6898,2013-09-06T00:00:00.000+05:30,7722,CANCELED
7004,2013-09-06T00:00:00.000+05:30,2036,CANCELED
7019,2013-09-06T00:00:00.000+05:30,9515,CANCELED
7035,2013-09-06T00:00:00.000+05:30,8035,CANCELED
7053,2013-09-07T00:00:00.000+05:30,10424,CANCELED
7067,2013-09-07T00:00:00.000+05:30,2961,CANCELED
7081,2013-09-07T00:00:00.000+05:30,7823,CANCELED
7093,2013-09-07T00:00:00.000+05:30,6161,CANCELED
7100,2013-09-07T00:00:00.000+05:30,2217,CANCELED
7141,2013-09-07T00:00:00.000+05:30,9419,CANCELED
7187,2013-09-07T00:00:00.000+05:30,11070,CANCELED
7360,2013-09-08T00:00:00.000+05:30,12102,CANCELED
7398,2013-09-09T00:00:00.000+05:30,8187,CANCELED
7454,2013-09-09T00:00:00.000+05:30,1363,CANCELED
7471,2013-09-09T00:00:00.000+05:30,709,CANCELED
7491,2013-09-09T00:00:00.000+05:30,6892,CANCELED
7643,2013-09-10T00:00:00.000+05:30,10484,CANCELED
7682,2013-09-10T00:00:00.000+05:30,10638,CANCELED
7692,2013-09-10T00:00:00.000+05:30,11740,CANCELED
7767,2013-09-10T00:00:00.000+05:30,5126,CANCELED
7770,2013-09-10T00:00:00.000+05:30,7762,CANCELED
7855,2013-09-11T00:00:00.000+05:30,6004,CANCELED
7883,2013-09-11T00:00:00.000+05:30,2844,CANCELED
7889,2013-09-12T00:00:00.000+05:30,64,CANCELED
7901,2013-09-12T00:00:00.000+05:30,3618,CANCELED
7930,2013-09-12T00:00:00.000+05:30,11783,CANCELED
7943,2013-09-12T00:00:00.000+05:30,3440,CANCELED
8091,2013-09-13T00:00:00.000+05:30,4134,CANCELED
8154,2013-09-14T00:00:00.000+05:30,639,CANCELED
8199,2013-09-14T00:00:00.000+05:30,3553,CANCELED
8209,2013-09-14T00:00:00.000+05:30,1045,CANCELED
8215,2013-09-14T00:00:00.000+05:30,6885,CANCELED
8349,2013-09-14T00:00:00.000+05:30,8312,CANCELED
8383,2013-09-15T00:00:00.000+05:30,9300,CANCELED
8433,2013-09-15T00:00:00.000+05:30,6568,CANCELED
8437,2013-09-15T00:00:00.000+05:30,8183,CANCELED
8488,2013-09-16T00:00:00.000+05:30,9154,CANCELED
8518,2013-09-16T00:00:00.000+05:30,5582,CANCELED
8572,2013-09-17T00:00:00.000+05:30,7852,CANCELED
8707,2013-09-18T00:00:00.000+05:30,9721,CANCELED
8929,2013-09-19T00:00:00.000+05:30,7647,CANCELED
8943,2013-09-19T00:00:00.000+05:30,7317,CANCELED
8971,2013-09-19T00:00:00.000+05:30,11500,CANCELED
8986,2013-09-19T00:00:00.000+05:30,10996,CANCELED
9079,2013-09-20T00:00:00.000+05:30,2642,CANCELED
9159,2013-09-20T00:00:00.000+05:30,5548,CANCELED
9178,2013-09-20T00:00:00.000+05:30,9959,CANCELED
9210,2013-09-21T00:00:00.000+05:30,10333,CANCELED
9251,2013-09-21T00:00:00.000+05:30,6905,CANCELED
9327,2013-09-21T00:00:00.000+05:30,9283,CANCELED
9370,2013-09-22T00:00:00.000+05:30,2009,CANCELED
9386,2013-09-22T00:00:00.000+05:30,653,CANCELED
9419,2013-09-22T00:00:00.000+05:30,5416,CANCELED
9440,2013-09-22T00:00:00.000+05:30,5164,CANCELED
9613,2013-09-23T00:00:00.000+05:30,9489,CANCELED
9688,2013-09-24T00:00:00.000+05:30,7237,CANCELED
9702,2013-09-24T00:00:00.000+05:30,5527,CANCELED
9720,2013-09-24T00:00:00.000+05:30,6953,CANCELED
9769,2013-09-24T00:00:00.000+05:30,4397,CANCELED
9771,2013-09-24T00:00:00.000+05:30,5225,CANCELED
9778,2013-09-24T00:00:00.000+05:30,5122,CANCELED
9781,2013-09-24T00:00:00.000+05:30,437,CANCELED
9784,2013-09-24T00:00:00.000+05:30,8352,CANCELED
9788,2013-09-24T00:00:00.000+05:30,11209,CANCELED
9828,2013-09-24T00:00:00.000+05:30,2567,CANCELED
9838,2013-09-24T00:00:00.000+05:30,4181,CANCELED
9874,2013-09-25T00:00:00.000+05:30,4882,CANCELED
9898,2013-09-25T00:00:00.000+05:30,12296,CANCELED
9927,2013-09-25T00:00:00.000+05:30,10231,CANCELED
9978,2013-09-25T00:00:00.000+05:30,3100,CANCELED
10065,2013-09-25T00:00:00.000+05:30,1889,CANCELED
10074,2013-09-25T00:00:00.000+05:30,3884,CANCELED
10102,2013-09-25T00:00:00.000+05:30,3770,CANCELED
10106,2013-09-25T00:00:00.000+05:30,910,CANCELED
10135,2013-09-26T00:00:00.000+05:30,3406,CANCELED
10140,2013-09-26T00:00:00.000+05:30,3326,CANCELED
10219,2013-09-26T00:00:00.000+05:30,4854,CANCELED
10222,2013-09-26T00:00:00.000+05:30,9165,CANCELED
10262,2013-09-26T00:00:00.000+05:30,5754,CANCELED
10290,2013-09-26T00:00:00.000+05:30,5104,CANCELED
10375,2013-09-27T00:00:00.000+05:30,6929,CANCELED
10553,2013-09-27T00:00:00.000+05:30,177,CANCELED
10563,2013-09-28T00:00:00.000+05:30,6237,CANCELED
10570,2013-09-28T00:00:00.000+05:30,4465,CANCELED
10582,2013-09-28T00:00:00.000+05:30,5043,CANCELED
10632,2013-09-28T00:00:00.000+05:30,6767,CANCELED
10637,2013-09-28T00:00:00.000+05:30,2693,CANCELED
10793,2013-09-29T00:00:00.000+05:30,4916,CANCELED
10850,2013-09-30T00:00:00.000+05:30,7977,CANCELED
10936,2013-09-30T00:00:00.000+05:30,11822,CANCELED
10938,2013-09-30T00:00:00.000+05:30,9441,CANCELED
10939,2013-09-30T00:00:00.000+05:30,5236,CANCELED
11135,2013-10-02T00:00:00.000+05:30,9371,CANCELED
11256,2013-10-02T00:00:00.000+05:30,35,CANCELED
11274,2013-10-02T00:00:00.000+05:30,6017,CANCELED
11286,2013-10-02T00:00:00.000+05:30,7867,CANCELED
11312,2013-10-02T00:00:00.000+05:30,6805,CANCELED
11540,2013-10-04T00:00:00.000+05:30,8178,CANCELED
11581,2013-10-04T00:00:00.000+05:30,6732,CANCELED
11584,2013-10-04T00:00:00.000+05:30,9412,CANCELED
11629,2013-10-04T00:00:00.000+05:30,12045,CANCELED
11680,2013-10-04T00:00:00.000+05:30,8188,CANCELED
11729,2013-10-05T00:00:00.000+05:30,1804,CANCELED
11734,2013-10-05T00:00:00.000+05:30,2341,CANCELED
11770,2013-10-05T00:00:00.000+05:30,6688,CANCELED
11902,2013-10-06T00:00:00.000+05:30,9758,CANCELED
11943,2013-10-06T00:00:00.000+05:30,3655,CANCELED
11985,2013-10-06T00:00:00.000+05:30,12114,CANCELED
12030,2013-10-06T00:00:00.000+05:30,7958,CANCELED
12032,2013-10-06T00:00:00.000+05:30,6249,CANCELED
12057,2013-10-06T00:00:00.000+05:30,7430,CANCELED
12061,2013-10-06T00:00:00.000+05:30,1283,CANCELED
12092,2013-10-06T00:00:00.000+05:30,3764,CANCELED
12102,2013-10-07T00:00:00.000+05:30,9448,CANCELED
12231,2013-10-08T00:00:00.000+05:30,4936,CANCELED
12308,2013-10-08T00:00:00.000+05:30,4918,CANCELED
12330,2013-10-08T00:00:00.000+05:30,7794,CANCELED
12342,2013-10-08T00:00:00.000+05:30,2299,CANCELED
12462,2013-10-09T00:00:00.000+05:30,8015,CANCELED
12571,2013-10-10T00:00:00.000+05:30,10660,CANCELED
12909,2013-10-12T00:00:00.000+05:30,11390,CANCELED
13014,2013-10-13T00:00:00.000+05:30,3934,CANCELED
13016,2013-10-13T00:00:00.000+05:30,599,CANCELED
13088,2013-10-13T00:00:00.000+05:30,10160,CANCELED
13108,2013-10-13T00:00:00.000+05:30,9241,CANCELED
13298,2013-10-14T00:00:00.000+05:30,10549,CANCELED
13347,2013-10-15T00:00:00.000+05:30,6614,CANCELED
13382,2013-10-15T00:00:00.000+05:30,10659,CANCELED
13454,2013-10-15T00:00:00.000+05:30,1004,CANCELED
13549,2013-10-16T00:00:00.000+05:30,4549,CANCELED
13770,2013-10-19T00:00:00.000+05:30,4364,CANCELED
13799,2013-10-19T00:00:00.000+05:30,3033,CANCELED
13819,2013-10-19T00:00:00.000+05:30,5544,CANCELED
13849,2013-10-19T00:00:00.000+05:30,4566,CANCELED
13929,2013-10-20T00:00:00.000+05:30,8508,CANCELED
13939,2013-10-20T00:00:00.000+05:30,5854,CANCELED
13954,2013-10-20T00:00:00.000+05:30,1715,CANCELED
13979,2013-10-20T00:00:00.000+05:30,2348,CANCELED
14000,2013-10-20T00:00:00.000+05:30,11915,CANCELED
14044,2013-10-20T00:00:00.000+05:30,11878,CANCELED
14114,2013-10-21T00:00:00.000+05:30,8082,CANCELED
14290,2013-10-23T00:00:00.000+05:30,3136,CANCELED
14389,2013-10-23T00:00:00.000+05:30,1550,CANCELED
14403,2013-10-23T00:00:00.000+05:30,2838,CANCELED
14432,2013-10-23T00:00:00.000+05:30,5431,CANCELED
14496,2013-10-24T00:00:00.000+05:30,10292,CANCELED
14499,2013-10-24T00:00:00.000+05:30,5406,CANCELED
14508,2013-10-24T00:00:00.000+05:30,4209,CANCELED
14509,2013-10-24T00:00:00.000+05:30,5874,CANCELED
14512,2013-10-24T00:00:00.000+05:30,4730,CANCELED
14533,2013-10-24T00:00:00.000+05:30,2200,CANCELED
14554,2013-10-24T00:00:00.000+05:30,172,CANCELED
14736,2013-10-26T00:00:00.000+05:30,3685,CANCELED
14772,2013-10-26T00:00:00.000+05:30,1772,CANCELED
14908,2013-10-27T00:00:00.000+05:30,11721,CANCELED
14935,2013-10-27T00:00:00.000+05:30,4895,CANCELED
15009,2013-10-28T00:00:00.000+05:30,5064,CANCELED
15087,2013-10-28T00:00:00.000+05:30,8683,CANCELED
15135,2013-10-29T00:00:00.000+05:30,6354,CANCELED
15137,2013-10-29T00:00:00.000+05:30,6878,CANCELED
15148,2013-10-29T00:00:00.000+05:30,4376,CANCELED
15172,2013-10-29T00:00:00.000+05:30,7301,CANCELED
15252,2013-10-30T00:00:00.000+05:30,11300,CANCELED
15320,2013-10-31T00:00:00.000+05:30,8892,CANCELED
15329,2013-10-31T00:00:00.000+05:30,1329,CANCELED
15384,2013-10-31T00:00:00.000+05:30,2573,CANCELED
15388,2013-10-31T00:00:00.000+05:30,4571,CANCELED
15432,2013-10-31T00:00:00.000+05:30,9744,CANCELED
15484,2013-10-31T00:00:00.000+05:30,9772,CANCELED
15559,2013-11-01T00:00:00.000+05:30,6431,CANCELED
15588,2013-11-01T00:00:00.000+05:30,2405,CANCELED
15604,2013-11-01T00:00:00.000+05:30,1203,CANCELED
15621,2013-11-01T00:00:00.000+05:30,10003,CANCELED
15656,2013-11-01T00:00:00.000+05:30,10949,CANCELED
15716,2013-11-02T00:00:00.000+05:30,5804,CANCELED
15735,2013-11-02T00:00:00.000+05:30,7302,CANCELED
15761,2013-11-02T00:00:00.000+05:30,5968,CANCELED
15817,2013-11-03T00:00:00.000+05:30,633,CANCELED
15826,2013-11-03T00:00:00.000+05:30,4149,CANCELED
15895,2013-11-03T00:00:00.000+05:30,1617,CANCELED
15897,2013-11-03T00:00:00.000+05:30,3123,CANCELED
15957,2013-11-03T00:00:00.000+05:30,10309,CANCELED
15996,2013-11-03T00:00:00.000+05:30,1083,CANCELED
16076,2013-11-03T00:00:00.000+05:30,6833,CANCELED
16106,2013-11-04T00:00:00.000+05:30,8732,CANCELED
16133,2013-11-04T00:00:00.000+05:30,8670,CANCELED
16234,2013-11-04T00:00:00.000+05:30,7072,CANCELED
16277,2013-11-04T00:00:00.000+05:30,8205,CANCELED
16292,2013-11-04T00:00:00.000+05:30,217,CANCELED
16298,2013-11-04T00:00:00.000+05:30,6080,CANCELED
16328,2013-11-05T00:00:00.000+05:30,2567,CANCELED
16351,2013-11-05T00:00:00.000+05:30,1268,CANCELED
16359,2013-11-05T00:00:00.000+05:30,1442,CANCELED
16363,2013-11-05T00:00:00.000+05:30,6747,CANCELED
16478,2013-11-05T00:00:00.000+05:30,4780,CANCELED
16548,2013-11-05T00:00:00.000+05:30,6896,CANCELED
16561,2013-11-06T00:00:00.000+05:30,3782,CANCELED
16585,2013-11-06T00:00:00.000+05:30,1638,CANCELED
16590,2013-11-06T00:00:00.000+05:30,11431,CANCELED
16641,2013-11-06T00:00:00.000+05:30,666,CANCELED
16712,2013-11-06T00:00:00.000+05:30,8285,CANCELED
16749,2013-11-06T00:00:00.000+05:30,979,CANCELED
16807,2013-11-07T00:00:00.000+05:30,7157,CANCELED
16816,2013-11-07T00:00:00.000+05:30,8405,CANCELED
16908,2013-11-07T00:00:00.000+05:30,497,CANCELED
16923,2013-11-07T00:00:00.000+05:30,10474,CANCELED
17068,2013-11-08T00:00:00.000+05:30,7411,CANCELED
17079,2013-11-08T00:00:00.000+05:30,1863,CANCELED
17090,2013-11-08T00:00:00.000+05:30,3621,CANCELED
17094,2013-11-08T00:00:00.000+05:30,4319,CANCELED
17102,2013-11-08T00:00:00.000+05:30,946,CANCELED
17135,2013-11-09T00:00:00.000+05:30,10495,CANCELED
17147,2013-11-09T00:00:00.000+05:30,4861,CANCELED
17194,2013-11-09T00:00:00.000+05:30,2581,CANCELED
17241,2013-11-09T00:00:00.000+05:30,7491,CANCELED
17257,2013-11-09T00:00:00.000+05:30,4121,CANCELED
17310,2013-11-09T00:00:00.000+05:30,6612,CANCELED
17332,2013-11-09T00:00:00.000+05:30,5755,CANCELED
17363,2013-11-10T00:00:00.000+05:30,5707,CANCELED
17423,2013-11-10T00:00:00.000+05:30,9188,CANCELED
17595,2013-11-11T00:00:00.000+05:30,12006,CANCELED
17790,2013-11-12T00:00:00.000+05:30,2500,CANCELED
17833,2013-11-12T00:00:00.000+05:30,5140,CANCELED
17997,2013-11-13T00:00:00.000+05:30,3658,CANCELED
18097,2013-11-14T00:00:00.000+05:30,5391,CANCELED
18125,2013-11-14T00:00:00.000+05:30,11020,CANCELED
18219,2013-11-14T00:00:00.000+05:30,2228,CANCELED
18237,2013-11-14T00:00:00.000+05:30,2682,CANCELED
18384,2013-11-15T00:00:00.000+05:30,915,CANCELED
18402,2013-11-15T00:00:00.000+05:30,1038,CANCELED
18406,2013-11-15T00:00:00.000+05:30,4911,CANCELED
18420,2013-11-15T00:00:00.000+05:30,949,CANCELED
18528,2013-11-17T00:00:00.000+05:30,2107,CANCELED
18588,2013-11-17T00:00:00.000+05:30,7868,CANCELED
18639,2013-11-17T00:00:00.000+05:30,531,CANCELED
18833,2013-11-19T00:00:00.000+05:30,512,CANCELED
18856,2013-11-19T00:00:00.000+05:30,6284,CANCELED
18869,2013-11-19T00:00:00.000+05:30,11100,CANCELED
18998,2013-11-20T00:00:00.000+05:30,8462,CANCELED
19005,2013-11-20T00:00:00.000+05:30,7139,CANCELED
19011,2013-11-20T00:00:00.000+05:30,7617,CANCELED
19047,2013-11-20T00:00:00.000+05:30,11606,CANCELED
19049,2013-11-20T00:00:00.000+05:30,2701,CANCELED
19064,2013-11-20T00:00:00.000+05:30,11586,CANCELED
19102,2013-11-20T00:00:00.000+05:30,6254,CANCELED
19169,2013-11-21T00:00:00.000+05:30,7207,CANCELED
19186,2013-11-21T00:00:00.000+05:30,4570,CANCELED
19245,2013-11-22T00:00:00.000+05:30,1795,CANCELED
19291,2013-11-22T00:00:00.000+05:30,8374,CANCELED
19361,2013-11-22T00:00:00.000+05:30,4477,CANCELED
19445,2013-11-23T00:00:00.000+05:30,5870,CANCELED
19492,2013-11-23T00:00:00.000+05:30,2470,CANCELED
19594,2013-11-23T00:00:00.000+05:30,2025,CANCELED
19625,2013-11-23T00:00:00.000+05:30,5377,CANCELED
19642,2013-11-23T00:00:00.000+05:30,11065,CANCELED
19709,2013-11-24T00:00:00.000+05:30,18,CANCELED
19762,2013-11-24T00:00:00.000+05:30,80,CANCELED
19819,2013-11-24T00:00:00.000+05:30,805,CANCELED
19866,2013-11-24T00:00:00.000+05:30,3928,CANCELED
19913,2013-11-25T00:00:00.000+05:30,8377,CANCELED
19959,2013-11-25T00:00:00.000+05:30,3679,CANCELED
19976,2013-11-25T00:00:00.000+05:30,3157,CANCELED
19983,2013-11-25T00:00:00.000+05:30,6306,CANCELED
20028,2013-11-26T00:00:00.000+05:30,6509,CANCELED
20042,2013-11-26T00:00:00.000+05:30,2386,CANCELED
20081,2013-11-26T00:00:00.000+05:30,6368,CANCELED
20225,2013-11-28T00:00:00.000+05:30,8363,CANCELED
20286,2013-11-28T00:00:00.000+05:30,9616,CANCELED
20303,2013-11-28T00:00:00.000+05:30,10064,CANCELED
20358,2013-11-28T00:00:00.000+05:30,12176,CANCELED
20395,2013-11-28T00:00:00.000+05:30,117,CANCELED
20422,2013-11-28T00:00:00.000+05:30,11494,CANCELED
20429,2013-11-28T00:00:00.000+05:30,1266,CANCELED
20630,2013-11-29T00:00:00.000+05:30,10257,CANCELED
20640,2013-11-29T00:00:00.000+05:30,11735,CANCELED
20663,2013-11-29T00:00:00.000+05:30,8526,CANCELED
20770,2013-11-30T00:00:00.000+05:30,2547,CANCELED
20809,2013-11-30T00:00:00.000+05:30,4982,CANCELED
20810,2013-11-30T00:00:00.000+05:30,482,CANCELED
20854,2013-11-30T00:00:00.000+05:30,1192,CANCELED
20860,2013-11-30T00:00:00.000+05:30,2913,CANCELED
20946,2013-12-01T00:00:00.000+05:30,5839,CANCELED
20950,2013-12-01T00:00:00.000+05:30,9734,CANCELED
20958,2013-12-01T00:00:00.000+05:30,2462,CANCELED
20978,2013-12-01T00:00:00.000+05:30,8639,CANCELED
21030,2013-12-01T00:00:00.000+05:30,9914,CANCELED
21042,2013-12-01T00:00:00.000+05:30,4102,CANCELED
21073,2013-12-01T00:00:00.000+05:30,3163,CANCELED
21089,2013-12-01T00:00:00.000+05:30,2204,CANCELED
21123,2013-12-02T00:00:00.000+05:30,2569,CANCELED
21154,2013-12-02T00:00:00.000+05:30,12133,CANCELED
21254,2013-12-03T00:00:00.000+05:30,4147,CANCELED
21362,2013-12-03T00:00:00.000+05:30,813,CANCELED
21371,2013-12-03T00:00:00.000+05:30,11719,CANCELED
21390,2013-12-03T00:00:00.000+05:30,9993,CANCELED
21482,2013-12-04T00:00:00.000+05:30,2111,CANCELED
21519,2013-12-04T00:00:00.000+05:30,927,CANCELED
21524,2013-12-04T00:00:00.000+05:30,6092,CANCELED
21539,2013-12-05T00:00:00.000+05:30,10678,CANCELED
21547,2013-12-05T00:00:00.000+05:30,3961,CANCELED
21592,2013-12-05T00:00:00.000+05:30,228,CANCELED
21614,2013-12-05T00:00:00.000+05:30,5008,CANCELED
21677,2013-12-05T00:00:00.000+05:30,753,CANCELED
21726,2013-12-05T00:00:00.000+05:30,831,CANCELED
21796,2013-12-06T00:00:00.000+05:30,5453,CANCELED
21819,2013-12-06T00:00:00.000+05:30,7276,CANCELED
21852,2013-12-06T00:00:00.000+05:30,5276,CANCELED
21932,2013-12-06T00:00:00.000+05:30,3842,CANCELED
21976,2013-12-06T00:00:00.000+05:30,8220,CANCELED
21990,2013-12-06T00:00:00.000+05:30,4014,CANCELED
21998,2013-12-07T00:00:00.000+05:30,2878,CANCELED
22075,2013-12-07T00:00:00.000+05:30,962,CANCELED
22191,2013-12-07T00:00:00.000+05:30,2441,CANCELED
22288,2013-12-08T00:00:00.000+05:30,6016,CANCELED
22333,2013-12-09T00:00:00.000+05:30,5838,CANCELED
22339,2013-12-09T00:00:00.000+05:30,11373,CANCELED
22349,2013-12-09T00:00:00.000+05:30,8084,CANCELED
22395,2013-12-09T00:00:00.000+05:30,100,CANCELED
22442,2013-12-10T00:00:00.000+05:30,4263,CANCELED
22443,2013-12-10T00:00:00.000+05:30,11374,CANCELED
22508,2013-12-10T00:00:00.000+05:30,7071,CANCELED
22528,2013-12-10T00:00:00.000+05:30,4353,CANCELED
22649,2013-12-11T00:00:00.000+05:30,7657,CANCELED
22834,2013-12-12T00:00:00.000+05:30,6898,CANCELED
22875,2013-12-12T00:00:00.000+05:30,2235,CANCELED
22899,2013-12-12T00:00:00.000+05:30,1882,CANCELED
22949,2013-12-13T00:00:00.000+05:30,10923,CANCELED
22965,2013-12-13T00:00:00.000+05:30,10885,CANCELED
22975,2013-12-13T00:00:00.000+05:30,1161,CANCELED
23091,2013-12-15T00:00:00.000+05:30,8800,CANCELED
23238,2013-12-15T00:00:00.000+05:30,3189,CANCELED
23250,2013-12-16T00:00:00.000+05:30,7828,CANCELED
23340,2013-12-16T00:00:00.000+05:30,9105,CANCELED
23351,2013-12-17T00:00:00.000+05:30,10738,CANCELED
23408,2013-12-17T00:00:00.000+05:30,5840,CANCELED
23415,2013-12-17T00:00:00.000+05:30,7616,CANCELED
23425,2013-12-17T00:00:00.000+05:30,9967,CANCELED
23430,2013-12-17T00:00:00.000+05:30,400,CANCELED
23437,2013-12-17T00:00:00.000+05:30,3189,CANCELED
23475,2013-12-18T00:00:00.000+05:30,8806,CANCELED
23476,2013-12-18T00:00:00.000+05:30,6756,CANCELED
23518,2013-12-18T00:00:00.000+05:30,6242,CANCELED
23544,2013-12-18T00:00:00.000+05:30,11001,CANCELED
23549,2013-12-18T00:00:00.000+05:30,7158,CANCELED
23731,2013-12-19T00:00:00.000+05:30,5122,CANCELED
23743,2013-12-20T00:00:00.000+05:30,9680,CANCELED
23744,2013-12-20T00:00:00.000+05:30,2940,CANCELED
23794,2013-12-20T00:00:00.000+05:30,7982,CANCELED
23836,2013-12-20T00:00:00.000+05:30,8858,CANCELED
23883,2013-12-20T00:00:00.000+05:30,6333,CANCELED
23891,2013-12-20T00:00:00.000+05:30,1823,CANCELED
23936,2013-12-20T00:00:00.000+05:30,2148,CANCELED
23991,2013-12-21T00:00:00.000+05:30,10082,CANCELED
24008,2013-12-21T00:00:00.000+05:30,8526,CANCELED
24073,2013-12-21T00:00:00.000+05:30,5770,CANCELED
24077,2013-12-21T00:00:00.000+05:30,4265,CANCELED
24142,2013-12-22T00:00:00.000+05:30,9063,CANCELED
24418,2013-12-23T00:00:00.000+05:30,5958,CANCELED
24453,2013-12-23T00:00:00.000+05:30,4841,CANCELED
24461,2013-12-23T00:00:00.000+05:30,8060,CANCELED
24490,2013-12-24T00:00:00.000+05:30,1426,CANCELED
24506,2013-12-24T00:00:00.000+05:30,739,CANCELED
24568,2013-12-24T00:00:00.000+05:30,10225,CANCELED
24570,2013-12-24T00:00:00.000+05:30,10993,CANCELED
24608,2013-12-24T00:00:00.000+05:30,12213,CANCELED
24627,2013-12-24T00:00:00.000+05:30,2681,CANCELED
24630,2013-12-24T00:00:00.000+05:30,8005,CANCELED
24692,2013-12-25T00:00:00.000+05:30,6717,CANCELED
24780,2013-12-25T00:00:00.000+05:30,11526,CANCELED
24846,2013-12-26T00:00:00.000+05:30,92,CANCELED
24868,2013-12-26T00:00:00.000+05:30,1711,CANCELED
24883,2013-12-26T00:00:00.000+05:30,10202,CANCELED
24942,2013-12-26T00:00:00.000+05:30,10418,CANCELED
25025,2013-12-26T00:00:00.000+05:30,7564,CANCELED
25035,2013-12-26T00:00:00.000+05:30,7279,CANCELED
25041,2013-12-26T00:00:00.000+05:30,8476,CANCELED
25109,2013-12-27T00:00:00.000+05:30,4015,CANCELED
25167,2013-12-27T00:00:00.000+05:30,9715,CANCELED
25234,2013-12-28T00:00:00.000+05:30,10922,CANCELED
25278,2013-12-28T00:00:00.000+05:30,2964,CANCELED
25443,2013-12-29T00:00:00.000+05:30,11723,CANCELED
25473,2013-12-30T00:00:00.000+05:30,12290,CANCELED
25498,2013-12-30T00:00:00.000+05:30,7589,CANCELED
25509,2013-12-30T00:00:00.000+05:30,3249,CANCELED
25599,2013-12-30T00:00:00.000+05:30,4872,CANCELED
25643,2013-12-31T00:00:00.000+05:30,10295,CANCELED
25668,2013-12-31T00:00:00.000+05:30,6877,CANCELED
25687,2013-12-31T00:00:00.000+05:30,11675,CANCELED
25688,2013-12-31T00:00:00.000+05:30,5920,CANCELED
25698,2013-12-31T00:00:00.000+05:30,3286,CANCELED
25718,2013-12-31T00:00:00.000+05:30,3931,CANCELED
25723,2013-12-31T00:00:00.000+05:30,2663,CANCELED
25749,2013-12-31T00:00:00.000+05:30,11146,CANCELED
25751,2013-12-31T00:00:00.000+05:30,3057,CANCELED
25762,2013-12-31T00:00:00.000+05:30,6178,CANCELED
25814,2013-12-31T00:00:00.000+05:30,10534,CANCELED
25846,2013-12-31T00:00:00.000+05:30,7021,CANCELED
25880,2014-01-01T00:00:00.000+05:30,10146,CANCELED
25912,2014-01-01T00:00:00.000+05:30,3537,CANCELED
26055,2014-01-02T00:00:00.000+05:30,8430,CANCELED
26060,2014-01-02T00:00:00.000+05:30,2231,CANCELED
26105,2014-01-03T00:00:00.000+05:30,7790,CANCELED
26112,2014-01-03T00:00:00.000+05:30,333,CANCELED
26200,2014-01-03T00:00:00.000+05:30,6283,CANCELED
26206,2014-01-03T00:00:00.000+05:30,9179,CANCELED
26253,2014-01-03T00:00:00.000+05:30,8895,CANCELED
26483,2014-01-05T00:00:00.000+05:30,9379,CANCELED
26547,2014-01-05T00:00:00.000+05:30,10805,CANCELED
26554,2014-01-05T00:00:00.000+05:30,10142,CANCELED
26581,2014-01-05T00:00:00.000+05:30,3852,CANCELED
26653,2014-01-06T00:00:00.000+05:30,10104,CANCELED
26667,2014-01-06T00:00:00.000+05:30,921,CANCELED
26741,2014-01-06T00:00:00.000+05:30,734,CANCELED
26891,2014-01-07T00:00:00.000+05:30,6279,CANCELED
26911,2014-01-08T00:00:00.000+05:30,4306,CANCELED
26915,2014-01-08T00:00:00.000+05:30,4416,CANCELED
26989,2014-01-09T00:00:00.000+05:30,10233,CANCELED
27040,2014-01-09T00:00:00.000+05:30,11400,CANCELED
27051,2014-01-09T00:00:00.000+05:30,700,CANCELED
27318,2014-01-10T00:00:00.000+05:30,3961,CANCELED
27430,2014-01-11T00:00:00.000+05:30,8764,CANCELED
27517,2014-01-11T00:00:00.000+05:30,620,CANCELED
27641,2014-01-12T00:00:00.000+05:30,1499,CANCELED
27677,2014-01-12T00:00:00.000+05:30,8182,CANCELED
27706,2014-01-12T00:00:00.000+05:30,1385,CANCELED
27742,2014-01-12T00:00:00.000+05:30,9495,CANCELED
27762,2014-01-12T00:00:00.000+05:30,7944,CANCELED
27867,2014-01-13T00:00:00.000+05:30,7321,CANCELED
27944,2014-01-14T00:00:00.000+05:30,9141,CANCELED
27951,2014-01-14T00:00:00.000+05:30,7349,CANCELED
27978,2014-01-14T00:00:00.000+05:30,187,CANCELED
27999,2014-01-14T00:00:00.000+05:30,4428,CANCELED
28091,2014-01-14T00:00:00.000+05:30,1864,CANCELED
28100,2014-01-14T00:00:00.000+05:30,4711,CANCELED
28149,2014-01-15T00:00:00.000+05:30,2257,CANCELED
28182,2014-01-15T00:00:00.000+05:30,9579,CANCELED
28236,2014-01-15T00:00:00.000+05:30,8252,CANCELED
28344,2014-01-16T00:00:00.000+05:30,972,CANCELED
28356,2014-01-16T00:00:00.000+05:30,7439,CANCELED
28386,2014-01-16T00:00:00.000+05:30,10553,CANCELED
28431,2014-01-16T00:00:00.000+05:30,7157,CANCELED
28487,2014-01-16T00:00:00.000+05:30,3929,CANCELED
28492,2014-01-16T00:00:00.000+05:30,1886,CANCELED
28520,2014-01-17T00:00:00.000+05:30,1445,CANCELED
28570,2014-01-17T00:00:00.000+05:30,3754,CANCELED
28587,2014-01-17T00:00:00.000+05:30,10396,CANCELED
28596,2014-01-17T00:00:00.000+05:30,6866,CANCELED
28598,2014-01-17T00:00:00.000+05:30,5518,CANCELED
28625,2014-01-17T00:00:00.000+05:30,2992,CANCELED
28748,2014-01-19T00:00:00.000+05:30,5994,CANCELED
28752,2014-01-19T00:00:00.000+05:30,8622,CANCELED
28836,2014-01-19T00:00:00.000+05:30,9579,CANCELED
28844,2014-01-19T00:00:00.000+05:30,11897,CANCELED
28925,2014-01-20T00:00:00.000+05:30,5772,CANCELED
28929,2014-01-20T00:00:00.000+05:30,6970,CANCELED
28951,2014-01-20T00:00:00.000+05:30,9020,CANCELED
28968,2014-01-20T00:00:00.000+05:30,570,CANCELED
29112,2014-01-21T00:00:00.000+05:30,649,CANCELED
29141,2014-01-21T00:00:00.000+05:30,849,CANCELED
29148,2014-01-21T00:00:00.000+05:30,11875,CANCELED
29196,2014-01-21T00:00:00.000+05:30,2549,CANCELED
29216,2014-01-21T00:00:00.000+05:30,2220,CANCELED
29227,2014-01-21T00:00:00.000+05:30,9367,CANCELED
29294,2014-01-21T00:00:00.000+05:30,10549,CANCELED
29317,2014-01-22T00:00:00.000+05:30,620,CANCELED
29360,2014-01-22T00:00:00.000+05:30,3297,CANCELED
29370,2014-01-22T00:00:00.000+05:30,6583,CANCELED
29452,2014-01-22T00:00:00.000+05:30,5368,CANCELED
29497,2014-01-23T00:00:00.000+05:30,5655,CANCELED
29578,2014-01-23T00:00:00.000+05:30,193,CANCELED
29765,2014-01-25T00:00:00.000+05:30,6137,CANCELED
29774,2014-01-25T00:00:00.000+05:30,1198,CANCELED
29817,2014-01-25T00:00:00.000+05:30,7129,CANCELED
29846,2014-01-26T00:00:00.000+05:30,9088,CANCELED
30110,2014-01-28T00:00:00.000+05:30,9088,CANCELED
30146,2014-01-28T00:00:00.000+05:30,10980,CANCELED
30147,2014-01-28T00:00:00.000+05:30,3238,CANCELED
30177,2014-01-28T00:00:00.000+05:30,11077,CANCELED
30182,2014-01-28T00:00:00.000+05:30,4973,CANCELED
30202,2014-01-28T00:00:00.000+05:30,4812,CANCELED
30274,2014-01-29T00:00:00.000+05:30,9273,CANCELED
30327,2014-01-29T00:00:00.000+05:30,11860,CANCELED
30382,2014-01-30T00:00:00.000+05:30,4613,CANCELED
30441,2014-01-30T00:00:00.000+05:30,9689,CANCELED
30538,2014-01-30T00:00:00.000+05:30,6497,CANCELED
30700,2014-01-31T00:00:00.000+05:30,12350,CANCELED
30715,2014-01-31T00:00:00.000+05:30,6026,CANCELED
30737,2014-01-31T00:00:00.000+05:30,6249,CANCELED
30899,2014-02-01T00:00:00.000+05:30,5482,CANCELED
30961,2014-02-01T00:00:00.000+05:30,4423,CANCELED
31096,2014-02-02T00:00:00.000+05:30,1404,CANCELED
31145,2014-02-02T00:00:00.000+05:30,9803,CANCELED
31193,2014-02-03T00:00:00.000+05:30,6461,CANCELED
31207,2014-02-03T00:00:00.000+05:30,7722,CANCELED
31241,2014-02-03T00:00:00.000+05:30,11388,CANCELED
31253,2014-02-03T00:00:00.000+05:30,9628,CANCELED
31378,2014-02-04T00:00:00.000+05:30,7063,CANCELED
31475,2014-02-04T00:00:00.000+05:30,4301,CANCELED
31494,2014-02-05T00:00:00.000+05:30,11747,CANCELED
31522,2014-02-05T00:00:00.000+05:30,105,CANCELED
31526,2014-02-05T00:00:00.000+05:30,6259,CANCELED
31593,2014-02-05T00:00:00.000+05:30,2563,CANCELED
31604,2014-02-06T00:00:00.000+05:30,6890,CANCELED
31728,2014-02-06T00:00:00.000+05:30,6448,CANCELED
31749,2014-02-06T00:00:00.000+05:30,356,CANCELED
31767,2014-02-06T00:00:00.000+05:30,8284,CANCELED
31842,2014-02-07T00:00:00.000+05:30,7002,CANCELED
31888,2014-02-07T00:00:00.000+05:30,5216,CANCELED
31926,2014-02-07T00:00:00.000+05:30,2387,CANCELED
32011,2014-02-08T00:00:00.000+05:30,442,CANCELED
32047,2014-02-08T00:00:00.000+05:30,2959,CANCELED
32049,2014-02-08T00:00:00.000+05:30,233,CANCELED
32065,2014-02-08T00:00:00.000+05:30,5950,CANCELED
32070,2014-02-08T00:00:00.000+05:30,5613,CANCELED
32077,2014-02-08T00:00:00.000+05:30,4862,CANCELED
32140,2014-02-09T00:00:00.000+05:30,2374,CANCELED
32153,2014-02-09T00:00:00.000+05:30,3193,CANCELED
32162,2014-02-09T00:00:00.000+05:30,10892,CANCELED
32324,2014-02-10T00:00:00.000+05:30,4542,CANCELED
32340,2014-02-10T00:00:00.000+05:30,4283,CANCELED
32461,2014-02-10T00:00:00.000+05:30,1950,CANCELED
32473,2014-02-10T00:00:00.000+05:30,6420,CANCELED
32494,2014-02-10T00:00:00.000+05:30,3122,CANCELED
32527,2014-02-11T00:00:00.000+05:30,3016,CANCELED
32604,2014-02-11T00:00:00.000+05:30,2859,CANCELED
32730,2014-02-12T00:00:00.000+05:30,8912,CANCELED
32876,2014-02-13T00:00:00.000+05:30,5747,CANCELED
32902,2014-02-13T00:00:00.000+05:30,9386,CANCELED
32979,2014-02-13T00:00:00.000+05:30,2930,CANCELED
33117,2014-02-14T00:00:00.000+05:30,11919,CANCELED
33129,2014-02-14T00:00:00.000+05:30,2366,CANCELED
33176,2014-02-15T00:00:00.000+05:30,11786,CANCELED
33184,2014-02-15T00:00:00.000+05:30,1583,CANCELED
33271,2014-02-15T00:00:00.000+05:30,8494,CANCELED
33445,2014-02-16T00:00:00.000+05:30,10722,CANCELED
33448,2014-02-16T00:00:00.000+05:30,12306,CANCELED
33487,2014-02-16T00:00:00.000+05:30,11677,CANCELED
33502,2014-02-16T00:00:00.000+05:30,3586,CANCELED
33527,2014-02-16T00:00:00.000+05:30,4492,CANCELED
33603,2014-02-17T00:00:00.000+05:30,552,CANCELED
33625,2014-02-17T00:00:00.000+05:30,10135,CANCELED
33696,2014-02-17T00:00:00.000+05:30,9380,CANCELED
33755,2014-02-18T00:00:00.000+05:30,8461,CANCELED
33781,2014-02-18T00:00:00.000+05:30,5090,CANCELED
33800,2014-02-18T00:00:00.000+05:30,3523,CANCELED
33813,2014-02-18T00:00:00.000+05:30,5515,CANCELED
33829,2014-02-18T00:00:00.000+05:30,9138,CANCELED
33999,2014-02-19T00:00:00.000+05:30,2440,CANCELED
34017,2014-02-19T00:00:00.000+05:30,5274,CANCELED
34036,2014-02-19T00:00:00.000+05:30,6163,CANCELED
34084,2014-02-19T00:00:00.000+05:30,2862,CANCELED
34125,2014-02-19T00:00:00.000+05:30,10025,CANCELED
34192,2014-02-20T00:00:00.000+05:30,7842,CANCELED
34262,2014-02-20T00:00:00.000+05:30,12169,CANCELED
34284,2014-02-21T00:00:00.000+05:30,8024,CANCELED
34331,2014-02-21T00:00:00.000+05:30,5512,CANCELED
34332,2014-02-21T00:00:00.000+05:30,8358,CANCELED
34448,2014-02-22T00:00:00.000+05:30,7155,CANCELED
34454,2014-02-22T00:00:00.000+05:30,2020,CANCELED
34546,2014-02-23T00:00:00.000+05:30,53,CANCELED
34577,2014-02-23T00:00:00.000+05:30,7733,CANCELED
34623,2014-02-23T00:00:00.000+05:30,11653,CANCELED
34625,2014-02-23T00:00:00.000+05:30,11116,CANCELED
34650,2014-02-23T00:00:00.000+05:30,3001,CANCELED
34659,2014-02-23T00:00:00.000+05:30,4507,CANCELED
34677,2014-02-24T00:00:00.000+05:30,12360,CANCELED
34703,2014-02-24T00:00:00.000+05:30,2486,CANCELED
34799,2014-02-24T00:00:00.000+05:30,4439,CANCELED
34803,2014-02-24T00:00:00.000+05:30,9048,CANCELED
34824,2014-02-24T00:00:00.000+05:30,5237,CANCELED
34855,2014-02-25T00:00:00.000+05:30,6736,CANCELED
34915,2014-02-25T00:00:00.000+05:30,6588,CANCELED
34952,2014-02-25T00:00:00.000+05:30,7908,CANCELED
34962,2014-02-25T00:00:00.000+05:30,9521,CANCELED
34977,2014-02-25T00:00:00.000+05:30,1243,CANCELED
35014,2014-02-25T00:00:00.000+05:30,8480,CANCELED
35015,2014-02-25T00:00:00.000+05:30,5510,CANCELED
35060,2014-02-25T00:00:00.000+05:30,2492,CANCELED
35076,2014-02-26T00:00:00.000+05:30,2752,CANCELED
35167,2014-02-27T00:00:00.000+05:30,8516,CANCELED
35235,2014-02-27T00:00:00.000+05:30,11109,CANCELED
35245,2014-02-27T00:00:00.000+05:30,1088,CANCELED
35282,2014-02-27T00:00:00.000+05:30,8051,CANCELED
35351,2014-02-28T00:00:00.000+05:30,5417,CANCELED
35374,2014-02-28T00:00:00.000+05:30,4502,CANCELED
35377,2014-02-28T00:00:00.000+05:30,733,CANCELED
35402,2014-02-28T00:00:00.000+05:30,483,CANCELED
35434,2014-02-28T00:00:00.000+05:30,1674,CANCELED
35451,2014-02-28T00:00:00.000+05:30,3481,CANCELED
35462,2014-02-28T00:00:00.000+05:30,1805,CANCELED
35521,2014-02-28T00:00:00.000+05:30,9277,CANCELED
35651,2014-03-01T00:00:00.000+05:30,9294,CANCELED
35706,2014-03-01T00:00:00.000+05:30,8135,CANCELED
35711,2014-03-01T00:00:00.000+05:30,1702,CANCELED
35780,2014-03-01T00:00:00.000+05:30,9339,CANCELED
35896,2014-03-03T00:00:00.000+05:30,8724,CANCELED
35898,2014-03-03T00:00:00.000+05:30,10679,CANCELED
35981,2014-03-03T00:00:00.000+05:30,6280,CANCELED
35999,2014-03-03T00:00:00.000+05:30,12280,CANCELED
36028,2014-03-03T00:00:00.000+05:30,6303,CANCELED
36197,2014-03-04T00:00:00.000+05:30,4975,CANCELED
36253,2014-03-04T00:00:00.000+05:30,8662,CANCELED
36265,2014-03-04T00:00:00.000+05:30,551,CANCELED
36333,2014-03-05T00:00:00.000+05:30,7725,CANCELED
36359,2014-03-05T00:00:00.000+05:30,12400,CANCELED
36362,2014-03-05T00:00:00.000+05:30,101,CANCELED
36377,2014-03-05T00:00:00.000+05:30,4128,CANCELED
36446,2014-03-05T00:00:00.000+05:30,5509,CANCELED
36447,2014-03-05T00:00:00.000+05:30,8167,CANCELED
36483,2014-03-06T00:00:00.000+05:30,5752,CANCELED
36498,2014-03-06T00:00:00.000+05:30,2485,CANCELED
36500,2014-03-06T00:00:00.000+05:30,10815,CANCELED
36514,2014-03-06T00:00:00.000+05:30,9249,CANCELED
36524,2014-03-06T00:00:00.000+05:30,8808,CANCELED
36543,2014-03-06T00:00:00.000+05:30,6695,CANCELED
36547,2014-03-06T00:00:00.000+05:30,6736,CANCELED
36571,2014-03-06T00:00:00.000+05:30,1055,CANCELED
36697,2014-03-07T00:00:00.000+05:30,11688,CANCELED
36717,2014-03-07T00:00:00.000+05:30,6248,CANCELED
36729,2014-03-07T00:00:00.000+05:30,6611,CANCELED
36762,2014-03-07T00:00:00.000+05:30,11444,CANCELED
36869,2014-03-08T00:00:00.000+05:30,2925,CANCELED
36890,2014-03-08T00:00:00.000+05:30,4893,CANCELED
36903,2014-03-10T00:00:00.000+05:30,10074,CANCELED
37067,2014-03-10T00:00:00.000+05:30,10168,CANCELED
37106,2014-03-10T00:00:00.000+05:30,7494,CANCELED
37120,2014-03-11T00:00:00.000+05:30,8997,CANCELED
37122,2014-03-11T00:00:00.000+05:30,10972,CANCELED
37177,2014-03-11T00:00:00.000+05:30,392,CANCELED
37360,2014-03-12T00:00:00.000+05:30,1145,CANCELED
37376,2014-03-12T00:00:00.000+05:30,743,CANCELED
37397,2014-03-12T00:00:00.000+05:30,9802,CANCELED
37457,2014-03-12T00:00:00.000+05:30,7109,CANCELED
37521,2014-03-13T00:00:00.000+05:30,213,CANCELED
37529,2014-03-13T00:00:00.000+05:30,4295,CANCELED
37567,2014-03-13T00:00:00.000+05:30,5417,CANCELED
37711,2014-03-14T00:00:00.000+05:30,4193,CANCELED
37718,2014-03-14T00:00:00.000+05:30,1627,CANCELED
37722,2014-03-14T00:00:00.000+05:30,3069,CANCELED
37787,2014-03-14T00:00:00.000+05:30,389,CANCELED
37800,2014-03-14T00:00:00.000+05:30,1025,CANCELED
37831,2014-03-15T00:00:00.000+05:30,8799,CANCELED
37860,2014-03-15T00:00:00.000+05:30,11805,CANCELED
37939,2014-03-15T00:00:00.000+05:30,6643,CANCELED
37958,2014-03-15T00:00:00.000+05:30,7783,CANCELED
38002,2014-03-15T00:00:00.000+05:30,402,CANCELED
38079,2014-03-16T00:00:00.000+05:30,6266,CANCELED
38358,2014-03-18T00:00:00.000+05:30,4038,CANCELED
38366,2014-03-18T00:00:00.000+05:30,2965,CANCELED
38456,2014-03-18T00:00:00.000+05:30,7637,CANCELED
38458,2014-03-19T00:00:00.000+05:30,6291,CANCELED
38628,2014-03-20T00:00:00.000+05:30,8695,CANCELED
38653,2014-03-20T00:00:00.000+05:30,10947,CANCELED
38668,2014-03-20T00:00:00.000+05:30,10235,CANCELED
38675,2014-03-20T00:00:00.000+05:30,12318,CANCELED
38687,2014-03-20T00:00:00.000+05:30,6783,CANCELED
38689,2014-03-20T00:00:00.000+05:30,5485,CANCELED
38743,2014-03-21T00:00:00.000+05:30,11768,CANCELED
38748,2014-03-21T00:00:00.000+05:30,10473,CANCELED
38823,2014-03-21T00:00:00.000+05:30,8507,CANCELED
38843,2014-03-21T00:00:00.000+05:30,6273,CANCELED
38914,2014-03-22T00:00:00.000+05:30,1464,CANCELED
38915,2014-03-22T00:00:00.000+05:30,11366,CANCELED
38950,2014-03-22T00:00:00.000+05:30,3424,CANCELED
38954,2014-03-22T00:00:00.000+05:30,8280,CANCELED
38965,2014-03-22T00:00:00.000+05:30,12099,CANCELED
38995,2014-03-22T00:00:00.000+05:30,4408,CANCELED
39006,2014-03-22T00:00:00.000+05:30,8572,CANCELED
39144,2014-03-23T00:00:00.000+05:30,3568,CANCELED
39148,2014-03-23T00:00:00.000+05:30,3044,CANCELED
39151,2014-03-23T00:00:00.000+05:30,10058,CANCELED
39153,2014-03-23T00:00:00.000+05:30,5134,CANCELED
39157,2014-03-23T00:00:00.000+05:30,4124,CANCELED
39202,2014-03-23T00:00:00.000+05:30,9747,CANCELED
39537,2014-03-26T00:00:00.000+05:30,1693,CANCELED
39538,2014-03-26T00:00:00.000+05:30,11270,CANCELED
39572,2014-03-26T00:00:00.000+05:30,4930,CANCELED
39582,2014-03-26T00:00:00.000+05:30,3142,CANCELED
39585,2014-03-26T00:00:00.000+05:30,8217,CANCELED
39647,2014-03-27T00:00:00.000+05:30,6363,CANCELED
39649,2014-03-27T00:00:00.000+05:30,8432,CANCELED
39749,2014-03-27T00:00:00.000+05:30,505,CANCELED
39838,2014-03-28T00:00:00.000+05:30,487,CANCELED
39851,2014-03-28T00:00:00.000+05:30,6450,CANCELED
39861,2014-03-28T00:00:00.000+05:30,2911,CANCELED
39931,2014-03-29T00:00:00.000+05:30,11612,CANCELED
40049,2014-03-30T00:00:00.000+05:30,7622,CANCELED
40138,2014-03-30T00:00:00.000+05:30,7635,CANCELED
40165,2014-03-30T00:00:00.000+05:30,1711,CANCELED
40288,2014-03-31T00:00:00.000+05:30,11543,CANCELED
40382,2014-03-31T00:00:00.000+05:30,1276,CANCELED
40389,2014-03-31T00:00:00.000+05:30,5695,CANCELED
40420,2014-03-31T00:00:00.000+05:30,7453,CANCELED
40534,2014-04-01T00:00:00.000+05:30,10130,CANCELED
40557,2014-04-01T00:00:00.000+05:30,1060,CANCELED
40584,2014-04-01T00:00:00.000+05:30,5116,CANCELED
40608,2014-04-01T00:00:00.000+05:30,7191,CANCELED
40695,2014-04-02T00:00:00.000+05:30,10905,CANCELED
40776,2014-04-02T00:00:00.000+05:30,7200,CANCELED
40787,2014-04-02T00:00:00.000+05:30,353,CANCELED
40806,2014-04-02T00:00:00.000+05:30,9149,CANCELED
40851,2014-04-02T00:00:00.000+05:30,1527,CANCELED
40904,2014-04-03T00:00:00.000+05:30,6945,CANCELED
40910,2014-04-03T00:00:00.000+05:30,7332,CANCELED
41015,2014-04-03T00:00:00.000+05:30,12384,CANCELED
41051,2014-04-03T00:00:00.000+05:30,3696,CANCELED
41083,2014-04-03T00:00:00.000+05:30,12186,CANCELED
41141,2014-04-04T00:00:00.000+05:30,7766,CANCELED
41142,2014-04-04T00:00:00.000+05:30,5023,CANCELED
41191,2014-04-04T00:00:00.000+05:30,6878,CANCELED
41287,2014-04-04T00:00:00.000+05:30,9581,CANCELED
41345,2014-04-05T00:00:00.000+05:30,8741,CANCELED
41371,2014-04-05T00:00:00.000+05:30,4361,CANCELED
41381,2014-04-05T00:00:00.000+05:30,11647,CANCELED
41466,2014-04-06T00:00:00.000+05:30,2400,CANCELED
41497,2014-04-06T00:00:00.000+05:30,5143,CANCELED
41517,2014-04-07T00:00:00.000+05:30,7133,CANCELED
41634,2014-04-08T00:00:00.000+05:30,3082,CANCELED
41793,2014-04-09T00:00:00.000+05:30,8731,CANCELED
41839,2014-04-09T00:00:00.000+05:30,4595,CANCELED
41886,2014-04-09T00:00:00.000+05:30,12069,CANCELED
41901,2014-04-09T00:00:00.000+05:30,474,CANCELED
41944,2014-04-09T00:00:00.000+05:30,2865,CANCELED
42018,2014-04-10T00:00:00.000+05:30,6002,CANCELED
42074,2014-04-10T00:00:00.000+05:30,9492,CANCELED
42085,2014-04-10T00:00:00.000+05:30,3940,CANCELED
42115,2014-04-10T00:00:00.000+05:30,10725,CANCELED
42147,2014-04-10T00:00:00.000+05:30,918,CANCELED
42177,2014-04-10T00:00:00.000+05:30,6006,CANCELED
42276,2014-04-11T00:00:00.000+05:30,3726,CANCELED
42312,2014-04-11T00:00:00.000+05:30,1674,CANCELED
42319,2014-04-11T00:00:00.000+05:30,5105,CANCELED
42331,2014-04-12T00:00:00.000+05:30,6246,CANCELED
42338,2014-04-12T00:00:00.000+05:30,4023,CANCELED
42375,2014-04-12T00:00:00.000+05:30,2914,CANCELED
42389,2014-04-12T00:00:00.000+05:30,6557,CANCELED
42422,2014-04-12T00:00:00.000+05:30,11005,CANCELED
42424,2014-04-12T00:00:00.000+05:30,1949,CANCELED
42581,2014-04-13T00:00:00.000+05:30,6044,CANCELED
42762,2014-04-15T00:00:00.000+05:30,712,CANCELED
42835,2014-04-16T00:00:00.000+05:30,9988,CANCELED
42857,2014-04-16T00:00:00.000+05:30,6528,CANCELED
43121,2014-04-18T00:00:00.000+05:30,4333,CANCELED
43139,2014-04-18T00:00:00.000+05:30,12007,CANCELED
43193,2014-04-18T00:00:00.000+05:30,11120,CANCELED
43395,2014-04-20T00:00:00.000+05:30,5692,CANCELED
43432,2014-04-20T00:00:00.000+05:30,12170,CANCELED
43450,2014-04-20T00:00:00.000+05:30,11671,CANCELED
43466,2014-04-20T00:00:00.000+05:30,1496,CANCELED
43512,2014-04-21T00:00:00.000+05:30,7049,CANCELED
43582,2014-04-21T00:00:00.000+05:30,8664,CANCELED
43599,2014-04-21T00:00:00.000+05:30,5474,CANCELED
43621,2014-04-21T00:00:00.000+05:30,6299,CANCELED
43655,2014-04-21T00:00:00.000+05:30,9945,CANCELED
43701,2014-04-21T00:00:00.000+05:30,12039,CANCELED
43798,2014-04-22T00:00:00.000+05:30,6226,CANCELED
43933,2014-04-23T00:00:00.000+05:30,8029,CANCELED
43945,2014-04-23T00:00:00.000+05:30,12288,CANCELED
43951,2014-04-23T00:00:00.000+05:30,943,CANCELED
44069,2014-04-24T00:00:00.000+05:30,8400,CANCELED
44135,2014-04-25T00:00:00.000+05:30,11283,CANCELED
44145,2014-04-25T00:00:00.000+05:30,3493,CANCELED
44150,2014-04-25T00:00:00.000+05:30,7732,CANCELED
44170,2014-04-25T00:00:00.000+05:30,1445,CANCELED
44194,2014-04-25T00:00:00.000+05:30,8553,CANCELED
44386,2014-04-26T00:00:00.000+05:30,1970,CANCELED
44396,2014-04-26T00:00:00.000+05:30,5141,CANCELED
44417,2014-04-26T00:00:00.000+05:30,9643,CANCELED
44625,2014-04-27T00:00:00.000+05:30,11611,CANCELED
44647,2014-04-27T00:00:00.000+05:30,10753,CANCELED
44735,2014-04-27T00:00:00.000+05:30,6442,CANCELED
44781,2014-04-28T00:00:00.000+05:30,2532,CANCELED
44830,2014-04-28T00:00:00.000+05:30,9626,CANCELED
44903,2014-04-29T00:00:00.000+05:30,2617,CANCELED
44950,2014-04-29T00:00:00.000+05:30,5153,CANCELED
44954,2014-04-29T00:00:00.000+05:30,6101,CANCELED
44971,2014-04-29T00:00:00.000+05:30,8613,CANCELED
44998,2014-04-29T00:00:00.000+05:30,10250,CANCELED
45044,2014-04-29T00:00:00.000+05:30,11922,CANCELED
45055,2014-04-29T00:00:00.000+05:30,9608,CANCELED
45087,2014-04-30T00:00:00.000+05:30,11294,CANCELED
45102,2014-04-30T00:00:00.000+05:30,2329,CANCELED
45114,2014-04-30T00:00:00.000+05:30,7384,CANCELED
45117,2014-04-30T00:00:00.000+05:30,8191,CANCELED
45131,2014-04-30T00:00:00.000+05:30,8151,CANCELED
45192,2014-05-01T00:00:00.000+05:30,3383,CANCELED
45255,2014-05-01T00:00:00.000+05:30,328,CANCELED
45259,2014-05-01T00:00:00.000+05:30,10550,CANCELED
45282,2014-05-02T00:00:00.000+05:30,6897,CANCELED
45303,2014-05-02T00:00:00.000+05:30,5148,CANCELED
45308,2014-05-02T00:00:00.000+05:30,4065,CANCELED
45334,2014-05-02T00:00:00.000+05:30,6641,CANCELED
45339,2014-05-02T00:00:00.000+05:30,6508,CANCELED
45395,2014-05-02T00:00:00.000+05:30,12111,CANCELED
45561,2014-05-03T00:00:00.000+05:30,7757,CANCELED
45590,2014-05-03T00:00:00.000+05:30,9896,CANCELED
45643,2014-05-04T00:00:00.000+05:30,6699,CANCELED
45782,2014-05-05T00:00:00.000+05:30,6816,CANCELED
45795,2014-05-05T00:00:00.000+05:30,6578,CANCELED
45824,2014-05-05T00:00:00.000+05:30,827,CANCELED
45842,2014-05-05T00:00:00.000+05:30,11924,CANCELED
45862,2014-05-05T00:00:00.000+05:30,9275,CANCELED
46023,2014-05-06T00:00:00.000+05:30,11378,CANCELED
46037,2014-05-06T00:00:00.000+05:30,4188,CANCELED
46079,2014-05-06T00:00:00.000+05:30,4205,CANCELED
46198,2014-05-07T00:00:00.000+05:30,4029,CANCELED
46211,2014-05-07T00:00:00.000+05:30,1749,CANCELED
46223,2014-05-07T00:00:00.000+05:30,2310,CANCELED
46359,2014-05-08T00:00:00.000+05:30,2591,CANCELED
46385,2014-05-09T00:00:00.000+05:30,7627,CANCELED
46417,2014-05-09T00:00:00.000+05:30,11509,CANCELED
46420,2014-05-09T00:00:00.000+05:30,4833,CANCELED
46422,2014-05-09T00:00:00.000+05:30,9502,CANCELED
46453,2014-05-09T00:00:00.000+05:30,9244,CANCELED
46493,2014-05-09T00:00:00.000+05:30,947,CANCELED
46531,2014-05-09T00:00:00.000+05:30,11295,CANCELED
46539,2014-05-09T00:00:00.000+05:30,5710,CANCELED
46549,2014-05-09T00:00:00.000+05:30,7989,CANCELED
46558,2014-05-09T00:00:00.000+05:30,8706,CANCELED
46594,2014-05-10T00:00:00.000+05:30,1136,CANCELED
46666,2014-05-10T00:00:00.000+05:30,7990,CANCELED
46682,2014-05-10T00:00:00.000+05:30,5065,CANCELED
46709,2014-05-10T00:00:00.000+05:30,9533,CANCELED
46716,2014-05-10T00:00:00.000+05:30,2605,CANCELED
46864,2014-05-11T00:00:00.000+05:30,3066,CANCELED
46883,2014-05-11T00:00:00.000+05:30,8723,CANCELED
46889,2014-05-11T00:00:00.000+05:30,2896,CANCELED
46893,2014-05-11T00:00:00.000+05:30,3105,CANCELED
46899,2014-05-11T00:00:00.000+05:30,10252,CANCELED
46956,2014-05-12T00:00:00.000+05:30,9208,CANCELED
46991,2014-05-12T00:00:00.000+05:30,2823,CANCELED
47055,2014-05-12T00:00:00.000+05:30,2268,CANCELED
47182,2014-05-13T00:00:00.000+05:30,554,CANCELED
47208,2014-05-13T00:00:00.000+05:30,9352,CANCELED
47314,2014-05-13T00:00:00.000+05:30,10274,CANCELED
47336,2014-05-14T00:00:00.000+05:30,7713,CANCELED
47389,2014-05-14T00:00:00.000+05:30,3547,CANCELED
47497,2014-05-15T00:00:00.000+05:30,8008,CANCELED
47513,2014-05-15T00:00:00.000+05:30,11868,CANCELED
47571,2014-05-15T00:00:00.000+05:30,8203,CANCELED
47666,2014-05-16T00:00:00.000+05:30,5597,CANCELED
47679,2014-05-16T00:00:00.000+05:30,172,CANCELED
47686,2014-05-16T00:00:00.000+05:30,10591,CANCELED
47743,2014-05-16T00:00:00.000+05:30,11012,CANCELED
47782,2014-05-16T00:00:00.000+05:30,5350,CANCELED
47810,2014-05-16T00:00:00.000+05:30,4633,CANCELED
47955,2014-05-18T00:00:00.000+05:30,6184,CANCELED
47979,2014-05-18T00:00:00.000+05:30,1627,CANCELED
48006,2014-05-18T00:00:00.000+05:30,8221,CANCELED
48023,2014-05-18T00:00:00.000+05:30,6359,CANCELED
48055,2014-05-18T00:00:00.000+05:30,8982,CANCELED
48062,2014-05-18T00:00:00.000+05:30,3044,CANCELED
48091,2014-05-18T00:00:00.000+05:30,10142,CANCELED
48101,2014-05-19T00:00:00.000+05:30,9202,CANCELED
48162,2014-05-19T00:00:00.000+05:30,6395,CANCELED
48193,2014-05-20T00:00:00.000+05:30,3471,CANCELED
48220,2014-05-20T00:00:00.000+05:30,7282,CANCELED
48224,2014-05-20T00:00:00.000+05:30,2095,CANCELED
48235,2014-05-20T00:00:00.000+05:30,2428,CANCELED
48427,2014-05-21T00:00:00.000+05:30,7462,CANCELED
48435,2014-05-21T00:00:00.000+05:30,2447,CANCELED
48552,2014-05-22T00:00:00.000+05:30,4585,CANCELED
48748,2014-05-24T00:00:00.000+05:30,375,CANCELED
48876,2014-05-24T00:00:00.000+05:30,12155,CANCELED
48917,2014-05-25T00:00:00.000+05:30,1548,CANCELED
48954,2014-05-25T00:00:00.000+05:30,5674,CANCELED
48978,2014-05-25T00:00:00.000+05:30,4429,CANCELED
48985,2014-05-25T00:00:00.000+05:30,9087,CANCELED
49010,2014-05-26T00:00:00.000+05:30,3179,CANCELED
49014,2014-05-26T00:00:00.000+05:30,3705,CANCELED
49055,2014-05-26T00:00:00.000+05:30,12139,CANCELED
49085,2014-05-26T00:00:00.000+05:30,7761,CANCELED
49158,2014-05-27T00:00:00.000+05:30,10158,CANCELED
49196,2014-05-28T00:00:00.000+05:30,10473,CANCELED
49229,2014-05-28T00:00:00.000+05:30,910,CANCELED
49230,2014-05-28T00:00:00.000+05:30,2334,CANCELED
49232,2014-05-28T00:00:00.000+05:30,8984,CANCELED
49243,2014-05-28T00:00:00.000+05:30,273,CANCELED
49281,2014-05-28T00:00:00.000+05:30,8729,CANCELED
49295,2014-05-28T00:00:00.000+05:30,5211,CANCELED
49454,2014-05-29T00:00:00.000+05:30,2498,CANCELED
49531,2014-05-30T00:00:00.000+05:30,2173,CANCELED
49578,2014-05-30T00:00:00.000+05:30,10802,CANCELED
49593,2014-05-30T00:00:00.000+05:30,7663,CANCELED
49625,2014-05-31T00:00:00.000+05:30,10662,CANCELED
49666,2014-05-31T00:00:00.000+05:30,7838,CANCELED
49675,2014-05-31T00:00:00.000+05:30,1760,CANCELED
49724,2014-05-31T00:00:00.000+05:30,9739,CANCELED
49744,2014-06-01T00:00:00.000+05:30,6692,CANCELED
49751,2014-06-01T00:00:00.000+05:30,6410,CANCELED
49766,2014-06-01T00:00:00.000+05:30,5128,CANCELED
49816,2014-06-01T00:00:00.000+05:30,11738,CANCELED
49821,2014-06-01T00:00:00.000+05:30,7343,CANCELED
49846,2014-06-01T00:00:00.000+05:30,5561,CANCELED
49968,2014-06-02T00:00:00.000+05:30,9522,CANCELED
49984,2014-06-02T00:00:00.000+05:30,3664,CANCELED
49990,2014-06-02T00:00:00.000+05:30,2998,CANCELED
50002,2014-06-02T00:00:00.000+05:30,8037,CANCELED
50026,2014-06-02T00:00:00.000+05:30,5976,CANCELED
50044,2014-06-02T00:00:00.000+05:30,5232,CANCELED
50109,2014-06-03T00:00:00.000+05:30,9451,CANCELED
50113,2014-06-03T00:00:00.000+05:30,9115,CANCELED
50187,2014-06-04T00:00:00.000+05:30,10947,CANCELED
50276,2014-06-05T00:00:00.000+05:30,5102,CANCELED
50311,2014-06-05T00:00:00.000+05:30,3165,CANCELED
50356,2014-06-06T00:00:00.000+05:30,1870,CANCELED
50429,2014-06-06T00:00:00.000+05:30,8289,CANCELED
50456,2014-06-06T00:00:00.000+05:30,9400,CANCELED
50540,2014-06-07T00:00:00.000+05:30,6416,CANCELED
50605,2014-06-07T00:00:00.000+05:30,5579,CANCELED
50713,2014-06-08T00:00:00.000+05:30,2577,CANCELED
50849,2014-06-08T00:00:00.000+05:30,3673,CANCELED
50997,2014-06-09T00:00:00.000+05:30,8728,CANCELED
51024,2014-06-09T00:00:00.000+05:30,859,CANCELED
51137,2014-06-10T00:00:00.000+05:30,2717,CANCELED
51168,2014-06-10T00:00:00.000+05:30,8050,CANCELED
51177,2014-06-10T00:00:00.000+05:30,9763,CANCELED
51283,2014-06-11T00:00:00.000+05:30,4122,CANCELED
51300,2014-06-12T00:00:00.000+05:30,853,CANCELED
51358,2014-06-12T00:00:00.000+05:30,7975,CANCELED
51492,2014-06-13T00:00:00.000+05:30,11655,CANCELED
51518,2014-06-13T00:00:00.000+05:30,7335,CANCELED
51639,2014-06-14T00:00:00.000+05:30,1152,CANCELED
51640,2014-06-14T00:00:00.000+05:30,5002,CANCELED
51652,2014-06-14T00:00:00.000+05:30,7439,CANCELED
51733,2014-06-14T00:00:00.000+05:30,4078,CANCELED
51891,2014-06-15T00:00:00.000+05:30,927,CANCELED
52008,2014-06-16T00:00:00.000+05:30,10774,CANCELED
52037,2014-06-16T00:00:00.000+05:30,12261,CANCELED
52067,2014-06-16T00:00:00.000+05:30,10861,CANCELED
52098,2014-06-16T00:00:00.000+05:30,8914,CANCELED
52165,2014-06-17T00:00:00.000+05:30,2853,CANCELED
52202,2014-06-17T00:00:00.000+05:30,794,CANCELED
52236,2014-06-17T00:00:00.000+05:30,8605,CANCELED
52241,2014-06-17T00:00:00.000+05:30,7232,CANCELED
52259,2014-06-17T00:00:00.000+05:30,2216,CANCELED
52347,2014-06-18T00:00:00.000+05:30,10246,CANCELED
52361,2014-06-18T00:00:00.000+05:30,11376,CANCELED
52412,2014-06-19T00:00:00.000+05:30,4233,CANCELED
52463,2014-06-19T00:00:00.000+05:30,7525,CANCELED
52470,2014-06-19T00:00:00.000+05:30,4538,CANCELED
52501,2014-06-19T00:00:00.000+05:30,2893,CANCELED
52525,2014-06-19T00:00:00.000+05:30,2922,CANCELED
52618,2014-06-19T00:00:00.000+05:30,12222,CANCELED
52622,2014-06-19T00:00:00.000+05:30,1725,CANCELED
52660,2014-06-20T00:00:00.000+05:30,7981,CANCELED
52754,2014-06-21T00:00:00.000+05:30,8871,CANCELED
52783,2014-06-21T00:00:00.000+05:30,1962,CANCELED
52820,2014-06-22T00:00:00.000+05:30,10487,CANCELED
52953,2014-06-23T00:00:00.000+05:30,950,CANCELED
53016,2014-06-24T00:00:00.000+05:30,10131,CANCELED
53024,2014-06-24T00:00:00.000+05:30,7471,CANCELED
53086,2014-06-24T00:00:00.000+05:30,7434,CANCELED
53092,2014-06-24T00:00:00.000+05:30,2374,CANCELED
53178,2014-06-25T00:00:00.000+05:30,941,CANCELED
53219,2014-06-25T00:00:00.000+05:30,1089,CANCELED
53235,2014-06-25T00:00:00.000+05:30,6932,CANCELED
53261,2014-06-25T00:00:00.000+05:30,4392,CANCELED
53327,2014-06-25T00:00:00.000+05:30,7078,CANCELED
53430,2014-06-26T00:00:00.000+05:30,2137,CANCELED
53474,2014-06-27T00:00:00.000+05:30,4550,CANCELED
53478,2014-06-27T00:00:00.000+05:30,3149,CANCELED
53521,2014-06-27T00:00:00.000+05:30,11386,CANCELED
53535,2014-06-27T00:00:00.000+05:30,6473,CANCELED
53549,2014-06-27T00:00:00.000+05:30,2729,CANCELED
53581,2014-06-27T00:00:00.000+05:30,2790,CANCELED
53627,2014-06-27T00:00:00.000+05:30,11561,CANCELED
53677,2014-06-27T00:00:00.000+05:30,1351,CANCELED
53715,2014-06-28T00:00:00.000+05:30,1397,CANCELED
53800,2014-06-29T00:00:00.000+05:30,11278,CANCELED
53976,2014-06-30T00:00:00.000+05:30,714,CANCELED
53983,2014-06-30T00:00:00.000+05:30,11572,CANCELED
54014,2014-07-01T00:00:00.000+05:30,3666,CANCELED
54088,2014-07-01T00:00:00.000+05:30,3921,CANCELED
54115,2014-07-01T00:00:00.000+05:30,5137,CANCELED
54125,2014-07-01T00:00:00.000+05:30,9242,CANCELED
54150,2014-07-01T00:00:00.000+05:30,1720,CANCELED
54290,2014-07-03T00:00:00.000+05:30,12424,CANCELED
54297,2014-07-03T00:00:00.000+05:30,5544,CANCELED
54430,2014-07-03T00:00:00.000+05:30,3714,CANCELED
54472,2014-07-04T00:00:00.000+05:30,1665,CANCELED
54474,2014-07-04T00:00:00.000+05:30,9280,CANCELED
54476,2014-07-04T00:00:00.000+05:30,3499,CANCELED
54485,2014-07-04T00:00:00.000+05:30,6526,CANCELED
54497,2014-07-04T00:00:00.000+05:30,2494,CANCELED
54498,2014-07-04T00:00:00.000+05:30,6731,CANCELED
54536,2014-07-04T00:00:00.000+05:30,1898,CANCELED
54558,2014-07-05T00:00:00.000+05:30,2879,CANCELED
54655,2014-07-05T00:00:00.000+05:30,10444,CANCELED
54662,2014-07-05T00:00:00.000+05:30,931,CANCELED
54778,2014-07-06T00:00:00.000+05:30,10055,CANCELED
54849,2014-07-07T00:00:00.000+05:30,1802,CANCELED
54851,2014-07-07T00:00:00.000+05:30,2012,CANCELED
54875,2014-07-07T00:00:00.000+05:30,783,CANCELED
54900,2014-07-07T00:00:00.000+05:30,10869,CANCELED
54913,2014-07-07T00:00:00.000+05:30,9963,CANCELED
54929,2014-07-07T00:00:00.000+05:30,6683,CANCELED
54996,2014-07-08T00:00:00.000+05:30,3753,CANCELED
55000,2014-07-08T00:00:00.000+05:30,9897,CANCELED
55012,2014-07-08T00:00:00.000+05:30,2157,CANCELED
55020,2014-07-08T00:00:00.000+05:30,5260,CANCELED
55115,2014-07-08T00:00:00.000+05:30,5534,CANCELED
55160,2014-07-08T00:00:00.000+05:30,9763,CANCELED
55201,2014-07-09T00:00:00.000+05:30,11198,CANCELED
55242,2014-07-09T00:00:00.000+05:30,655,CANCELED
55290,2014-07-09T00:00:00.000+05:30,7633,CANCELED
55314,2014-07-10T00:00:00.000+05:30,8878,CANCELED
55505,2014-07-11T00:00:00.000+05:30,8271,CANCELED
55519,2014-07-11T00:00:00.000+05:30,12004,CANCELED
55536,2014-07-11T00:00:00.000+05:30,772,CANCELED
55656,2014-07-12T00:00:00.000+05:30,2815,CANCELED
55675,2014-07-12T00:00:00.000+05:30,4814,CANCELED
55735,2014-07-12T00:00:00.000+05:30,12107,CANCELED
55752,2014-07-13T00:00:00.000+05:30,2074,CANCELED
55895,2014-07-13T00:00:00.000+05:30,9480,CANCELED
55903,2014-07-13T00:00:00.000+05:30,5294,CANCELED
55920,2014-07-14T00:00:00.000+05:30,764,CANCELED
55932,2014-07-14T00:00:00.000+05:30,9170,CANCELED
55935,2014-07-14T00:00:00.000+05:30,11776,CANCELED
55963,2014-07-14T00:00:00.000+05:30,3125,CANCELED
55994,2014-07-14T00:00:00.000+05:30,7161,CANCELED
56120,2014-07-15T00:00:00.000+05:30,10854,CANCELED
56210,2014-07-15T00:00:00.000+05:30,6825,CANCELED
56284,2014-07-15T00:00:00.000+05:30,12081,CANCELED
56327,2014-07-16T00:00:00.000+05:30,2792,CANCELED
56374,2014-07-16T00:00:00.000+05:30,2668,CANCELED
56390,2014-07-16T00:00:00.000+05:30,9161,CANCELED
56434,2014-07-17T00:00:00.000+05:30,11616,CANCELED
56476,2014-07-17T00:00:00.000+05:30,9698,CANCELED
56544,2014-07-18T00:00:00.000+05:30,6409,CANCELED
56555,2014-07-18T00:00:00.000+05:30,4489,CANCELED
56667,2014-07-18T00:00:00.000+05:30,11626,CANCELED
56812,2014-07-19T00:00:00.000+05:30,390,CANCELED
56904,2014-07-19T00:00:00.000+05:30,11800,CANCELED
56933,2014-07-20T00:00:00.000+05:30,486,CANCELED
56938,2014-07-20T00:00:00.000+05:30,5728,CANCELED
57016,2014-07-20T00:00:00.000+05:30,10621,CANCELED
57104,2014-07-20T00:00:00.000+05:30,4997,CANCELED
57108,2014-07-20T00:00:00.000+05:30,12002,CANCELED
57193,2014-07-21T00:00:00.000+05:30,2038,CANCELED
57204,2014-07-21T00:00:00.000+05:30,10973,CANCELED
57276,2014-07-21T00:00:00.000+05:30,6032,CANCELED
57327,2014-07-21T00:00:00.000+05:30,5879,CANCELED
57382,2014-07-22T00:00:00.000+05:30,6314,CANCELED
57422,2014-07-22T00:00:00.000+05:30,4757,CANCELED
57427,2014-07-22T00:00:00.000+05:30,5464,CANCELED
57433,2014-07-22T00:00:00.000+05:30,1417,CANCELED
57479,2014-07-23T00:00:00.000+05:30,1756,CANCELED
57522,2014-07-23T00:00:00.000+05:30,9764,CANCELED
57546,2014-07-23T00:00:00.000+05:30,553,CANCELED
57560,2014-07-23T00:00:00.000+05:30,9732,CANCELED
57568,2014-07-23T00:00:00.000+05:30,2194,CANCELED
57573,2014-07-23T00:00:00.000+05:30,1024,CANCELED
57638,2014-07-24T00:00:00.000+05:30,8905,CANCELED
57672,2014-07-24T00:00:00.000+05:30,10855,CANCELED
57799,2013-07-26T00:00:00.000+05:30,7499,CANCELED
57892,2013-07-29T00:00:00.000+05:30,8660,CANCELED
58133,2013-08-09T00:00:00.000+05:30,6144,CANCELED
58138,2013-08-09T00:00:00.000+05:30,5103,CANCELED
58145,2013-08-09T00:00:00.000+05:30,8649,CANCELED
58233,2013-08-12T00:00:00.000+05:30,7190,CANCELED
58238,2013-08-12T00:00:00.000+05:30,260,CANCELED
58273,2013-08-14T00:00:00.000+05:30,1735,CANCELED
58338,2013-08-17T00:00:00.000+05:30,6108,CANCELED
58408,2013-08-19T00:00:00.000+05:30,1819,CANCELED
58414,2013-08-20T00:00:00.000+05:30,8865,CANCELED
58415,2013-08-20T00:00:00.000+05:30,7930,CANCELED
58427,2013-08-20T00:00:00.000+05:30,2094,CANCELED
58480,2013-08-22T00:00:00.000+05:30,6417,CANCELED
58511,2013-08-23T00:00:00.000+05:30,4979,CANCELED
58571,2013-08-25T00:00:00.000+05:30,8209,CANCELED
58585,2013-08-25T00:00:00.000+05:30,1379,CANCELED
58715,2013-08-31T00:00:00.000+05:30,11766,CANCELED
58761,2013-09-01T00:00:00.000+05:30,12406,CANCELED
58780,2013-09-02T00:00:00.000+05:30,7741,CANCELED
58874,2013-09-06T00:00:00.000+05:30,489,CANCELED
58966,2013-09-09T00:00:00.000+05:30,5175,CANCELED
59045,2013-09-14T00:00:00.000+05:30,6345,CANCELED
59072,2013-09-15T00:00:00.000+05:30,5884,CANCELED
59079,2013-09-15T00:00:00.000+05:30,3071,CANCELED
59100,2013-09-16T00:00:00.000+05:30,1529,CANCELED
59110,2013-09-16T00:00:00.000+05:30,8425,CANCELED
59112,2013-09-16T00:00:00.000+05:30,7316,CANCELED
59135,2013-09-16T00:00:00.000+05:30,11985,CANCELED
59137,2013-09-16T00:00:00.000+05:30,834,CANCELED
59215,2013-09-21T00:00:00.000+05:30,1506,CANCELED
59290,2013-09-24T00:00:00.000+05:30,1079,CANCELED
59360,2013-09-26T00:00:00.000+05:30,4912,CANCELED
59363,2013-09-26T00:00:00.000+05:30,4266,CANCELED
59435,2013-09-29T00:00:00.000+05:30,10754,CANCELED
59507,2013-10-01T00:00:00.000+05:30,9597,CANCELED
59512,2013-10-01T00:00:00.000+05:30,374,CANCELED
59546,2013-10-02T00:00:00.000+05:30,6752,CANCELED
59576,2013-10-03T00:00:00.000+05:30,4213,CANCELED
59604,2013-10-04T00:00:00.000+05:30,10516,CANCELED
59621,2013-10-05T00:00:00.000+05:30,10906,CANCELED
59655,2013-10-06T00:00:00.000+05:30,801,CANCELED
59683,2013-10-08T00:00:00.000+05:30,7366,CANCELED
59713,2013-10-10T00:00:00.000+05:30,9998,CANCELED
59738,2013-10-11T00:00:00.000+05:30,11714,CANCELED
59806,2013-10-13T00:00:00.000+05:30,4939,CANCELED
59875,2013-10-16T00:00:00.000+05:30,7537,CANCELED
59881,2013-10-16T00:00:00.000+05:30,2299,CANCELED
59913,2013-10-17T00:00:00.000+05:30,6003,CANCELED
59914,2013-10-17T00:00:00.000+05:30,8715,CANCELED
60092,2013-10-24T00:00:00.000+05:30,3231,CANCELED
60190,2013-10-29T00:00:00.000+05:30,7133,CANCELED
60203,2013-10-29T00:00:00.000+05:30,1844,CANCELED
60220,2013-10-30T00:00:00.000+05:30,9083,CANCELED
60235,2013-10-30T00:00:00.000+05:30,7835,CANCELED
60283,2013-11-01T00:00:00.000+05:30,11960,CANCELED
60315,2013-11-02T00:00:00.000+05:30,8509,CANCELED
60321,2013-11-02T00:00:00.000+05:30,6953,CANCELED
60370,2013-11-03T00:00:00.000+05:30,2406,CANCELED
60527,2013-11-10T00:00:00.000+05:30,4455,CANCELED
60547,2013-11-11T00:00:00.000+05:30,10366,CANCELED
60711,2013-11-18T00:00:00.000+05:30,3669,CANCELED
60728,2013-11-19T00:00:00.000+05:30,11712,CANCELED
60759,2013-11-19T00:00:00.000+05:30,8257,CANCELED
60951,2013-11-25T00:00:00.000+05:30,8930,CANCELED
60985,2013-11-26T00:00:00.000+05:30,3698,CANCELED
61015,2013-11-27T00:00:00.000+05:30,9667,CANCELED
61056,2013-11-28T00:00:00.000+05:30,9513,CANCELED
61061,2013-11-28T00:00:00.000+05:30,6803,CANCELED
61069,2013-11-29T00:00:00.000+05:30,8411,CANCELED
61074,2013-11-29T00:00:00.000+05:30,5264,CANCELED
61101,2013-12-01T00:00:00.000+05:30,10094,CANCELED
61193,2013-12-04T00:00:00.000+05:30,10279,CANCELED
61435,2013-12-14T00:00:00.000+05:30,956,CANCELED
61474,2013-12-15T00:00:00.000+05:30,10506,CANCELED
61533,2013-12-17T00:00:00.000+05:30,1911,CANCELED
61554,2013-12-18T00:00:00.000+05:30,1159,CANCELED
61566,2013-12-18T00:00:00.000+05:30,11557,CANCELED
61572,2013-12-18T00:00:00.000+05:30,1347,CANCELED
61629,2013-12-21T00:00:00.000+05:30,12435,CANCELED
61692,2013-12-22T00:00:00.000+05:30,2307,CANCELED
61711,2013-12-23T00:00:00.000+05:30,450,CANCELED
61775,2013-12-26T00:00:00.000+05:30,6684,CANCELED
61785,2013-12-26T00:00:00.000+05:30,3424,CANCELED
61839,2013-12-28T00:00:00.000+05:30,3301,CANCELED
61872,2013-12-30T00:00:00.000+05:30,6261,CANCELED
61952,2014-01-03T00:00:00.000+05:30,4529,CANCELED
61978,2014-01-04T00:00:00.000+05:30,10992,CANCELED
62000,2014-01-05T00:00:00.000+05:30,11983,CANCELED
62029,2014-01-06T00:00:00.000+05:30,8149,CANCELED
62047,2014-01-06T00:00:00.000+05:30,2143,CANCELED
62148,2014-01-10T00:00:00.000+05:30,3466,CANCELED
62175,2014-01-10T00:00:00.000+05:30,9062,CANCELED
62338,2014-01-18T00:00:00.000+05:30,10430,CANCELED
62509,2014-01-23T00:00:00.000+05:30,4816,CANCELED
62546,2014-01-24T00:00:00.000+05:30,1893,CANCELED
62566,2014-01-24T00:00:00.000+05:30,4849,CANCELED
62610,2014-01-26T00:00:00.000+05:30,9527,CANCELED
62618,2014-01-26T00:00:00.000+05:30,10688,CANCELED
62680,2014-01-28T00:00:00.000+05:30,1912,CANCELED
62744,2014-01-30T00:00:00.000+05:30,4249,CANCELED
62747,2014-01-30T00:00:00.000+05:30,5747,CANCELED
62786,2014-02-01T00:00:00.000+05:30,4909,CANCELED
62810,2014-02-02T00:00:00.000+05:30,374,CANCELED
62840,2014-02-04T00:00:00.000+05:30,9906,CANCELED
62842,2014-02-04T00:00:00.000+05:30,5501,CANCELED
62858,2014-02-04T00:00:00.000+05:30,9374,CANCELED
62931,2014-02-07T00:00:00.000+05:30,8253,CANCELED
62939,2014-02-07T00:00:00.000+05:30,4401,CANCELED
62955,2014-02-08T00:00:00.000+05:30,3476,CANCELED
62999,2014-02-09T00:00:00.000+05:30,7401,CANCELED
63065,2014-02-11T00:00:00.000+05:30,2705,CANCELED
63155,2014-02-14T00:00:00.000+05:30,5964,CANCELED
63220,2014-02-15T00:00:00.000+05:30,3071,CANCELED
63264,2014-02-19T00:00:00.000+05:30,6386,CANCELED
63285,2014-02-19T00:00:00.000+05:30,845,CANCELED
63316,2014-02-21T00:00:00.000+05:30,4369,CANCELED
63363,2014-02-22T00:00:00.000+05:30,588,CANCELED
63406,2014-02-23T00:00:00.000+05:30,3162,CANCELED
63409,2014-02-24T00:00:00.000+05:30,10432,CANCELED
63466,2014-02-26T00:00:00.000+05:30,1460,CANCELED
63474,2014-02-26T00:00:00.000+05:30,1212,CANCELED
63528,2014-03-01T00:00:00.000+05:30,11378,CANCELED
63631,2014-03-04T00:00:00.000+05:30,8179,CANCELED
63745,2014-03-10T00:00:00.000+05:30,8088,CANCELED
63824,2014-03-13T00:00:00.000+05:30,9544,CANCELED
63825,2014-03-14T00:00:00.000+05:30,4245,CANCELED
63910,2014-03-17T00:00:00.000+05:30,9048,CANCELED
63978,2014-03-19T00:00:00.000+05:30,410,CANCELED
64003,2014-03-20T00:00:00.000+05:30,11946,CANCELED
64079,2014-03-23T00:00:00.000+05:30,3032,CANCELED
64094,2014-03-24T00:00:00.000+05:30,2025,CANCELED
64154,2014-03-26T00:00:00.000+05:30,4335,CANCELED
64232,2014-03-29T00:00:00.000+05:30,6199,CANCELED
64240,2014-03-30T00:00:00.000+05:30,6547,CANCELED
64274,2014-04-01T00:00:00.000+05:30,12019,CANCELED
64395,2014-04-06T00:00:00.000+05:30,6313,CANCELED
64464,2014-04-07T00:00:00.000+05:30,1881,CANCELED
64473,2014-04-08T00:00:00.000+05:30,5951,CANCELED
64517,2014-04-09T00:00:00.000+05:30,10595,CANCELED
64525,2014-04-09T00:00:00.000+05:30,7732,CANCELED
64607,2014-04-12T00:00:00.000+05:30,1164,CANCELED
64626,2014-04-13T00:00:00.000+05:30,6755,CANCELED
64686,2014-04-15T00:00:00.000+05:30,4759,CANCELED
64718,2014-04-16T00:00:00.000+05:30,10242,CANCELED
64781,2014-04-19T00:00:00.000+05:30,1822,CANCELED
64923,2014-04-24T00:00:00.000+05:30,2154,CANCELED
65161,2014-05-03T00:00:00.000+05:30,1648,CANCELED
65195,2014-05-04T00:00:00.000+05:30,8621,CANCELED
65282,2014-05-07T00:00:00.000+05:30,9963,CANCELED
65323,2014-05-09T00:00:00.000+05:30,9265,CANCELED
65326,2014-05-09T00:00:00.000+05:30,11731,CANCELED
65389,2014-05-11T00:00:00.000+05:30,7013,CANCELED
65436,2014-05-12T00:00:00.000+05:30,5343,CANCELED
65439,2014-05-12T00:00:00.000+05:30,394,CANCELED
65535,2014-05-16T00:00:00.000+05:30,5230,CANCELED
65552,2014-05-17T00:00:00.000+05:30,4966,CANCELED
65597,2014-05-19T00:00:00.000+05:30,7388,CANCELED
65634,2014-05-20T00:00:00.000+05:30,9890,CANCELED
65646,2014-05-21T00:00:00.000+05:30,2701,CANCELED
65672,2014-05-22T00:00:00.000+05:30,4921,CANCELED
65772,2014-05-26T00:00:00.000+05:30,5542,CANCELED
65782,2014-05-26T00:00:00.000+05:30,7401,CANCELED
65844,2014-05-29T00:00:00.000+05:30,11519,CANCELED
65880,2014-06-01T00:00:00.000+05:30,9860,CANCELED
65885,2014-06-01T00:00:00.000+05:30,7576,CANCELED
65900,2014-06-02T00:00:00.000+05:30,9541,CANCELED
66096,2014-06-07T00:00:00.000+05:30,2252,CANCELED
66222,2014-06-11T00:00:00.000+05:30,7469,CANCELED
66227,2014-06-11T00:00:00.000+05:30,10740,CANCELED
66230,2014-06-11T00:00:00.000+05:30,1101,CANCELED
66266,2014-06-13T00:00:00.000+05:30,6721,CANCELED
66270,2014-06-13T00:00:00.000+05:30,8394,CANCELED
66271,2014-06-13T00:00:00.000+05:30,6893,CANCELED
66370,2014-06-17T00:00:00.000+05:30,8905,CANCELED
66592,2014-06-24T00:00:00.000+05:30,3529,CANCELED
66715,2014-06-29T00:00:00.000+05:30,10353,CANCELED
66764,2014-06-30T00:00:00.000+05:30,10577,CANCELED
66777,2014-06-30T00:00:00.000+05:30,1599,CANCELED
66793,2014-07-01T00:00:00.000+05:30,5308,CANCELED
66909,2014-07-06T00:00:00.000+05:30,5711,CANCELED
66926,2014-07-06T00:00:00.000+05:30,4462,CANCELED
66937,2014-07-07T00:00:00.000+05:30,94,CANCELED
66958,2014-07-07T00:00:00.000+05:30,467,CANCELED
66959,2014-07-07T00:00:00.000+05:30,2048,CANCELED
66967,2014-07-07T00:00:00.000+05:30,11154,CANCELED
66986,2014-07-09T00:00:00.000+05:30,5148,CANCELED
67098,2014-07-14T00:00:00.000+05:30,3248,CANCELED
67115,2014-07-15T00:00:00.000+05:30,8822,CANCELED
67137,2014-07-15T00:00:00.000+05:30,5167,CANCELED
67178,2014-07-16T00:00:00.000+05:30,4761,CANCELED
67215,2014-07-17T00:00:00.000+05:30,10353,CANCELED
67232,2014-07-18T00:00:00.000+05:30,5944,CANCELED
67248,2014-07-19T00:00:00.000+05:30,3674,CANCELED
67315,2014-07-21T00:00:00.000+05:30,4776,CANCELED
67334,2014-07-22T00:00:00.000+05:30,898,CANCELED
67353,2014-07-23T00:00:00.000+05:30,2546,CANCELED
67366,2014-07-23T00:00:00.000+05:30,547,CANCELED
67375,2014-07-23T00:00:00.000+05:30,1815,CANCELED
67380,2014-07-23T00:00:00.000+05:30,8841,CANCELED
67390,2014-07-23T00:00:00.000+05:30,6958,CANCELED
67417,2013-07-26T00:00:00.000+05:30,3055,CANCELED
67490,2013-08-14T00:00:00.000+05:30,5196,CANCELED
67556,2013-08-30T00:00:00.000+05:30,11199,CANCELED
67605,2013-09-11T00:00:00.000+05:30,1352,CANCELED
67608,2013-09-11T00:00:00.000+05:30,1459,CANCELED
67636,2013-09-20T00:00:00.000+05:30,6032,CANCELED
67740,2013-10-25T00:00:00.000+05:30,732,CANCELED
67746,2013-10-27T00:00:00.000+05:30,2815,CANCELED
67964,2013-12-29T00:00:00.000+05:30,9701,CANCELED
67969,2013-12-30T00:00:00.000+05:30,6904,CANCELED
68059,2014-01-25T00:00:00.000+05:30,1102,CANCELED
68079,2014-01-31T00:00:00.000+05:30,5142,CANCELED
68154,2014-02-18T00:00:00.000+05:30,2120,CANCELED
68191,2014-02-28T00:00:00.000+05:30,9012,CANCELED
68231,2014-03-13T00:00:00.000+05:30,1668,CANCELED
68422,2014-05-05T00:00:00.000+05:30,3870,CANCELED
68426,2014-05-07T00:00:00.000+05:30,11361,CANCELED
68437,2014-05-11T00:00:00.000+05:30,3413,CANCELED
68444,2014-05-12T00:00:00.000+05:30,3399,CANCELED
68454,2014-05-15T00:00:00.000+05:30,9297,CANCELED
68467,2014-05-18T00:00:00.000+05:30,5214,CANCELED
68516,2014-06-03T00:00:00.000+05:30,5372,CANCELED
68528,2014-06-06T00:00:00.000+05:30,10183,CANCELED
68557,2014-06-14T00:00:00.000+05:30,10109,CANCELED
68571,2014-06-19T00:00:00.000+05:30,2796,CANCELED
68743,2013-11-01T00:00:00.000+05:30,2751,CANCELED
68754,2013-11-16T00:00:00.000+05:30,2424,CANCELED
68767,2013-12-11T00:00:00.000+05:30,6671,CANCELED
68792,2014-01-28T00:00:00.000+05:30,9809,CANCELED
68816,2014-03-26T00:00:00.000+05:30,8769,CANCELED
68867,2014-06-23T00:00:00.000+05:30,869,CANCELED
